# Blender 4.2.1 LTS
# www.blender.org
mtllib flag.mtl
o 平面
v 0.276023 1.843357 -0.000000
v 2.276023 1.843357 -0.000000
v 0.276023 5.995918 -0.000000
v 2.276023 5.995918 -0.000000
vn -0.0000 -0.0000 1.0000
vt 0.946432 0.053568
vt 0.493880 0.506120
vt 0.493880 0.053568
vt 0.946432 0.506120
s 0
usemtl マテリアル
f 2/1/1 3/2/1 1/3/1
f 2/1/1 4/4/1 3/2/1
o 平面.001
v 0.000000 -0.088031 -0.142264
v 0.000000 6.025996 -0.142264
v 0.027754 -0.088031 -0.139530
v -0.027754 6.025996 -0.139530
v -0.027754 -0.088031 -0.139530
v -0.054442 -0.088031 -0.131435
v -0.054442 6.025996 -0.131435
v 0.027754 -0.088031 0.139530
v -0.139531 -0.088031 0.027754
v 0.079038 -0.088031 -0.118288
v -0.118288 -0.088031 -0.079038
v 0.139531 -0.088031 -0.027754
v -0.079038 -0.088031 -0.118288
v -0.100596 -0.088031 -0.100596
v -0.100596 6.025996 -0.100596
v -0.079038 6.025996 -0.118288
v -0.131435 6.025996 -0.054442
v -0.118288 6.025996 -0.079038
v -0.131435 -0.088031 -0.054442
v -0.131435 6.025996 0.054442
v 0.054442 6.025996 -0.131435
v -0.054442 6.025996 0.131435
v -0.142264 6.025996 -0.000000
v -0.139531 6.025996 -0.027754
v -0.139531 -0.088031 -0.027754
v -0.142264 -0.088031 0.000000
v -0.139531 6.025996 0.027754
v -0.054442 -0.088031 0.131435
v -0.079038 -0.088031 0.118288
v 0.131435 6.025996 0.054442
v -0.079038 6.025996 0.118288
v -0.100596 6.025996 0.100596
v 0.054442 6.025996 0.131435
v 0.000000 6.025996 0.142264
v -0.027754 6.025996 0.139530
v -0.027754 -0.088031 0.139530
v 0.000000 -0.088031 0.142264
v 0.027754 6.025996 0.139530
v 0.054442 -0.088031 0.131435
v 0.100596 6.025996 0.100596
v 0.079038 6.025996 0.118288
v 0.079038 -0.088031 0.118288
v 0.118288 -0.088031 0.079038
v 0.100596 -0.088031 0.100596
v 0.118288 6.025996 0.079038
v 0.131435 -0.088031 0.054442
v 0.139531 -0.088031 0.027754
v 0.142264 -0.088031 0.000000
v 0.142264 6.025996 -0.000000
v 0.139531 6.025996 0.027754
v 0.131435 6.025996 -0.054442
v 0.139531 6.025996 -0.027754
v 0.131435 -0.088031 -0.054442
v 0.100596 6.025996 -0.100596
v 0.118288 6.025996 -0.079038
v 0.118288 -0.088031 -0.079038
v 0.100596 -0.088031 -0.100596
v 0.079038 6.025996 -0.118288
v -0.100596 -0.088031 0.100596
v -0.118288 -0.088031 0.079038
v -0.118288 6.025996 0.079038
v -0.131435 -0.088031 0.054442
v 0.054442 -0.088031 -0.131435
v 0.027754 6.025996 -0.139530
vn -0.0980 -0.0000 -0.9952
vn 0.0980 -0.0000 -0.9952
vn -0.0000 -1.0000 -0.0000
vn -0.2903 -0.0000 -0.9569
vn -0.6344 -0.0000 -0.7730
vn -0.4714 -0.0000 -0.8819
vn -0.0000 1.0000 -0.0000
vn -0.0000 1.0000 0.0001
vn -0.7730 -0.0000 -0.6344
vn -0.8819 -0.0000 -0.4714
vn -0.9569 -0.0000 -0.2903
vn -0.9952 -0.0000 -0.0980
vn -0.9952 -0.0000 0.0980
vn -0.9569 -0.0000 0.2903
vn -0.2903 -0.0000 0.9569
vn -0.4714 -0.0000 0.8819
vn -0.0000 1.0000 -0.0001
vn -0.0980 -0.0000 0.9952
vn 0.0980 -0.0000 0.9952
vn 0.2903 -0.0000 0.9569
vn 0.4714 -0.0000 0.8819
vn 0.6344 -0.0000 0.7730
vn 0.7730 -0.0000 0.6344
vn 0.8819 -0.0000 0.4714
vn 0.9952 -0.0000 0.0980
vn 0.9569 -0.0000 0.2903
vn 0.9952 -0.0000 -0.0980
vn 0.9569 -0.0000 -0.2903
vn 0.8819 -0.0000 -0.4714
vn 0.7730 -0.0000 -0.6344
vn 0.6344 -0.0000 -0.7730
vn 0.4714 -0.0000 -0.8819
vn -0.6344 -0.0000 0.7730
vn -0.7730 -0.0000 0.6344
vn -0.8819 -0.0000 0.4714
vn 0.2903 -0.0000 -0.9569
vt 0.008013 0.823640
vt 0.000215 0.823640
vt 0.000215 0.000215
vt 0.249766 0.823640
vt 0.241968 0.000215
vt 0.249766 0.000215
vt 0.254701 0.833904
vt 0.251717 0.826699
vt 0.250196 0.819050
vt 0.008013 0.000215
vt 0.264548 0.845902
vt 0.259034 0.840388
vt 0.015812 0.823640
vt 0.015812 0.000215
vt 0.271032 0.780067
vt 0.324869 0.796398
vt 0.308538 0.850235
vt 0.278237 0.853219
vt 0.251717 0.803603
vt 0.271033 0.850235
vt 0.031409 0.823640
vt 0.023610 0.000215
vt 0.031409 0.000215
vt 0.023610 0.823640
vt 0.350641 0.780067
vt 0.357846 0.777083
vt 0.365495 0.775561
vt 0.380942 0.777083
vt 0.373293 0.775561
vt 0.039207 0.823640
vt 0.047006 0.823640
vt 0.039207 0.000215
vt 0.054804 0.823640
vt 0.047006 0.000215
vt 0.331326 0.803603
vt 0.404478 0.796398
vt 0.407462 0.826699
vt 0.394631 0.784400
vt 0.388147 0.780067
vt 0.062603 0.823640
vt 0.054804 0.000215
vt 0.293685 0.854741
vt 0.301333 0.853219
vt 0.062603 0.000215
vt 0.285886 0.854741
vt 0.070401 0.000215
vt 0.400145 0.789914
vt 0.070401 0.823640
vt 0.078199 0.823640
vt 0.117192 0.823640
vt 0.109393 0.823640
vt 0.109393 0.000215
vt 0.101595 0.000215
vt 0.101595 0.823640
vt 0.357846 0.853219
vt 0.388146 0.850235
vt 0.408983 0.811252
vt 0.408983 0.819050
vt 0.400145 0.840388
vt 0.404478 0.833904
vt 0.124990 0.823640
vt 0.117192 0.000215
vt 0.329375 0.811252
vt 0.327854 0.826699
vt 0.327853 0.803603
vt 0.124990 0.000215
vt 0.329375 0.819050
vt 0.132789 0.823640
vt 0.132789 0.000215
vt 0.394631 0.845902
vt 0.140587 0.823640
vt 0.148386 0.823640
vt 0.140587 0.000215
vt 0.373293 0.854741
vt 0.380942 0.853219
vt 0.156184 0.823640
vt 0.148386 0.000215
vt 0.301333 0.777083
vt 0.315022 0.784400
vt 0.308538 0.780067
vt 0.156184 0.000215
vt 0.320536 0.789914
vt 0.163983 0.823640
vt 0.163983 0.000215
vt 0.365494 0.854741
vt 0.171781 0.823640
vt 0.285886 0.775561
vt 0.293684 0.775561
vt 0.171781 0.000215
vt 0.278237 0.777083
vt 0.187378 0.823640
vt 0.179580 0.000215
vt 0.187378 0.000215
vt 0.179580 0.823640
vt 0.350641 0.850235
vt 0.344157 0.845902
vt 0.334310 0.833903
vt 0.338642 0.840388
vt 0.195177 0.000215
vt 0.195177 0.823640
vt 0.202975 0.823640
vt 0.210774 0.823640
vt 0.202975 0.000215
vt 0.329804 0.819050
vt 0.331326 0.826699
vt 0.218572 0.823640
vt 0.210774 0.000215
vt 0.259034 0.789914
vt 0.254701 0.796398
vt 0.218572 0.000215
vt 0.264548 0.784400
vt 0.226371 0.823640
vt 0.226371 0.000215
vt 0.329804 0.811252
vt 0.234169 0.823640
vt 0.093796 0.823640
vt 0.093797 0.000215
vt 0.085998 0.000215
vt 0.085998 0.823640
vt 0.407462 0.803603
vt 0.078200 0.000215
vt 0.320537 0.840388
vt 0.315022 0.845902
vt 0.324869 0.833903
vt 0.241968 0.823640
vt 0.234169 0.000215
vt 0.338643 0.789914
vt 0.334310 0.796398
vt 0.250196 0.811252
vt 0.344157 0.784400
s 0
usemtl マテリアル
f 8/5/2 6/6/2 5/7/2
f 6/8/3 7/9/3 5/10/3
f 9/11/4 5/12/4 7/13/4
f 8/5/2 5/7/2 9/14/2
f 17/15/4 10/16/4 9/11/4
f 11/17/5 9/14/5 10/18/5
f 11/17/5 8/5/5 9/14/5
f 9/11/4 16/19/4 12/20/4
f 12/20/4 13/21/4 9/11/4
f 13/21/4 15/22/4 9/11/4
f 9/11/4 14/23/4 16/19/4
f 9/11/4 7/13/4 14/23/4
f 15/22/4 17/15/4 9/11/4
f 15/22/4 18/24/4 17/15/4
f 19/25/6 17/26/6 18/27/6
f 19/25/6 20/28/6 17/26/6
f 20/28/7 10/18/7 17/26/7
f 11/29/8 20/30/8 19/31/8
f 20/28/7 11/17/7 10/18/7
f 11/29/9 19/31/9 21/32/9
f 19/31/8 22/33/8 21/32/8
f 22/34/10 19/25/10 18/27/10
f 21/35/11 22/34/11 15/36/11
f 22/34/10 18/27/10 15/36/10
f 28/37/12 21/35/12 23/38/12
f 21/35/11 15/36/11 23/38/11
f 25/39/8 11/29/8 21/32/8
f 21/32/8 24/40/8 26/41/8
f 21/32/8 27/42/8 24/40/8
f 25/39/8 21/32/8 26/41/8
f 21/32/8 28/43/8 27/42/8
f 27/44/13 28/37/13 29/45/13
f 28/37/12 23/38/12 29/45/12
f 13/21/4 29/46/4 15/22/4
f 13/21/4 30/47/4 29/46/4
f 27/44/13 29/45/13 30/48/13
f 29/46/4 23/49/4 15/22/4
f 13/50/14 27/44/14 30/48/14
f 27/42/8 31/51/8 24/40/8
f 13/50/14 31/52/14 27/44/14
f 24/53/15 31/52/15 13/50/15
f 39/54/16 26/55/16 32/56/16
f 26/55/17 33/57/17 32/56/17
f 26/55/17 35/58/17 33/57/17
f 26/41/8 34/59/8 25/39/8
f 26/41/8 37/60/8 34/59/8
f 36/61/8 35/62/8 26/41/8
f 24/40/18 36/61/18 26/41/18
f 26/41/8 38/63/8 37/60/8
f 26/41/8 39/64/8 38/63/8
f 38/65/19 39/54/19 40/66/19
f 39/54/16 32/56/16 40/66/16
f 12/20/4 40/67/4 33/68/4
f 12/20/4 41/69/4 40/67/4
f 38/65/19 40/66/19 41/70/19
f 40/67/4 32/71/4 33/68/4
f 42/72/20 41/70/20 12/73/20
f 42/72/20 38/65/20 41/70/20
f 38/63/8 42/74/8 37/60/8
f 37/75/21 42/72/21 12/73/21
f 45/76/22 37/75/22 43/77/22
f 37/75/21 12/73/21 43/77/21
f 37/60/18 44/78/18 34/59/18
f 37/60/8 45/79/8 44/78/8
f 44/80/23 45/76/23 46/81/23
f 45/76/22 43/77/22 46/81/22
f 47/82/4 46/83/4 12/20/4
f 47/82/4 48/84/4 46/83/4
f 44/80/23 46/81/23 48/85/23
f 46/83/4 43/86/4 12/20/4
f 49/87/24 48/85/24 47/88/24
f 49/87/24 44/80/24 48/85/24
f 44/78/8 49/89/8 34/59/8
f 34/90/25 49/87/25 47/88/25
f 51/91/4 50/92/4 47/82/4
f 34/90/25 47/88/25 50/93/25
f 16/19/4 47/82/4 12/20/4
f 16/19/4 51/91/4 47/82/4
f 16/19/4 52/94/4 51/91/4
f 53/95/26 51/96/26 52/97/26
f 53/95/26 54/98/26 51/96/26
f 54/98/27 50/93/27 51/96/27
f 34/59/8 54/99/8 53/100/8
f 54/98/27 34/90/27 50/93/27
f 34/59/8 53/100/8 55/101/8
f 53/100/8 56/102/8 55/101/8
f 16/103/28 56/104/28 53/95/28
f 16/103/28 53/95/28 52/97/28
f 55/105/29 56/104/29 16/103/29
f 59/106/30 55/105/30 57/107/30
f 55/105/29 16/103/29 57/107/29
f 34/59/8 55/101/8 25/39/8
f 55/101/9 58/108/9 25/39/9
f 55/101/8 59/109/8 58/108/8
f 58/110/31 59/106/31 60/111/31
f 59/106/30 57/107/30 60/111/30
f 14/23/4 60/112/4 16/19/4
f 14/23/4 61/113/4 60/112/4
f 58/110/31 60/111/31 61/114/31
f 60/112/4 57/115/4 16/19/4
f 62/116/32 61/114/32 14/117/32
f 62/116/32 58/110/32 61/114/32
f 58/108/8 62/118/8 25/39/8
f 25/119/33 62/116/33 14/117/33
f 35/58/34 36/120/34 63/121/34
f 36/120/35 64/122/35 63/121/35
f 36/120/35 65/123/35 64/122/35
f 24/40/8 65/124/8 36/61/8
f 65/123/36 66/125/36 64/122/36
f 65/123/36 24/53/36 66/125/36
f 24/53/15 13/50/15 66/125/15
f 64/126/4 66/127/4 13/21/4
f 33/68/4 64/126/4 13/21/4
f 33/68/4 63/128/4 64/126/4
f 35/58/34 63/121/34 33/57/34
f 12/20/4 33/68/4 13/21/4
f 68/129/37 25/119/37 67/130/37
f 25/119/33 14/117/33 67/130/33
f 25/39/8 6/131/8 11/29/8
f 25/39/8 68/132/8 6/131/8
f 6/8/3 68/129/3 7/9/3
f 68/129/37 67/130/37 7/9/37
f 7/13/4 67/133/4 14/23/4
f 6/131/8 8/134/8 11/29/8
o 平面.002
v 0.000000 6.289501 -0.144039
v 0.000000 6.313459 -0.099216
v 0.028101 6.289501 -0.141272
v -0.028101 6.289501 -0.141271
v -0.035765 6.257258 -0.179805
v 0.000000 6.257258 -0.183327
v 0.035765 6.257258 -0.179805
v 0.000000 6.217970 -0.215570
v 0.042056 6.217970 -0.211428
v 0.000000 6.173147 -0.239528
v 0.046730 6.173147 -0.234926
v 0.082495 6.217970 -0.199161
v 0.091664 6.173147 -0.221296
v 0.049608 6.124511 -0.249396
v 0.097310 6.124511 -0.234926
v 0.133075 6.173147 -0.199161
v 0.141272 6.124511 -0.211428
v 0.099216 6.073931 -0.239529
v 0.144039 6.073931 -0.215570
v 0.179805 6.124511 -0.179805
v 0.169372 6.173147 -0.169372
v 0.183327 6.073931 -0.183327
v 0.215570 6.073931 -0.144039
v 0.179805 6.023351 -0.179805
v 0.141272 6.023351 -0.211428
v 0.211428 6.023351 -0.141272
v 0.169372 5.974715 -0.169372
v 0.199161 5.974715 -0.133075
v 0.152431 5.929892 -0.152431
v 0.179240 5.929892 -0.119764
v 0.221295 5.974715 -0.091664
v 0.234926 6.023351 -0.097310
v 0.199161 5.929892 -0.082495
v 0.234926 5.974715 -0.046730
v 0.249396 6.023351 -0.049608
v 0.211428 5.929892 -0.042056
v 0.239529 5.974715 -0.000000
v 0.254282 6.023351 -0.000000
v 0.215570 5.929892 -0.000000
v 0.234926 5.974715 0.046730
v 0.249396 6.023351 0.049608
v 0.211428 5.929892 0.042056
v 0.221295 5.974715 0.091664
v 0.199161 5.929892 0.082495
v 0.179240 5.929892 0.119764
v 0.169372 5.890604 0.070156
v 0.152431 5.890604 0.101851
v 0.129632 5.890604 0.129632
v 0.152431 5.929892 0.152431
v 0.119764 5.858361 0.080024
v 0.101851 5.858361 0.101851
v 0.082495 5.834402 0.055121
v 0.133075 5.858361 0.055121
v 0.097310 5.834402 0.019356
v 0.091664 5.834402 0.037968
v 0.141272 5.858361 0.028101
v 0.144039 5.858361 -0.000000
v 0.179805 5.890604 0.035765
v 0.183327 5.890604 -0.000000
v 0.179805 5.890604 -0.035765
v 0.141272 5.858361 -0.028101
v 0.169372 5.890604 -0.070156
v 0.097310 5.834402 -0.019356
v 0.133075 5.858361 -0.055121
v 0.119764 5.858361 -0.080024
v 0.091664 5.834402 -0.037968
v 0.082495 5.834402 -0.055121
v 0.042056 5.819649 -0.028101
v 0.070156 5.834402 -0.070156
v 0.035765 5.819649 -0.035765
v 0.055121 5.834402 -0.082495
v 0.000000 5.814667 -0.000000
v 0.028101 5.819649 -0.042056
v 0.019356 5.819649 -0.046730
v 0.009868 5.819649 -0.049608
v 0.037968 5.834402 -0.091664
v 0.055121 5.858361 -0.133075
v 0.019356 5.834402 -0.097310
v 0.028101 5.858361 -0.141272
v 0.000000 5.834402 -0.099216
v -0.019356 5.834402 -0.097310
v 0.000000 5.858361 -0.144039
v 0.000000 5.819649 -0.050580
v -0.009868 5.819649 -0.049608
v -0.037968 5.834402 -0.091664
v -0.019356 5.819649 -0.046730
v -0.028101 5.819649 -0.042056
v -0.055121 5.834402 -0.082495
v -0.070156 5.834402 -0.070156
v -0.035765 5.819649 -0.035765
v -0.042056 5.819649 -0.028101
v -0.082495 5.834402 -0.055121
v -0.091664 5.834402 -0.037968
v -0.046730 5.819649 -0.019356
v -0.119764 5.858361 -0.080024
v -0.152431 5.890604 -0.101851
v -0.101851 5.858361 -0.101851
v -0.129632 5.890604 -0.129632
v -0.133075 5.858361 -0.055121
v -0.141271 5.858361 -0.028101
v -0.169372 5.890604 -0.070156
v -0.199161 5.929892 -0.082495
v -0.211428 5.929892 -0.042056
v -0.179805 5.890604 -0.035765
v -0.183327 5.890604 -0.000000
v -0.144039 5.858361 -0.000000
v -0.215570 5.929892 -0.000000
v -0.211428 5.929892 0.042056
v -0.239528 5.974715 -0.000000
v -0.254282 6.023351 -0.000000
v -0.249396 6.023351 0.049608
v -0.234926 5.974715 -0.046730
v -0.234926 5.974715 0.046730
v -0.221295 5.974715 0.091664
v -0.199161 5.929892 0.082495
v -0.169372 5.890604 0.070156
v -0.179805 5.890604 0.035765
v -0.179240 5.929892 0.119764
v -0.152431 5.890604 0.101851
v -0.152431 5.929892 0.152431
v -0.129632 5.890604 0.129632
v -0.119764 5.858361 0.080024
v -0.101851 5.858361 0.101851
v -0.070156 5.834402 0.070156
v -0.082495 5.834402 0.055121
v -0.080024 5.858361 0.119764
v -0.055121 5.834402 0.082495
v -0.028101 5.819649 0.042056
v -0.037968 5.834402 0.091664
v -0.019356 5.834402 0.097310
v -0.009868 5.819649 0.049608
v -0.055121 5.858361 0.133075
v -0.019356 5.819649 0.046730
v -0.070156 5.890604 0.169372
v -0.101851 5.890604 0.152431
v -0.028101 5.858361 0.141272
v 0.000000 5.858361 0.144039
v -0.035765 5.890604 0.179805
v 0.000000 5.890604 0.183327
v 0.035765 5.890604 0.179805
v 0.028101 5.858361 0.141272
v 0.000000 5.929892 0.215570
v 0.042056 5.929892 0.211428
v -0.042056 5.929892 0.211428
v -0.046730 5.974715 0.234926
v -0.082495 5.929892 0.199161
v -0.091664 5.974715 0.221295
v -0.097310 6.023351 0.234926
v -0.049608 6.023351 0.249396
v -0.133075 5.974715 0.199161
v -0.141272 6.023351 0.211428
v -0.119764 5.929892 0.179240
v -0.169372 5.974715 0.169372
v -0.179805 6.023351 0.179805
v -0.199161 5.974715 0.133075
v -0.211428 6.023351 0.141271
v -0.234926 6.023351 0.097309
v -0.183327 6.073931 0.183327
v -0.215570 6.073931 0.144039
v -0.211428 6.124511 0.141271
v -0.239528 6.073931 0.099216
v -0.234926 6.124511 0.097309
v -0.221295 6.173147 0.091664
v -0.249396 6.124511 0.049608
v -0.234926 6.173147 0.046730
v -0.211428 6.217970 0.042056
v -0.199161 6.217970 0.082495
v -0.239528 6.173147 -0.000000
v -0.215570 6.217970 -0.000000
v -0.254282 6.124511 -0.000000
v -0.234926 6.173147 -0.046730
v -0.211428 6.217970 -0.042056
v -0.249396 6.124511 -0.049608
v -0.221295 6.173147 -0.091664
v -0.234926 6.124511 -0.097310
v -0.199161 6.173147 -0.133075
v -0.199161 6.217970 -0.082495
v -0.169372 6.257258 -0.070156
v -0.179240 6.217970 -0.119764
v -0.152431 6.257258 -0.101851
v -0.119764 6.289501 -0.080024
v -0.133075 6.289501 -0.055121
v -0.129632 6.257258 -0.129632
v -0.101851 6.289501 -0.101851
v -0.152431 6.217970 -0.152431
v -0.101851 6.257258 -0.152431
v -0.080024 6.289501 -0.119764
v -0.119764 6.217970 -0.179240
v -0.082495 6.217970 -0.199161
v -0.133075 6.173147 -0.199161
v -0.091664 6.173147 -0.221295
v -0.097309 6.124511 -0.234926
v -0.046730 6.173147 -0.234926
v -0.141271 6.124511 -0.211428
v -0.183327 6.073931 -0.183327
v -0.144039 6.073931 -0.215570
v -0.179804 6.124511 -0.179805
v -0.211428 6.124511 -0.141272
v -0.215570 6.073931 -0.144039
v -0.169372 6.173147 -0.169372
v -0.211428 6.023351 -0.141272
v -0.179804 6.023351 -0.179805
v -0.239528 6.073931 -0.099216
v -0.234926 6.023351 -0.097310
v -0.254282 6.073931 -0.050580
v -0.249396 6.023351 -0.049608
v -0.259264 6.073931 -0.000000
v -0.254282 6.073931 0.050580
v -0.221295 5.974715 -0.091664
v -0.199161 5.974715 -0.133075
v -0.179240 5.929892 -0.119764
v -0.169372 5.974715 -0.169372
v -0.152431 5.929892 -0.152431
v -0.133075 5.974715 -0.199161
v -0.141271 6.023351 -0.211428
v -0.119764 5.929892 -0.179240
v -0.091664 5.974715 -0.221295
v -0.082495 5.929892 -0.199161
v -0.046730 5.974715 -0.234926
v -0.097309 6.023351 -0.234926
v -0.099216 6.073931 -0.239528
v -0.049608 6.023351 -0.249396
v 0.000000 6.023351 -0.254282
v -0.050580 6.073931 -0.254282
v 0.000000 5.974715 -0.239528
v -0.042055 5.929892 -0.211428
v 0.000000 5.929892 -0.215570
v 0.046730 5.974715 -0.234926
v 0.042056 5.929892 -0.211428
v 0.000000 5.890604 -0.183327
v 0.035765 5.890604 -0.179805
v 0.082495 5.929892 -0.199161
v 0.091664 5.974715 -0.221296
v 0.097310 6.023351 -0.234926
v 0.049608 6.023351 -0.249396
v 0.133075 5.974715 -0.199161
v 0.119764 5.929892 -0.179240
v 0.101851 5.890604 -0.152431
v 0.129632 5.890604 -0.129632
v 0.070156 5.890604 -0.169372
v 0.080024 5.858361 -0.119764
v 0.101851 5.858361 -0.101851
v 0.152431 5.890604 -0.101851
v 0.050580 6.073931 -0.254282
v 0.000000 6.073931 -0.259264
v 0.000000 6.124511 -0.254282
v -0.049608 6.124511 -0.249396
v -0.035765 5.890604 -0.179805
v -0.028101 5.858361 -0.141271
v -0.070156 5.890604 -0.169372
v -0.055121 5.858361 -0.133075
v -0.080024 5.858361 -0.119764
v -0.101851 5.890604 -0.152431
v -0.042055 6.217970 -0.211428
v -0.070156 6.257258 -0.169372
v -0.055121 6.289501 -0.133075
v -0.037968 6.313459 -0.091664
v -0.028101 6.328213 -0.042056
v -0.019356 6.313459 -0.097310
v -0.009868 6.328213 -0.049608
v -0.055121 6.313459 -0.082495
v -0.019356 6.328213 -0.046730
v 0.000000 6.333195 -0.000000
v 0.028101 6.328213 -0.042056
v 0.019356 6.328213 -0.046730
v 0.009868 6.328213 -0.049608
v 0.000000 6.328213 -0.050580
v 0.046730 6.328213 -0.019356
v 0.049608 6.328213 -0.009868
v 0.050580 6.328213 -0.000000
v 0.049608 6.328213 0.009868
v 0.046730 6.328213 0.019356
v 0.042056 6.328213 0.028101
v 0.035765 6.328213 0.035765
v 0.028101 6.328213 0.042056
v 0.019356 6.328213 0.046730
v 0.009868 6.328213 0.049608
v 0.000000 6.328213 0.050580
v -0.009868 6.328213 0.049608
v -0.019356 6.328213 0.046730
v -0.028101 6.328213 0.042056
v -0.035765 6.328213 0.035765
v -0.042056 6.328213 0.028101
v -0.046730 6.328213 0.019356
v -0.049608 6.328213 0.009868
v -0.050580 6.328213 -0.000000
v -0.049608 6.328213 -0.009868
v -0.046730 6.328213 -0.019356
v -0.042056 6.328213 -0.028101
v -0.035765 6.328213 -0.035765
v 0.042056 6.328213 -0.028101
v 0.035765 6.328213 -0.035765
v 0.055121 6.313459 -0.082495
v 0.070156 6.313459 -0.070156
v 0.082495 6.313459 -0.055121
v 0.101851 6.289501 -0.101851
v 0.119764 6.289501 -0.080024
v 0.133075 6.289501 -0.055121
v 0.152431 6.257258 -0.101851
v 0.169372 6.257258 -0.070156
v 0.199161 6.217970 -0.082495
v 0.179805 6.257258 -0.035765
v 0.141272 6.289501 -0.028101
v 0.179240 6.217970 -0.119764
v 0.199161 6.173147 -0.133075
v 0.221295 6.173147 -0.091664
v 0.152431 6.217970 -0.152431
v 0.129632 6.257258 -0.129632
v 0.119764 6.217970 -0.179240
v 0.101851 6.257258 -0.152431
v 0.070156 6.257258 -0.169372
v 0.055121 6.289501 -0.133075
v 0.037968 6.313459 -0.091664
v 0.019356 6.313459 -0.097310
v 0.080024 6.289501 -0.119764
v 0.234926 6.124511 -0.097310
v 0.234926 6.173147 -0.046730
v 0.211428 6.124511 -0.141272
v 0.239529 6.073931 -0.099216
v 0.254282 6.073931 -0.050580
v 0.249396 6.124511 -0.049608
v 0.254282 6.124511 -0.000000
v 0.239529 6.173147 -0.000000
v 0.215570 6.217970 -0.000000
v 0.211428 6.217970 -0.042056
v 0.234926 6.173147 0.046730
v 0.249396 6.124511 0.049608
v 0.221295 6.173147 0.091664
v 0.211428 6.217970 0.042056
v 0.179805 6.257258 0.035765
v 0.199161 6.217970 0.082495
v 0.169372 6.257258 0.070156
v 0.179240 6.217970 0.119764
v 0.152431 6.257258 0.101851
v 0.199161 6.173147 0.133075
v 0.234926 6.124511 0.097310
v 0.211428 6.124511 0.141272
v 0.169372 6.173147 0.169372
v 0.152431 6.217970 0.152431
v 0.179805 6.124511 0.179805
v 0.133075 6.173147 0.199161
v 0.141272 6.124511 0.211428
v 0.144039 6.073931 0.215570
v 0.097309 6.124511 0.234926
v 0.091664 6.173147 0.221295
v 0.183327 6.073931 0.183327
v 0.215570 6.073931 0.144039
v 0.179805 6.023351 0.179805
v 0.141272 6.023351 0.211428
v 0.097309 6.023351 0.234926
v 0.133075 5.974715 0.199161
v 0.091664 5.974715 0.221295
v 0.119764 5.929892 0.179240
v 0.082495 5.929892 0.199161
v 0.046730 5.974715 0.234926
v 0.049608 6.023351 0.249396
v 0.000000 5.974715 0.239528
v 0.000000 6.023351 0.254282
v 0.000000 6.073931 0.259264
v 0.050580 6.073931 0.254282
v 0.049608 6.124511 0.249396
v 0.000000 6.124511 0.254282
v 0.099216 6.073931 0.239528
v 0.000000 6.173147 0.239529
v 0.046730 6.173147 0.234926
v -0.049608 6.124511 0.249396
v -0.046730 6.173147 0.234926
v 0.000000 6.217970 0.215570
v -0.091664 6.173147 0.221295
v -0.042056 6.217970 0.211428
v -0.035765 6.257258 0.179805
v 0.000000 6.257258 0.183327
v -0.082495 6.217970 0.199161
v -0.070156 6.257258 0.169372
v -0.055121 6.289501 0.133075
v -0.028101 6.289501 0.141272
v -0.101851 6.257258 0.152431
v -0.080024 6.289501 0.119764
v -0.119764 6.217970 0.179240
v -0.129632 6.257258 0.129632
v -0.101851 6.289501 0.101851
v -0.152431 6.217970 0.152431
v -0.152431 6.257258 0.101851
v -0.119764 6.289501 0.080024
v -0.179240 6.217970 0.119764
v -0.169372 6.257258 0.070156
v -0.133075 6.289501 0.055121
v -0.179805 6.257258 0.035765
v -0.141271 6.289501 0.028101
v -0.183327 6.257258 -0.000000
v -0.179805 6.257258 -0.035765
v -0.144039 6.289501 -0.000000
v -0.099216 6.313459 -0.000000
v -0.141271 6.289501 -0.028101
v -0.097309 6.313459 -0.019356
v -0.091664 6.313459 -0.037968
v -0.082495 6.313459 -0.055121
v -0.070156 6.313459 -0.070156
v -0.097309 6.313459 0.019356
v -0.091664 6.313459 0.037968
v -0.082495 6.313459 0.055121
v -0.070156 6.313459 0.070156
v -0.055121 6.313459 0.082495
v -0.037968 6.313459 0.091664
v -0.019356 6.313459 0.097310
v 0.000000 6.313459 0.099216
v 0.000000 6.289501 0.144039
v 0.019356 6.313459 0.097310
v 0.028101 6.289501 0.141272
v 0.037968 6.313459 0.091664
v 0.055121 6.313459 0.082495
v 0.055121 6.289501 0.133075
v 0.070156 6.257258 0.169372
v 0.035765 6.257258 0.179805
v 0.080024 6.289501 0.119764
v 0.101851 6.257258 0.152431
v 0.101851 6.289501 0.101851
v 0.119764 6.217970 0.179240
v 0.082495 6.217970 0.199161
v 0.129632 6.257258 0.129632
v 0.119764 6.289501 0.080024
v 0.082495 6.313459 0.055121
v 0.133075 6.289501 0.055121
v 0.091664 6.313459 0.037968
v 0.097310 6.313459 0.019356
v 0.141272 6.289501 0.028101
v 0.099216 6.313459 -0.000000
v 0.144039 6.289501 -0.000000
v 0.183327 6.257258 -0.000000
v 0.097310 6.313459 -0.019356
v 0.091664 6.313459 -0.037968
v 0.070156 6.313459 0.070156
v 0.042056 6.217970 0.211428
v -0.199161 6.173147 0.133075
v -0.169372 6.173147 0.169372
v -0.179805 6.124511 0.179805
v -0.144039 6.073931 0.215570
v -0.133075 6.173147 0.199161
v -0.141272 6.124511 0.211428
v -0.097310 6.124511 0.234926
v -0.099216 6.073931 0.239528
v -0.050580 6.073931 0.254282
v 0.070156 5.890604 0.169372
v 0.101851 5.890604 0.152431
v 0.080024 5.858361 0.119764
v 0.055121 5.858361 0.133075
v 0.037968 5.834402 0.091664
v 0.019356 5.819649 0.046730
v 0.019356 5.834402 0.097310
v 0.009868 5.819649 0.049608
v 0.055121 5.834402 0.082495
v 0.028101 5.819649 0.042056
v 0.070156 5.834402 0.070156
v 0.035765 5.819649 0.035765
v 0.042056 5.819649 0.028101
v 0.046730 5.819649 0.019356
v 0.049608 5.819649 0.009868
v 0.099216 5.834402 -0.000000
v 0.050580 5.819649 -0.000000
v 0.049608 5.819649 -0.009868
v 0.046730 5.819649 -0.019356
v 0.000000 5.819649 0.050580
v 0.000000 5.834402 0.099216
v 0.169372 5.974715 0.169372
v 0.211428 6.023351 0.141272
v 0.199161 5.974715 0.133075
v 0.234926 6.023351 0.097310
v 0.239528 6.073931 0.099216
v 0.254282 6.073931 0.050580
v 0.259264 6.073931 -0.000000
v -0.035765 5.819649 0.035765
v -0.042056 5.819649 0.028101
v -0.046730 5.819649 0.019356
v -0.091664 5.834402 0.037968
v -0.133075 5.858361 0.055121
v -0.097309 5.834402 0.019356
v -0.141271 5.858361 0.028101
v -0.099216 5.834402 -0.000000
v -0.050580 5.819649 -0.000000
v -0.097309 5.834402 -0.019356
v -0.049608 5.819649 -0.009868
v -0.049608 5.819649 0.009868
vn -0.0464 0.8810 -0.4709
vn 0.0464 0.8810 -0.4709
vn 0.0623 0.7715 -0.6332
vn -0.0624 0.7715 -0.6332
vn -0.0759 0.6326 -0.7708
vn 0.0624 0.7715 -0.6332
vn 0.0759 0.6326 -0.7708
vn 0.0865 0.4696 -0.8786
vn 0.2248 0.6326 -0.7412
vn 0.2563 0.4696 -0.8449
vn 0.2563 0.4696 -0.8448
vn 0.2779 0.2890 -0.9161
vn 0.4162 0.4696 -0.7786
vn 0.4513 0.2890 -0.8443
vn 0.4691 0.0976 -0.8777
vn 0.4691 0.0975 -0.8777
vn 0.6073 0.2890 -0.7400
vn 0.6314 0.0975 -0.7693
vn 0.7693 0.0975 -0.6314
vn 0.7693 -0.0975 -0.6314
vn 0.6314 -0.0975 -0.7693
vn 0.6073 -0.2890 -0.7400
vn 0.7400 -0.2890 -0.6073
vn 0.6825 -0.4696 -0.5601
vn 0.8443 -0.2890 -0.4513
vn 0.7786 -0.4696 -0.4161
vn 0.7786 -0.4696 -0.4162
vn 0.9161 -0.2890 -0.2779
vn 0.8448 -0.4696 -0.2563
vn 0.8449 -0.4696 -0.2563
vn 0.9527 -0.2890 -0.0938
vn 0.8786 -0.4696 -0.0866
vn 0.9527 -0.2890 0.0938
vn 0.8786 -0.4696 0.0865
vn 0.8786 -0.4696 -0.0865
vn 0.9161 -0.2890 0.2779
vn 0.8449 -0.4696 0.2563
vn 0.7786 -0.4696 0.4162
vn 0.6831 -0.6326 0.3651
vn 0.7412 -0.6326 0.2248
vn 0.5987 -0.6326 0.4913
vn 0.4918 -0.7715 0.4036
vn 0.5611 -0.7715 0.2999
vn 0.3658 -0.8810 0.3002
vn 0.4173 -0.8810 0.2231
vn 0.4528 -0.8810 0.1374
vn 0.4528 -0.8810 0.1373
vn 0.6088 -0.7715 0.1847
vn 0.4709 -0.8810 0.0463
vn 0.6332 -0.7715 0.0624
vn 0.6332 -0.7715 0.0623
vn 0.6332 -0.7715 -0.0624
vn 0.7708 -0.6326 -0.0759
vn 0.7708 -0.6326 0.0759
vn 0.6088 -0.7715 -0.1847
vn 0.4709 -0.8810 -0.0463
vn 0.4528 -0.8810 -0.1374
vn 0.5611 -0.7715 -0.2999
vn 0.4173 -0.8810 -0.2231
vn 0.4528 -0.8810 -0.1373
vn 0.3658 -0.8810 -0.3002
vn 0.2571 -0.9565 -0.1375
vn 0.2254 -0.9566 -0.1850
vn 0.1850 -0.9566 -0.2254
vn 0.0761 -0.9951 -0.0625
vn 0.0625 -0.9951 -0.0761
vn 0.1374 -0.9566 -0.2571
vn 0.0464 -0.9951 -0.0869
vn 0.0286 -0.9951 -0.0942
vn 0.0846 -0.9566 -0.2790
vn 0.1374 -0.9565 -0.2572
vn 0.2231 -0.8810 -0.4173
vn 0.1374 -0.8810 -0.4528
vn 0.0464 -0.8810 -0.4709
vn 0.0286 -0.9565 -0.2902
vn 0.0286 -0.9566 -0.2901
vn -0.0286 -0.9566 -0.2902
vn -0.0464 -0.8810 -0.4709
vn 0.0097 -0.9951 -0.0980
vn -0.0097 -0.9951 -0.0980
vn -0.0846 -0.9566 -0.2790
vn -0.0286 -0.9951 -0.0942
vn -0.1374 -0.9565 -0.2572
vn -0.0464 -0.9951 -0.0869
vn -0.1374 -0.9566 -0.2571
vn -0.1850 -0.9566 -0.2254
vn -0.1850 -0.9565 -0.2254
vn -0.0625 -0.9951 -0.0761
vn -0.0761 -0.9951 -0.0625
vn -0.2254 -0.9566 -0.1850
vn -0.2254 -0.9565 -0.1850
vn -0.2571 -0.9565 -0.1375
vn -0.4173 -0.8810 -0.2231
vn -0.2571 -0.9566 -0.1374
vn -0.3658 -0.8810 -0.3002
vn -0.4918 -0.7715 -0.4036
vn -0.5611 -0.7715 -0.2999
vn -0.3658 -0.8810 -0.3001
vn -0.4528 -0.8810 -0.1373
vn -0.6088 -0.7715 -0.1847
vn -0.7412 -0.6326 -0.2248
vn -0.6831 -0.6326 -0.3651
vn -0.6332 -0.7715 -0.0624
vn -0.7708 -0.6326 -0.0759
vn -0.7708 -0.6326 0.0759
vn -0.8786 -0.4696 0.0865
vn -0.8786 -0.4696 -0.0865
vn -0.9527 -0.2890 0.0938
vn -0.9527 -0.2890 -0.0938
vn -0.8448 -0.4696 0.2563
vn -0.9161 -0.2890 0.2779
vn -0.8449 -0.4696 0.2563
vn -0.7786 -0.4696 0.4162
vn -0.7412 -0.6326 0.2248
vn -0.6831 -0.6326 0.3651
vn -0.5987 -0.6326 0.4913
vn -0.4918 -0.7715 0.4036
vn -0.5611 -0.7715 0.2999
vn -0.4036 -0.7715 0.4918
vn -0.3658 -0.8810 0.3002
vn -0.3002 -0.8810 0.3658
vn -0.2231 -0.8810 0.4173
vn -0.1850 -0.9566 0.2254
vn -0.1374 -0.9566 0.2571
vn -0.0846 -0.9566 0.2790
vn -0.1374 -0.8810 0.4528
vn -0.1374 -0.9565 0.2571
vn -0.0464 -0.9951 0.0869
vn -0.0286 -0.9951 0.0942
vn -0.2999 -0.7715 0.5611
vn -0.1847 -0.7715 0.6088
vn -0.0464 -0.8810 0.4709
vn -0.0623 -0.7715 0.6332
vn -0.0624 -0.7715 0.6332
vn 0.0624 -0.7715 0.6332
vn 0.0759 -0.6326 0.7708
vn 0.0623 -0.7715 0.6332
vn -0.0759 -0.6326 0.7708
vn -0.2563 -0.4696 0.8448
vn -0.0865 -0.4696 0.8786
vn -0.2248 -0.6326 0.7411
vn -0.2248 -0.6326 0.7412
vn -0.2563 -0.4696 0.8449
vn -0.2779 -0.2890 0.9161
vn -0.4513 -0.2890 0.8443
vn -0.4162 -0.4696 0.7786
vn -0.6073 -0.2890 0.7400
vn -0.5601 -0.4696 0.6824
vn -0.7400 -0.2890 0.6073
vn -0.6825 -0.4696 0.5601
vn -0.5601 -0.4696 0.6825
vn -0.8443 -0.2890 0.4513
vn -0.7786 -0.4696 0.4161
vn -0.7693 -0.0975 0.6314
vn -0.8777 -0.0976 0.4692
vn -0.7693 -0.0976 0.6314
vn -0.8777 0.0976 0.4691
vn -0.7693 0.0976 0.6314
vn -0.8777 -0.0975 0.4691
vn -0.8777 0.0975 0.4691
vn -0.9161 0.2890 0.2779
vn -0.8443 0.2890 0.4513
vn -0.9524 0.0975 0.2889
vn -0.8448 0.4696 0.2563
vn -0.8786 0.4696 0.0865
vn -0.9527 0.2890 0.0938
vn -0.8786 0.4696 -0.0865
vn -0.9527 0.2890 -0.0938
vn -0.8448 0.4696 -0.2563
vn -0.9161 0.2890 -0.2779
vn -0.8443 0.2890 -0.4513
vn -0.7786 0.4696 -0.4162
vn -0.7412 0.6326 -0.2248
vn -0.6831 0.6326 -0.3651
vn -0.5611 0.7715 -0.2999
vn -0.4918 0.7715 -0.4036
vn -0.5987 0.6326 -0.4914
vn -0.4036 0.7715 -0.4918
vn -0.4913 0.6326 -0.5987
vn -0.5987 0.6326 -0.4913
vn -0.3651 0.6326 -0.6831
vn -0.4162 0.4696 -0.7786
vn -0.5601 0.4696 -0.6825
vn -0.2563 0.4696 -0.8449
vn -0.2779 0.2890 -0.9161
vn -0.4513 0.2890 -0.8443
vn -0.6314 0.0975 -0.7693
vn -0.6314 0.0976 -0.7693
vn -0.6073 0.2890 -0.7400
vn -0.4691 0.0976 -0.8777
vn -0.7693 0.0975 -0.6314
vn -0.7400 0.2890 -0.6073
vn -0.6825 0.4696 -0.5601
vn -0.6824 0.4696 -0.5601
vn -0.8777 0.0975 -0.4691
vn -0.7693 -0.0975 -0.6314
vn -0.8777 -0.0975 -0.4691
vn -0.9524 0.0975 -0.2889
vn -0.9524 -0.0975 -0.2889
vn -0.8777 -0.0975 -0.4692
vn -0.9524 0.0976 -0.2889
vn -0.9904 0.0976 -0.0976
vn -0.9904 -0.0976 -0.0976
vn -0.9904 0.0976 0.0976
vn -0.9904 -0.0976 0.0976
vn -0.9524 0.0976 0.2889
vn -0.9524 -0.0976 0.2889
vn -0.9904 -0.0976 0.0975
vn -0.9161 -0.2890 -0.2779
vn -0.8443 -0.2890 -0.4513
vn -0.7786 -0.4696 -0.4162
vn -0.8449 -0.4696 -0.2563
vn -0.8448 -0.4696 -0.2563
vn -0.7400 -0.2890 -0.6073
vn -0.6825 -0.4696 -0.5601
vn -0.6073 -0.2890 -0.7400
vn -0.5601 -0.4696 -0.6825
vn -0.4513 -0.2890 -0.8443
vn -0.4162 -0.4696 -0.7786
vn -0.2563 -0.4696 -0.8449
vn -0.2779 -0.2890 -0.9161
vn -0.4691 -0.0976 -0.8777
vn -0.4691 -0.0975 -0.8777
vn -0.2889 -0.0975 -0.9524
vn -0.0938 -0.2890 -0.9527
vn -0.0976 -0.0976 -0.9904
vn 0.0938 -0.2890 -0.9527
vn -0.0865 -0.4696 -0.8786
vn 0.0865 -0.4696 -0.8786
vn 0.0759 -0.6326 -0.7708
vn 0.2563 -0.4696 -0.8449
vn 0.2248 -0.6326 -0.7412
vn 0.2563 -0.4696 -0.8448
vn 0.2779 -0.2890 -0.9161
vn 0.4513 -0.2890 -0.8443
vn 0.4162 -0.4696 -0.7786
vn 0.5601 -0.4696 -0.6824
vn 0.4913 -0.6326 -0.5987
vn 0.3651 -0.6326 -0.6831
vn 0.5601 -0.4696 -0.6825
vn 0.3651 -0.6326 -0.6830
vn 0.2248 -0.6326 -0.7411
vn 0.1847 -0.7715 -0.6088
vn 0.2999 -0.7715 -0.5611
vn 0.4036 -0.7715 -0.4918
vn 0.3002 -0.8810 -0.3658
vn 0.4918 -0.7715 -0.4036
vn 0.5987 -0.6326 -0.4913
vn 0.6831 -0.6326 -0.3651
vn 0.0976 -0.0976 -0.9904
vn 0.0976 -0.0975 -0.9904
vn 0.2889 -0.0975 -0.9524
vn 0.0976 0.0976 -0.9904
vn -0.0976 0.0976 -0.9904
vn -0.0938 0.2890 -0.9527
vn 0.0938 0.2890 -0.9527
vn -0.2889 0.0976 -0.9524
vn -0.2889 0.0975 -0.9524
vn 0.2889 0.0976 -0.9524
vn 0.2889 -0.0976 -0.9524
vn 0.4691 -0.0976 -0.8777
vn 0.0624 -0.7715 -0.6332
vn -0.0759 -0.6326 -0.7708
vn -0.0624 -0.7715 -0.6332
vn 0.0623 -0.7715 -0.6332
vn -0.2248 -0.6326 -0.7412
vn -0.2248 -0.6326 -0.7411
vn -0.0624 -0.7715 -0.6331
vn -0.1847 -0.7715 -0.6088
vn -0.2999 -0.7715 -0.5611
vn -0.2231 -0.8810 -0.4173
vn -0.1374 -0.8810 -0.4528
vn -0.1373 -0.8810 -0.4528
vn -0.4036 -0.7715 -0.4918
vn -0.3002 -0.8810 -0.3658
vn -0.3651 -0.6326 -0.6831
vn -0.4913 -0.6326 -0.5987
vn -0.3651 -0.6326 -0.6830
vn -0.4691 0.0975 -0.8777
vn -0.6314 -0.0976 -0.7693
vn -0.6314 -0.0975 -0.7693
vn -0.5987 -0.6326 -0.4914
vn -0.5987 -0.6326 -0.4913
vn -0.2563 0.4696 -0.8448
vn -0.0865 0.4696 -0.8786
vn -0.2248 0.6326 -0.7412
vn -0.1847 0.7715 -0.6088
vn -0.2999 0.7715 -0.5611
vn -0.1373 0.8810 -0.4528
vn -0.2230 0.8810 -0.4173
vn -0.1374 0.9565 -0.2572
vn -0.1375 0.9565 -0.2572
vn -0.1374 0.8810 -0.4528
vn -0.0846 0.9565 -0.2790
vn -0.0846 0.9566 -0.2790
vn -0.2231 0.8810 -0.4173
vn -0.0464 0.9951 -0.0868
vn -0.0286 0.9951 -0.0943
vn 0.0625 0.9951 -0.0761
vn 0.0464 0.9951 -0.0868
vn 0.0286 0.9951 -0.0942
vn 0.0097 0.9951 -0.0980
vn -0.0097 0.9951 -0.0980
vn 0.0943 0.9951 -0.0286
vn 0.0869 0.9951 -0.0463
vn 0.0980 0.9951 -0.0096
vn 0.0980 0.9951 0.0096
vn 0.0943 0.9951 0.0286
vn 0.0869 0.9951 0.0463
vn 0.0761 0.9951 0.0625
vn 0.0625 0.9951 0.0761
vn 0.0464 0.9951 0.0868
vn 0.0286 0.9951 0.0943
vn 0.0097 0.9951 0.0980
vn -0.0097 0.9951 0.0980
vn -0.0286 0.9951 0.0942
vn -0.0464 0.9951 0.0868
vn -0.0625 0.9951 0.0761
vn -0.0761 0.9951 0.0625
vn -0.0869 0.9951 0.0463
vn -0.0943 0.9951 0.0286
vn -0.0980 0.9951 0.0096
vn -0.0980 0.9951 -0.0096
vn -0.0943 0.9951 -0.0286
vn -0.0869 0.9951 -0.0463
vn -0.0761 0.9951 -0.0625
vn -0.0625 0.9951 -0.0761
vn 0.0761 0.9951 -0.0625
vn 0.1850 0.9565 -0.2254
vn 0.2254 0.9565 -0.1850
vn 0.3658 0.8810 -0.3002
vn 0.3002 0.8810 -0.3658
vn 0.5611 0.7715 -0.2999
vn 0.4173 0.8810 -0.2231
vn 0.4918 0.7715 -0.4036
vn 0.6088 0.7715 -0.1847
vn 0.6831 0.6326 -0.3651
vn 0.7412 0.6326 -0.2248
vn 0.5987 0.6326 -0.4913
vn 0.7786 0.4696 -0.4162
vn 0.6825 0.4696 -0.5601
vn 0.5987 0.6326 -0.4914
vn 0.4913 0.6326 -0.5987
vn 0.5601 0.4696 -0.6825
vn 0.6824 0.4696 -0.5601
vn 0.3651 0.6326 -0.6831
vn 0.3651 0.6326 -0.6830
vn 0.2999 0.7715 -0.5611
vn 0.1847 0.7715 -0.6088
vn 0.1374 0.8810 -0.4528
vn 0.2230 0.8810 -0.4173
vn 0.2231 0.8810 -0.4173
vn 0.3002 0.8810 -0.3657
vn 0.4036 0.7715 -0.4918
vn 0.0846 0.9565 -0.2790
vn 0.0286 0.9565 -0.2902
vn 0.0846 0.9566 -0.2790
vn 0.1375 0.9566 -0.2571
vn 0.8448 0.4696 -0.2563
vn 0.8443 0.2890 -0.4513
vn 0.9161 0.2890 -0.2779
vn 0.7400 0.2890 -0.6073
vn 0.8777 0.0976 -0.4691
vn 0.8777 0.0975 -0.4692
vn 0.9524 0.0976 -0.2889
vn 0.8777 -0.0976 -0.4692
vn 0.9524 -0.0976 -0.2889
vn 0.9527 0.2890 -0.0938
vn 0.9904 0.0976 -0.0976
vn 0.8786 0.4696 -0.0865
vn 0.8786 0.4696 0.0865
vn 0.9527 0.2890 0.0938
vn 0.9161 0.2890 0.2779
vn 0.8448 0.4696 0.2563
vn 0.7708 0.6326 0.0759
vn 0.7412 0.6326 0.2248
vn 0.6831 0.6326 0.3651
vn 0.7786 0.4696 0.4162
vn 0.8443 0.2890 0.4513
vn 0.6824 0.4696 0.5601
vn 0.7400 0.2890 0.6073
vn 0.6825 0.4696 0.5601
vn 0.5601 0.4696 0.6825
vn 0.6073 0.2890 0.7400
vn 0.4513 0.2890 0.8443
vn 0.4691 0.0975 0.8777
vn 0.6314 0.0975 0.7693
vn 0.7693 -0.0975 0.6314
vn 0.7693 0.0975 0.6314
vn 0.6314 -0.0975 0.7693
vn 0.6073 -0.2890 0.7400
vn 0.4691 -0.0975 0.8777
vn 0.4513 -0.2890 0.8443
vn 0.4162 -0.4696 0.7786
vn 0.2779 -0.2890 0.9161
vn 0.2563 -0.4696 0.8449
vn 0.0938 -0.2890 0.9527
vn 0.0865 -0.4696 0.8786
vn 0.0976 -0.0976 0.9904
vn -0.0976 -0.0976 0.9904
vn -0.0938 -0.2890 0.9527
vn 0.0976 0.0976 0.9904
vn 0.2889 0.0976 0.9524
vn 0.2889 -0.0975 0.9524
vn 0.2889 0.0975 0.9524
vn -0.0938 0.2890 0.9527
vn 0.0938 0.2890 0.9527
vn -0.0976 0.0976 0.9904
vn -0.0865 0.4696 0.8786
vn -0.2779 0.2890 0.9161
vn -0.2563 0.4696 0.8448
vn -0.0759 0.6326 0.7708
vn -0.2248 0.6326 0.7412
vn -0.2563 0.4696 0.8449
vn -0.2248 0.6326 0.7411
vn -0.1847 0.7715 0.6088
vn -0.2999 0.7715 0.5611
vn -0.3651 0.6326 0.6831
vn -0.4036 0.7715 0.4918
vn -0.4913 0.6326 0.5987
vn -0.4918 0.7715 0.4036
vn -0.5987 0.6326 0.4914
vn -0.5611 0.7715 0.2999
vn -0.6831 0.6326 0.3651
vn -0.5987 0.6326 0.4913
vn -0.6088 0.7715 0.1847
vn -0.7412 0.6326 0.2248
vn -0.6332 0.7715 0.0623
vn -0.7708 0.6326 0.0759
vn -0.6332 0.7715 0.0624
vn -0.7708 0.6326 -0.0759
vn -0.6332 0.7715 -0.0624
vn -0.4709 0.8810 0.0464
vn -0.4709 0.8810 -0.0464
vn -0.4528 0.8810 -0.1373
vn -0.6088 0.7715 -0.1847
vn -0.2572 0.9565 -0.1374
vn -0.2790 0.9565 -0.0847
vn -0.4173 0.8810 -0.2231
vn -0.2254 0.9565 -0.1851
vn -0.3658 0.8810 -0.3001
vn -0.2254 0.9566 -0.1849
vn -0.1850 0.9565 -0.2254
vn -0.3002 0.8810 -0.3658
vn -0.3658 0.8810 -0.3002
vn -0.3002 0.8810 -0.3657
vn -0.2790 0.9565 -0.0846
vn -0.2902 0.9565 -0.0286
vn -0.2902 0.9565 0.0286
vn -0.4528 0.8810 0.1373
vn -0.2790 0.9565 0.0847
vn -0.2790 0.9565 0.0846
vn -0.2572 0.9565 0.1374
vn -0.4173 0.8810 0.2230
vn -0.2254 0.9565 0.1850
vn -0.3658 0.8810 0.3002
vn -0.4173 0.8810 0.2231
vn -0.1850 0.9565 0.2254
vn -0.3002 0.8810 0.3658
vn -0.3002 0.8810 0.3657
vn -0.1375 0.9565 0.2572
vn -0.2230 0.8810 0.4173
vn -0.2231 0.8810 0.4173
vn -0.1374 0.9565 0.2572
vn -0.0846 0.9566 0.2790
vn -0.0846 0.9565 0.2790
vn -0.1374 0.8810 0.4528
vn -0.0286 0.9565 0.2902
vn -0.0464 0.8810 0.4709
vn 0.0286 0.9565 0.2902
vn 0.0464 0.8810 0.4709
vn 0.0846 0.9565 0.2790
vn 0.1374 0.8810 0.4528
vn 0.2231 0.8810 0.4173
vn 0.1375 0.9565 0.2572
vn 0.0846 0.9566 0.2790
vn 0.1374 0.9565 0.2572
vn 0.2230 0.8810 0.4173
vn 0.1847 0.7715 0.6088
vn 0.2999 0.7715 0.5611
vn 0.4036 0.7715 0.4918
vn 0.3651 0.6326 0.6831
vn 0.4913 0.6326 0.5987
vn 0.4918 0.7715 0.4036
vn 0.5987 0.6326 0.4913
vn 0.5987 0.6326 0.4914
vn 0.3658 0.8810 0.3002
vn 0.4173 0.8810 0.2231
vn 0.5611 0.7715 0.2999
vn 0.4528 0.8810 0.1373
vn 0.4528 0.8810 0.1374
vn 0.6088 0.7715 0.1847
vn 0.4709 0.8810 0.0464
vn 0.6332 0.7715 0.0623
vn 0.6332 0.7715 0.0624
vn 0.7708 0.6326 -0.0759
vn 0.6332 0.7715 -0.0623
vn 0.6332 0.7715 -0.0624
vn 0.4709 0.8810 -0.0464
vn 0.2902 0.9565 0.0286
vn 0.2902 0.9565 -0.0286
vn 0.2902 0.9565 -0.0285
vn 0.2902 0.9565 0.0285
vn 0.4709 0.8810 -0.0463
vn 0.4528 0.8810 -0.1373
vn 0.4528 0.8810 -0.1374
vn 0.2790 0.9565 -0.0847
vn 0.2572 0.9565 -0.1374
vn 0.2790 0.9565 -0.0846
vn 0.4173 0.8810 -0.2230
vn 0.2790 0.9565 0.0847
vn 0.2572 0.9565 0.1375
vn 0.2790 0.9565 0.0846
vn 0.2254 0.9565 0.1850
vn 0.1850 0.9565 0.2254
vn 0.3002 0.8810 0.3657
vn 0.3002 0.8810 0.3658
vn 0.2248 0.6326 0.7412
vn 0.2563 0.4696 0.8448
vn 0.4162 0.4696 0.7786
vn 0.2563 0.4696 0.8449
vn 0.0759 0.6326 0.7708
vn 0.0865 0.4696 0.8786
vn 0.0624 0.7715 0.6332
vn 0.0623 0.7715 0.6332
vn -0.0623 0.7715 0.6332
vn -0.0624 0.7715 0.6332
vn -0.6825 0.4696 0.5601
vn -0.7786 0.4696 0.4162
vn -0.6824 0.4696 0.5601
vn -0.7400 0.2890 0.6073
vn -0.6314 0.0975 0.7693
vn -0.6073 0.2890 0.7400
vn -0.7693 0.0975 0.6314
vn -0.4692 0.0975 0.8777
vn -0.4513 0.2890 0.8443
vn -0.4691 0.0975 0.8777
vn -0.2889 0.0975 0.9524
vn -0.4691 -0.0975 0.8777
vn -0.2889 -0.0975 0.9524
vn -0.2889 0.0976 0.9524
vn -0.0976 -0.0975 0.9904
vn -0.4162 0.4696 0.7786
vn -0.5601 0.4696 0.6825
vn -0.6314 -0.0975 0.7693
vn 0.2779 0.2890 0.9161
vn 0.2248 -0.6326 0.7411
vn 0.3651 -0.6326 0.6830
vn 0.2248 -0.6326 0.7412
vn 0.3651 -0.6326 0.6831
vn 0.4913 -0.6326 0.5987
vn 0.4036 -0.7715 0.4918
vn 0.2999 -0.7715 0.5611
vn 0.1847 -0.7715 0.6088
vn 0.1374 -0.8810 0.4528
vn 0.2231 -0.8810 0.4173
vn 0.0846 -0.9566 0.2790
vn 0.1374 -0.9565 0.2572
vn 0.1374 -0.9566 0.2571
vn 0.1850 -0.9566 0.2254
vn 0.0464 -0.9951 0.0869
vn 0.0625 -0.9951 0.0761
vn 0.1850 -0.9565 0.2254
vn 0.2254 -0.9566 0.1850
vn 0.0761 -0.9951 0.0625
vn 0.2571 -0.9566 0.1374
vn 0.0869 -0.9951 0.0464
vn 0.2254 -0.9565 0.1850
vn 0.2571 -0.9565 0.1375
vn 0.0943 -0.9951 0.0286
vn 0.2790 -0.9566 0.0846
vn 0.2902 -0.9566 0.0286
vn 0.2902 -0.9566 0.0285
vn 0.0980 -0.9951 0.0096
vn 0.2902 -0.9566 -0.0285
vn 0.0980 -0.9951 -0.0096
vn 0.2902 -0.9566 -0.0286
vn 0.2790 -0.9566 -0.0846
vn 0.0943 -0.9951 -0.0286
vn 0.2571 -0.9566 -0.1374
vn 0.0869 -0.9951 -0.0464
vn 0.4709 -0.8810 0.0464
vn 0.4709 -0.8810 -0.0464
vn 0.3002 -0.8810 0.3658
vn 0.0286 -0.9566 0.2902
vn 0.0097 -0.9951 0.0980
vn 0.0286 -0.9951 0.0942
vn -0.0286 -0.9566 0.2901
vn -0.0097 -0.9951 0.0980
vn 0.0464 -0.8810 0.4709
vn -0.0286 -0.9565 0.2902
vn 0.5601 -0.4696 0.6824
vn 0.5601 -0.4696 0.6825
vn 0.7400 -0.2890 0.6073
vn 0.6825 -0.4696 0.5601
vn 0.8443 -0.2890 0.4513
vn 0.9524 -0.0975 0.2889
vn 0.8777 -0.0975 0.4692
vn 0.9524 0.0976 0.2889
vn 0.9904 0.0976 0.0976
vn 0.9524 0.0975 0.2889
vn 0.9904 -0.0976 0.0976
vn 0.9904 -0.0976 -0.0976
vn 0.8777 0.0975 0.4691
vn 0.8777 -0.0975 0.4691
vn 0.9904 -0.0976 -0.0975
vn 0.1374 0.9565 -0.2572
vn -0.0286 0.9565 -0.2902
vn -0.9524 -0.0975 0.2889
vn -0.4913 -0.6326 0.5987
vn -0.3651 -0.6326 0.6831
vn -0.3651 -0.6326 0.6830
vn -0.0625 -0.9951 0.0761
vn -0.2254 -0.9566 0.1850
vn -0.0761 -0.9951 0.0625
vn -0.2254 -0.9565 0.1850
vn -0.2571 -0.9565 0.1375
vn -0.0869 -0.9951 0.0464
vn -0.2571 -0.9566 0.1374
vn -0.4528 -0.8810 0.1373
vn -0.4173 -0.8810 0.2231
vn -0.2790 -0.9566 0.0846
vn -0.6332 -0.7715 0.0624
vn -0.6088 -0.7715 0.1847
vn -0.4709 -0.8810 0.0464
vn -0.4709 -0.8810 -0.0464
vn -0.2902 -0.9566 -0.0285
vn -0.2902 -0.9566 0.0285
vn -0.2902 -0.9566 -0.0286
vn -0.2902 -0.9566 0.0286
vn -0.2790 -0.9565 0.0847
vn -0.0980 -0.9951 0.0096
vn -0.0943 -0.9951 0.0286
vn -0.2790 -0.9565 -0.0847
vn -0.0943 -0.9951 -0.0286
vn -0.0980 -0.9951 -0.0096
vn -0.2790 -0.9566 -0.0846
vn -0.6332 -0.7715 0.0623
vn -0.0869 -0.9951 -0.0464
vn 0.6830 -0.6326 -0.3651
vn 0.7412 -0.6326 -0.2248
vn 0.8777 -0.0975 -0.4692
vn 0.4692 -0.0975 -0.8777
vt 0.750192 0.662131
vt 0.761315 0.672449
vt 0.748500 0.669001
vt 0.747262 0.675524
vt 0.739261 0.667225
vt 0.740396 0.659849
vt 0.732258 0.666420
vt 0.738434 0.674171
vt 0.731725 0.673614
vt 0.726873 0.666097
vt 0.731409 0.680401
vt 0.726645 0.673385
vt 0.726513 0.680277
vt 0.722588 0.673357
vt 0.722673 0.680288
vt 0.726485 0.686826
vt 0.722779 0.686857
vt 0.719347 0.680364
vt 0.719575 0.686955
vt 0.726498 0.693146
vt 0.719783 0.693296
vt 0.722899 0.693197
vt 0.719995 0.699471
vt 0.716686 0.693433
vt 0.716350 0.687087
vt 0.713116 0.693634
vt 0.716977 0.699579
vt 0.713496 0.699754
vt 0.708614 0.693965
vt 0.709128 0.700032
vt 0.713810 0.705752
vt 0.709486 0.705968
vt 0.717241 0.705602
vt 0.714079 0.711673
vt 0.709810 0.711842
vt 0.717476 0.711550
vt 0.714286 0.717560
vt 0.717668 0.717461
vt 0.714445 0.723448
vt 0.710031 0.717680
vt 0.717841 0.723371
vt 0.714554 0.729373
vt 0.710237 0.729397
vt 0.710173 0.723522
vt 0.710231 0.735357
vt 0.704469 0.735276
vt 0.704549 0.729428
vt 0.710146 0.741435
vt 0.696612 0.734964
vt 0.704165 0.741247
vt 0.696926 0.729266
vt 0.685231 0.734251
vt 0.696306 0.740750
vt 0.685790 0.723752
vt 0.696918 0.723642
vt 0.685604 0.728992
vt 0.696775 0.718076
vt 0.704443 0.717895
vt 0.704556 0.723648
vt 0.696453 0.712556
vt 0.704237 0.712142
vt 0.703898 0.706350
vt 0.696137 0.707011
vt 0.685599 0.713279
vt 0.695624 0.701362
vt 0.684281 0.702794
vt 0.685008 0.708042
vt 0.683323 0.697505
vt 0.665298 0.705891
vt 0.664232 0.701519
vt 0.682321 0.692130
vt 0.663439 0.697066
vt 0.642547 0.709121
vt 0.641205 0.703320
vt 0.661955 0.692794
vt 0.640982 0.702474
vt 0.639492 0.699540
vt 0.660210 0.688545
vt 0.680854 0.686721
vt 0.679075 0.681237
vt 0.692671 0.683803
vt 0.691275 0.677618
vt 0.677094 0.675618
vt 0.658603 0.684193
vt 0.674464 0.669977
vt 0.689500 0.671157
vt 0.637287 0.694534
vt 0.656308 0.680153
vt 0.636920 0.693836
vt 0.671455 0.664215
vt 0.653996 0.676047
vt 0.634284 0.689851
vt 0.651024 0.672377
vt 0.633859 0.689315
vt 0.667813 0.658420
vt 0.663364 0.652637
vt 0.647628 0.668952
vt 0.631918 0.687926
vt 0.629104 0.686206
vt 0.643910 0.665673
vt 0.657714 0.647060
vt 0.639695 0.662922
vt 0.650949 0.641813
vt 0.671031 0.634442
vt 0.663826 0.626100
vt 0.683432 0.626519
vt 0.688016 0.636380
vt 0.676603 0.642455
vt 0.654435 0.617585
vt 0.677149 0.615571
vt 0.668171 0.603167
vt 0.681854 0.593690
vt 0.689154 0.609037
vt 0.642029 0.609572
vt 0.655609 0.589849
vt 0.671467 0.576176
vt 0.690291 0.842431
vt 0.681046 0.860800
vt 0.664215 0.848308
vt 0.696928 0.868855
vt 0.686736 0.567161
vt 0.703147 0.846840
vt 0.714263 0.848806
vt 0.711770 0.872050
vt 0.701104 0.562061
vt 0.694704 0.588524
vt 0.696245 0.826975
vt 0.706861 0.829783
vt 0.700395 0.813774
vt 0.675722 0.834188
vt 0.683894 0.821251
vt 0.689382 0.809954
vt 0.703198 0.802552
vt 0.693517 0.799736
vt 0.681608 0.794485
vt 0.676694 0.802832
vt 0.685600 0.786578
vt 0.662559 0.791192
vt 0.667690 0.785318
vt 0.671851 0.779351
vt 0.675205 0.773409
vt 0.654470 0.766565
vt 0.659249 0.758590
vt 0.677994 0.767519
vt 0.688483 0.779124
vt 0.657204 0.762767
vt 0.636535 0.750772
vt 0.636998 0.750284
vt 0.690698 0.772091
vt 0.698665 0.782247
vt 0.696418 0.790652
vt 0.692441 0.765351
vt 0.701652 0.767181
vt 0.700357 0.774472
vt 0.693745 0.758904
vt 0.702671 0.760257
vt 0.709204 0.760895
vt 0.708594 0.768008
vt 0.707771 0.775572
vt 0.713546 0.776067
vt 0.712976 0.784418
vt 0.706637 0.783753
vt 0.718113 0.776261
vt 0.717998 0.784700
vt 0.712132 0.793625
vt 0.717733 0.794006
vt 0.710979 0.803924
vt 0.705200 0.792657
vt 0.717333 0.804481
vt 0.709326 0.815750
vt 0.716718 0.816579
vt 0.722894 0.804560
vt 0.715763 0.831004
vt 0.723221 0.816721
vt 0.729705 0.816227
vt 0.731455 0.830546
vt 0.723626 0.831231
vt 0.740244 0.828804
vt 0.744949 0.845585
vt 0.733995 0.848210
vt 0.750621 0.825368
vt 0.757472 0.840438
vt 0.752470 0.867121
vt 0.767763 0.858144
vt 0.759483 0.572894
vt 0.736984 0.587028
vt 0.743448 0.564997
vt 0.728679 0.561002
vt 0.737899 0.871227
vt 0.750077 0.591344
vt 0.733334 0.604143
vt 0.725800 0.585031
vt 0.744037 0.606973
vt 0.724366 0.603015
vt 0.730990 0.618278
vt 0.756583 0.612455
vt 0.751162 0.623902
vt 0.740017 0.620184
vt 0.770612 0.621946
vt 0.764079 0.630858
vt 0.747067 0.634234
vt 0.759122 0.639345
vt 0.755360 0.647326
vt 0.735366 0.641542
vt 0.737361 0.631457
vt 0.744286 0.643467
vt 0.734000 0.650521
vt 0.727692 0.649886
vt 0.728404 0.640623
vt 0.727229 0.658290
vt 0.722606 0.649698
vt 0.722754 0.640322
vt 0.717441 0.629732
vt 0.723043 0.629777
vt 0.717832 0.640383
vt 0.716965 0.617498
vt 0.723527 0.617571
vt 0.729456 0.630211
vt 0.716419 0.603036
vt 0.711831 0.630179
vt 0.710419 0.618057
vt 0.715741 0.584762
vt 0.708488 0.603602
vt 0.714824 0.559903
vt 0.705727 0.585750
vt 0.724153 0.849189
vt 0.724868 0.872479
vt 0.699617 0.605395
vt 0.703020 0.619313
vt 0.705447 0.631114
vt 0.694136 0.621874
vt 0.707330 0.641474
vt 0.697796 0.633058
vt 0.712925 0.640744
vt 0.708719 0.650647
vt 0.700372 0.642860
vt 0.713772 0.650077
vt 0.702475 0.651766
vt 0.709816 0.658989
vt 0.718183 0.649779
vt 0.714461 0.658534
vt 0.715057 0.666330
vt 0.710759 0.666719
vt 0.718495 0.658276
vt 0.711507 0.673946
vt 0.704126 0.659900
vt 0.705430 0.667454
vt 0.706433 0.674533
vt 0.698436 0.668736
vt 0.712152 0.680791
vt 0.699938 0.675602
vt 0.707302 0.681279
vt 0.715551 0.673636
vt 0.716014 0.680517
vt 0.712685 0.687334
vt 0.708035 0.687735
vt 0.702826 0.694556
vt 0.701985 0.688428
vt 0.700994 0.682140
vt 0.693809 0.689779
vt 0.694757 0.695622
vt 0.703323 0.700506
vt 0.718811 0.666141
vt 0.719051 0.673448
vt 0.722555 0.666040
vt 0.722554 0.658186
vt 0.696820 0.661553
vt 0.694556 0.653820
vt 0.687237 0.664509
vt 0.684385 0.657507
vt 0.680853 0.650180
vt 0.691745 0.645512
vt 0.732983 0.658759
vt 0.742100 0.651950
vt 0.752308 0.654959
vt 0.765978 0.660574
vt 0.786894 0.667294
vt 0.784158 0.671141
vt 0.769112 0.654502
vt 0.763266 0.666540
vt 0.782120 0.675357
vt 0.805075 0.683123
vt 0.804566 0.683609
vt 0.776500 0.692983
vt 0.799160 0.697673
vt 0.776020 0.697489
vt 0.777682 0.688602
vt 0.799355 0.696804
vt 0.779142 0.684207
vt 0.800748 0.693824
vt 0.780464 0.679729
vt 0.802566 0.688688
vt 0.803510 0.685955
vt 0.775209 0.706427
vt 0.798414 0.707945
vt 0.775358 0.710978
vt 0.775265 0.701932
vt 0.798079 0.704466
vt 0.798857 0.711560
vt 0.775695 0.715568
vt 0.799602 0.715225
vt 0.776220 0.720221
vt 0.800046 0.721829
vt 0.776364 0.724895
vt 0.800004 0.725593
vt 0.776681 0.729515
vt 0.800132 0.729169
vt 0.777198 0.734078
vt 0.800376 0.732573
vt 0.777936 0.738566
vt 0.800911 0.735823
vt 0.778911 0.742991
vt 0.801635 0.738820
vt 0.780159 0.747339
vt 0.802493 0.741557
vt 0.781714 0.751581
vt 0.803577 0.744035
vt 0.783604 0.755697
vt 0.804894 0.746174
vt 0.785868 0.759663
vt 0.805492 0.746538
vt 0.788802 0.763235
vt 0.808347 0.748920
vt 0.791966 0.766770
vt 0.808916 0.749082
vt 0.795738 0.769734
vt 0.811550 0.749841
vt 0.799917 0.772434
vt 0.811947 0.749801
vt 0.804559 0.774344
vt 0.812891 0.749406
vt 0.809578 0.775490
vt 0.807373 0.653422
vt 0.812891 0.680372
vt 0.802227 0.655014
vt 0.811582 0.679575
vt 0.797620 0.657308
vt 0.810125 0.679697
vt 0.793497 0.660174
vt 0.808396 0.680266
vt 0.789867 0.663463
vt 0.807854 0.680490
vt 0.798227 0.703546
vt 0.757299 0.689414
vt 0.756657 0.694872
vt 0.756092 0.700248
vt 0.744525 0.699627
vt 0.744915 0.693787
vt 0.744457 0.705351
vt 0.736685 0.705244
vt 0.736755 0.699366
vt 0.744459 0.711009
vt 0.730969 0.699267
vt 0.730963 0.705249
vt 0.736749 0.711065
vt 0.730968 0.693174
vt 0.726631 0.705327
vt 0.726520 0.699303
vt 0.736890 0.693374
vt 0.731156 0.686894
vt 0.737165 0.687197
vt 0.737696 0.680813
vt 0.746354 0.681763
vt 0.759562 0.678207
vt 0.758168 0.683856
vt 0.745516 0.687831
vt 0.726781 0.711273
vt 0.723032 0.699374
vt 0.723194 0.705419
vt 0.720216 0.705501
vt 0.723367 0.711372
vt 0.720427 0.711461
vt 0.726936 0.717177
vt 0.723524 0.717282
vt 0.731012 0.711172
vt 0.731245 0.717043
vt 0.727143 0.723084
vt 0.731382 0.722919
vt 0.723733 0.723197
vt 0.727341 0.729022
vt 0.737093 0.722676
vt 0.731733 0.728827
vt 0.737336 0.728521
vt 0.737795 0.734427
vt 0.732033 0.734792
vt 0.727632 0.735038
vt 0.723942 0.729154
vt 0.724143 0.735189
vt 0.727958 0.741176
vt 0.732440 0.740878
vt 0.728303 0.747465
vt 0.724646 0.747667
vt 0.724362 0.741337
vt 0.728773 0.754002
vt 0.721446 0.747786
vt 0.724912 0.754226
vt 0.721276 0.741454
vt 0.721120 0.735297
vt 0.718184 0.741498
vt 0.718255 0.747817
vt 0.714543 0.747814
vt 0.718245 0.754381
vt 0.714421 0.754338
vt 0.709941 0.747684
vt 0.709651 0.754143
vt 0.714230 0.761173
vt 0.718295 0.761236
vt 0.718237 0.768494
vt 0.713952 0.768379
vt 0.721793 0.761220
vt 0.721962 0.768490
vt 0.725283 0.761074
vt 0.725690 0.768328
vt 0.721578 0.754342
vt 0.729933 0.767986
vt 0.730739 0.775673
vt 0.729316 0.760815
vt 0.726127 0.776074
vt 0.735273 0.767358
vt 0.736512 0.774887
vt 0.731746 0.783946
vt 0.742136 0.766119
vt 0.743776 0.773332
vt 0.745748 0.780967
vt 0.737985 0.782937
vt 0.753125 0.770497
vt 0.755888 0.777471
vt 0.748449 0.789222
vt 0.759222 0.784717
vt 0.751874 0.798165
vt 0.739883 0.791721
vt 0.763512 0.792362
vt 0.756512 0.808101
vt 0.742419 0.801494
vt 0.768815 0.800391
vt 0.762751 0.819104
vt 0.745857 0.812579
vt 0.775793 0.808767
vt 0.771482 0.831418
vt 0.784953 0.817192
vt 0.783713 0.844741
vt 0.797237 0.825217
vt 0.775513 0.585723
vt 0.764378 0.599624
vt 0.790878 0.603673
vt 0.806150 0.801344
vt 0.801993 0.627267
vt 0.779293 0.612748
vt 0.792479 0.631516
vt 0.784722 0.636709
vt 0.778413 0.642442
vt 0.773311 0.648424
vt 0.796654 0.797894
vt 0.788758 0.793320
vt 0.782174 0.788081
vt 0.776825 0.782553
vt 0.772363 0.776851
vt 0.768738 0.771143
vt 0.765939 0.765392
vt 0.763497 0.759754
vt 0.761475 0.754175
vt 0.751144 0.763847
vt 0.760030 0.748610
vt 0.749569 0.757492
vt 0.758874 0.743128
vt 0.748296 0.751330
vt 0.747078 0.745312
vt 0.740842 0.759296
vt 0.739812 0.752758
vt 0.739074 0.746496
vt 0.746313 0.739425
vt 0.738353 0.740405
vt 0.733547 0.753563
vt 0.732917 0.747107
vt 0.745652 0.733639
vt 0.757089 0.732319
vt 0.745136 0.727906
vt 0.756623 0.726954
vt 0.756099 0.721616
vt 0.744827 0.722230
vt 0.755748 0.716269
vt 0.744666 0.716617
vt 0.736790 0.716872
vt 0.755783 0.710934
vt 0.755721 0.705594
vt 0.757752 0.737725
vt 0.734286 0.760286
vt 0.737039 0.815006
vt 0.734745 0.803284
vt 0.728440 0.804182
vt 0.722620 0.794047
vt 0.727492 0.793748
vt 0.733048 0.793068
vt 0.722390 0.784725
vt 0.726768 0.784480
vt 0.722122 0.776247
vt 0.703433 0.753662
vt 0.703885 0.747338
vt 0.695718 0.746634
vt 0.694873 0.752688
vt 0.682961 0.750406
vt 0.683937 0.744945
vt 0.662626 0.749985
vt 0.664051 0.745706
vt 0.664783 0.741253
vt 0.681691 0.755969
vt 0.684811 0.739575
vt 0.641788 0.739759
vt 0.643006 0.734079
vt 0.665763 0.736872
vt 0.666049 0.732397
vt 0.643165 0.733185
vt 0.666646 0.727975
vt 0.643869 0.727150
vt 0.643993 0.726214
vt 0.666555 0.723526
vt 0.685752 0.718524
vt 0.666784 0.719085
vt 0.644099 0.720144
vt 0.666322 0.714675
vt 0.644139 0.719224
vt 0.666153 0.710243
vt 0.643713 0.713318
vt 0.643603 0.712416
vt 0.660913 0.754241
vt 0.640137 0.743407
vt 0.641592 0.740603
vt 0.680066 0.761669
vt 0.637978 0.747961
vt 0.714615 0.741506
vt 0.718097 0.735347
vt 0.714612 0.735378
vt 0.717985 0.729319
vt 0.720785 0.723303
vt 0.720961 0.729259
vt 0.720599 0.717386
vt 0.634702 0.752243
vt 0.651300 0.770142
vt 0.647668 0.773408
vt 0.632889 0.753314
vt 0.656188 0.796850
vt 0.630322 0.754336
vt 0.643619 0.776422
vt 0.670201 0.811578
vt 0.661300 0.820698
vt 0.648592 0.801903
vt 0.649427 0.829478
vt 0.639142 0.805953
vt 0.633302 0.633789
vt 0.634998 0.660849
vt 0.629872 0.659654
vt 0.639072 0.778657
vt 0.634000 0.780193
vt 0.642968 0.637221
vt 0.628728 0.753650
vt 0.629989 0.754429
vt 0.626809 0.685758
vt 0.626362 0.686303
vt 0.627825 0.685723
s 0
usemtl マテリアル
f 72/135/38 70/136/38 69/137/38
f 70/136/39 71/138/39 69/137/39
f 74/139/40 69/137/40 71/138/40
f 73/140/41 72/135/41 69/137/41
f 73/140/41 69/137/41 74/139/41
f 73/140/42 74/139/42 76/141/42
f 74/139/43 71/138/43 75/142/43
f 74/139/44 75/142/44 77/143/44
f 74/139/44 77/143/44 76/141/44
f 78/144/45 76/141/45 77/143/45
f 75/142/46 80/145/46 77/143/46
f 78/144/45 77/143/45 79/146/45
f 77/143/47 81/147/47 79/146/47
f 77/143/48 80/145/48 81/147/48
f 82/148/49 79/146/49 81/147/49
f 82/148/49 81/147/49 83/149/49
f 80/145/50 84/150/50 81/147/50
f 81/147/51 85/151/51 83/149/51
f 81/147/51 84/150/51 85/151/51
f 86/152/52 83/149/52 85/151/52
f 86/152/53 85/151/53 87/153/53
f 85/151/54 84/150/54 89/154/54
f 85/151/55 90/155/55 87/153/55
f 85/151/55 88/156/55 90/155/55
f 85/151/54 89/154/54 88/156/54
f 88/156/56 91/157/56 90/155/56
f 92/158/57 90/155/57 91/157/57
f 87/153/58 90/155/58 92/158/58
f 93/159/59 92/158/59 95/160/59
f 87/153/58 92/158/58 93/159/58
f 92/158/60 94/161/60 96/162/60
f 92/158/57 91/157/57 94/161/57
f 92/158/60 96/162/60 95/160/60
f 97/163/61 95/160/61 96/162/61
f 97/163/61 96/162/61 98/164/61
f 94/161/62 99/165/62 96/162/62
f 98/164/63 96/162/63 99/165/63
f 98/164/64 99/165/64 101/166/64
f 94/161/62 100/167/62 99/165/62
f 100/167/65 102/168/65 99/165/65
f 101/166/66 99/165/66 102/168/66
f 101/166/67 102/168/67 104/169/67
f 100/167/65 103/170/65 102/168/65
f 103/170/68 105/171/68 102/168/68
f 104/169/69 102/168/69 105/171/69
f 103/170/68 106/172/68 105/171/68
f 106/172/70 108/173/70 105/171/70
f 107/174/71 105/171/71 108/173/71
f 104/169/72 105/171/72 107/174/72
f 106/172/70 109/175/70 108/173/70
f 109/175/73 111/176/73 108/173/73
f 108/173/74 112/177/74 110/178/74
f 107/174/71 108/173/71 110/178/71
f 108/173/74 111/176/74 112/177/74
f 111/176/75 113/179/75 112/177/75
f 112/177/76 113/179/76 115/180/76
f 110/178/77 112/177/77 114/181/77
f 112/177/76 115/180/76 114/181/76
f 115/180/78 113/179/78 117/182/78
f 118/183/79 115/180/79 116/184/79
f 115/180/78 117/182/78 116/184/78
f 114/181/80 115/180/80 118/183/80
f 114/181/80 118/183/80 121/185/80
f 120/186/81 118/183/81 119/187/81
f 118/183/79 116/184/79 119/187/79
f 121/185/82 118/183/82 120/186/82
f 122/188/83 124/189/83 121/185/83
f 122/188/84 121/185/84 123/190/84
f 124/189/85 114/181/85 121/185/85
f 121/185/82 120/186/82 123/190/82
f 125/191/86 124/189/86 122/188/86
f 127/192/87 124/189/87 125/191/87
f 124/189/85 126/193/85 114/181/85
f 127/192/88 126/193/88 124/189/88
f 129/194/89 128/195/89 127/192/89
f 128/195/90 107/174/90 127/192/90
f 129/194/89 127/192/89 125/191/89
f 107/174/91 126/193/91 127/192/91
f 130/196/92 128/195/92 129/194/92
f 130/196/92 129/194/92 132/197/92
f 131/198/93 129/194/93 125/191/93
f 132/197/94 129/194/94 131/198/94
f 133/199/95 130/196/95 132/197/95
f 135/200/96 133/199/96 132/197/96
f 132/197/97 131/198/97 134/201/97
f 135/200/96 132/197/96 134/201/96
f 137/202/98 133/199/98 135/200/98
f 136/203/99 135/200/99 134/201/99
f 138/204/100 135/200/100 136/203/100
f 138/204/100 137/202/100 135/200/100
f 139/205/101 137/202/101 138/204/101
f 139/205/101 138/204/101 141/206/101
f 140/207/102 138/204/102 136/203/102
f 140/208/103 141/206/103 138/204/103
f 142/209/104 139/205/104 141/206/104
f 140/210/105 142/209/105 141/206/105
f 140/211/106 143/212/106 142/209/106
f 143/212/107 144/213/107 142/209/107
f 142/209/108 144/213/108 139/205/108
f 143/212/107 146/214/107 144/213/107
f 145/215/109 139/205/109 144/213/109
f 146/214/110 145/215/110 144/213/110
f 146/214/110 147/216/110 145/215/110
f 148/217/111 147/216/111 146/214/111
f 148/217/112 146/214/112 143/212/112
f 148/217/113 143/212/113 151/218/113
f 149/219/114 148/217/114 151/218/114
f 149/219/115 150/220/115 148/217/115
f 148/217/111 150/220/111 147/216/111
f 140/221/116 151/218/116 143/212/116
f 149/219/114 151/218/114 152/222/114
f 140/223/117 152/222/117 151/218/117
f 153/224/118 149/219/118 152/222/118
f 153/224/118 152/222/118 154/225/118
f 140/226/119 154/225/119 152/222/119
f 155/227/120 153/224/120 154/225/120
f 140/228/121 155/227/121 154/225/121
f 155/227/122 156/229/122 153/224/122
f 157/230/123 156/229/123 155/227/123
f 157/230/124 155/227/124 158/231/124
f 140/232/125 158/231/125 155/227/125
f 140/233/126 159/234/126 158/231/126
f 160/235/127 158/231/127 159/234/127
f 160/235/128 157/230/128 158/231/128
f 162/236/129 161/237/129 160/235/129
f 161/237/130 163/238/130 160/235/130
f 162/236/131 160/235/131 159/234/131
f 163/238/132 157/230/132 160/235/132
f 161/237/130 167/239/130 163/238/130
f 163/238/133 164/240/133 166/241/133
f 167/239/134 164/240/134 163/238/134
f 163/238/135 165/242/135 157/230/135
f 163/238/133 166/241/133 165/242/133
f 168/243/136 167/239/136 161/237/136
f 168/243/137 169/244/137 167/239/137
f 167/239/134 169/244/134 164/240/134
f 168/243/137 172/245/137 169/244/137
f 171/246/138 170/247/138 169/244/138
f 170/247/139 164/240/139 169/244/139
f 171/246/138 169/244/138 172/245/138
f 174/248/140 173/249/140 172/245/140
f 175/250/141 172/245/141 173/249/141
f 174/248/140 172/245/140 168/243/140
f 175/250/141 171/246/141 172/245/141
f 176/251/142 175/252/142 173/253/142
f 176/251/143 177/254/143 175/252/143
f 177/255/144 171/246/144 175/250/144
f 176/251/143 181/256/143 177/254/143
f 179/257/145 178/258/145 177/254/145
f 178/259/146 180/260/146 177/255/146
f 179/257/145 177/254/145 181/256/145
f 177/255/144 180/260/144 171/246/144
f 183/261/147 182/262/147 181/256/147
f 182/262/148 179/257/148 181/256/148
f 183/261/149 181/256/149 176/251/149
f 186/263/150 182/262/150 183/261/150
f 183/261/151 185/264/151 184/265/151
f 187/266/152 183/261/152 184/265/152
f 183/261/151 176/251/151 185/264/151
f 187/266/152 186/263/152 183/261/152
f 188/267/153 186/263/153 187/266/153
f 188/267/153 187/266/153 189/268/153
f 191/269/154 189/268/154 187/266/154
f 190/270/155 187/266/155 184/265/155
f 191/269/154 187/266/154 190/270/154
f 194/271/156 189/268/156 191/269/156
f 191/269/157 193/272/157 192/273/157
f 195/274/158 191/269/158 192/273/158
f 191/269/157 190/270/157 193/272/157
f 195/274/158 194/271/158 191/269/158
f 197/275/159 194/271/159 195/274/159
f 196/276/160 195/274/160 192/273/160
f 197/275/161 195/274/161 196/276/161
f 199/277/162 198/278/162 197/275/162
f 198/278/163 200/279/163 197/275/163
f 199/277/162 197/275/162 201/280/162
f 197/275/159 200/279/159 194/271/159
f 197/275/164 196/276/164 201/280/164
f 140/281/165 201/280/165 196/276/165
f 140/282/166 199/277/166 201/280/166
f 198/278/163 204/283/163 200/279/163
f 200/279/167 202/284/167 203/285/167
f 204/283/168 202/284/168 200/279/168
f 200/279/167 203/285/167 194/271/167
f 205/286/169 204/283/169 198/278/169
f 207/287/170 204/283/170 205/286/170
f 204/283/168 206/288/168 202/284/168
f 207/287/171 206/288/171 204/283/171
f 209/289/172 208/290/172 207/287/172
f 211/291/173 207/287/173 208/290/173
f 209/289/174 207/287/174 205/286/174
f 207/287/175 210/292/175 212/293/175
f 211/291/173 210/292/173 207/287/173
f 207/287/175 212/293/175 206/288/175
f 212/293/176 213/294/176 215/295/176
f 210/292/177 213/294/177 212/293/177
f 212/293/178 202/284/178 206/288/178
f 212/293/179 214/296/179 202/284/179
f 212/293/180 215/295/180 214/296/180
f 217/297/181 216/298/181 215/295/181
f 216/298/182 218/299/182 215/295/182
f 217/297/181 215/295/181 213/294/181
f 214/296/183 215/295/183 218/299/183
f 216/298/182 219/300/182 218/299/182
f 219/300/184 221/301/184 218/299/184
f 220/302/185 218/299/185 221/301/185
f 214/296/183 218/299/183 220/302/183
f 219/300/184 222/303/184 221/301/184
f 222/303/186 223/304/186 221/301/186
f 188/267/187 221/301/187 223/304/187
f 220/302/188 221/301/188 188/267/188
f 222/303/186 224/305/186 223/304/186
f 224/305/189 182/262/189 223/304/189
f 186/263/190 223/304/190 182/262/190
f 188/267/187 223/304/187 186/263/187
f 226/306/191 224/305/191 222/303/191
f 224/305/189 225/307/189 182/262/189
f 227/308/192 225/307/192 224/305/192
f 226/306/193 227/308/193 224/305/193
f 227/308/194 228/309/194 230/310/194
f 226/306/195 228/309/195 227/308/195
f 227/308/196 229/311/196 225/307/196
f 227/308/197 230/310/197 229/311/197
f 230/310/198 231/312/198 233/313/198
f 228/309/199 231/312/199 230/310/199
f 229/311/200 230/310/200 232/314/200
f 230/310/198 233/313/198 232/314/198
f 235/315/201 234/316/201 233/313/201
f 234/316/202 236/317/202 233/313/202
f 235/315/201 233/313/201 231/312/201
f 232/314/203 233/313/203 236/317/203
f 234/316/202 237/318/202 236/317/202
f 237/319/204 239/320/204 236/321/204
f 238/322/205 236/321/205 239/320/205
f 232/314/203 236/317/203 238/323/203
f 237/319/204 240/324/204 239/320/204
f 240/324/206 242/325/206 239/320/206
f 241/326/207 239/320/207 242/325/207
f 238/322/205 239/320/205 241/326/205
f 240/324/206 245/327/206 242/325/206
f 243/328/208 242/325/208 244/329/208
f 241/326/207 242/325/207 243/328/207
f 245/327/209 244/329/209 242/325/209
f 240/324/210 246/330/210 245/327/210
f 245/327/211 246/330/211 248/331/211
f 245/327/209 247/332/209 244/329/209
f 245/327/211 248/331/211 247/332/211
f 250/333/212 249/334/212 248/331/212
f 249/334/213 251/335/213 248/331/213
f 250/333/212 248/331/212 246/330/212
f 247/332/214 248/331/214 251/335/214
f 251/335/215 252/336/215 255/337/215
f 249/334/213 252/336/213 251/335/213
f 251/335/216 256/338/216 253/339/216
f 247/332/217 251/335/217 253/339/217
f 251/335/216 254/340/216 256/338/216
f 251/335/215 255/337/215 254/340/215
f 254/340/218 257/341/218 256/338/218
f 256/338/219 257/341/219 259/342/219
f 253/339/220 256/338/220 258/343/220
f 256/338/219 259/342/219 258/343/219
f 257/341/221 261/344/221 259/342/221
f 260/345/222 259/342/222 261/344/222
f 262/346/223 259/342/223 260/345/223
f 262/346/223 258/343/223 259/342/223
f 263/347/224 265/348/224 262/346/224
f 263/347/225 262/346/225 264/349/225
f 265/348/226 258/343/226 262/346/226
f 264/349/227 262/346/227 260/345/227
f 267/350/228 266/351/228 265/348/228
f 266/351/229 268/352/229 265/348/229
f 267/350/228 265/348/228 263/347/228
f 265/348/226 268/352/226 258/343/226
f 266/351/229 244/329/229 268/352/229
f 247/332/230 253/339/230 268/352/230
f 253/339/220 258/343/220 268/352/220
f 247/332/231 268/352/231 244/329/231
f 271/353/232 266/351/232 267/350/232
f 267/350/233 263/347/233 270/354/233
f 271/353/234 267/350/234 269/355/234
f 267/350/233 270/354/233 269/355/233
f 271/353/232 243/328/232 266/351/232
f 273/356/235 243/328/235 271/353/235
f 273/356/236 271/353/236 272/357/236
f 271/353/237 269/355/237 272/357/237
f 273/356/238 241/326/238 243/328/238
f 275/358/239 241/326/239 273/356/239
f 275/358/240 273/356/240 274/359/240
f 273/356/236 272/357/236 274/359/236
f 275/358/239 238/322/239 241/326/239
f 276/360/241 238/323/241 275/361/241
f 276/360/242 275/361/242 178/258/242
f 275/358/240 274/359/240 178/259/240
f 276/360/241 232/314/241 238/323/241
f 229/311/243 232/314/243 276/360/243
f 229/311/244 276/360/244 179/257/244
f 276/360/245 178/258/245 179/257/245
f 274/359/246 272/357/246 277/362/246
f 178/259/146 274/359/146 180/260/146
f 274/359/246 277/362/246 180/260/246
f 272/357/247 278/363/247 277/362/247
f 170/247/248 277/362/248 278/363/248
f 171/246/249 277/362/249 170/247/249
f 171/246/250 180/260/250 277/362/250
f 272/357/247 269/355/247 278/363/247
f 269/355/251 280/364/251 278/363/251
f 279/365/252 278/363/252 280/364/252
f 170/247/248 278/363/248 279/365/248
f 269/355/251 270/354/251 280/364/251
f 270/354/253 282/366/253 280/364/253
f 281/367/254 280/364/254 282/366/254
f 279/365/252 280/364/252 281/367/252
f 270/354/253 283/368/253 282/366/253
f 283/368/255 285/369/255 282/366/255
f 284/370/256 282/366/256 285/369/256
f 281/367/254 282/366/254 284/370/254
f 283/368/255 288/371/255 285/369/255
f 286/372/257 285/369/257 287/373/257
f 284/370/256 285/369/256 286/372/256
f 288/371/258 287/373/258 285/369/258
f 264/349/259 288/371/259 283/368/259
f 264/349/260 289/374/260 288/371/260
f 289/374/261 290/375/261 288/371/261
f 288/371/258 290/375/258 287/373/258
f 290/375/262 291/376/262 293/377/262
f 292/378/263 291/376/263 290/375/263
f 289/374/261 292/378/261 290/375/261
f 290/375/262 293/377/262 287/373/262
f 291/376/264 296/379/264 293/377/264
f 294/380/265 287/373/265 293/377/265
f 294/380/265 293/377/265 295/381/265
f 293/377/266 297/382/266 295/381/266
f 293/377/266 296/379/266 297/382/266
f 298/383/267 295/381/267 297/382/267
f 297/382/268 296/379/268 301/384/268
f 298/383/267 297/382/267 299/385/267
f 299/385/269 297/382/269 300/386/269
f 297/382/270 301/384/270 300/386/270
f 303/387/271 302/388/271 301/384/271
f 302/388/272 304/389/272 301/384/272
f 303/387/271 301/384/271 296/379/271
f 300/386/273 301/384/273 304/389/273
f 302/388/272 93/159/272 304/389/272
f 93/159/59 95/160/59 304/389/59
f 305/390/274 304/389/274 95/160/274
f 300/386/273 304/389/273 305/390/273
f 305/390/275 307/391/275 306/392/275
f 308/393/276 305/390/276 306/392/276
f 305/390/275 97/163/275 307/391/275
f 305/390/277 95/160/277 97/163/277
f 308/393/278 300/386/278 305/390/278
f 299/385/279 300/386/279 308/393/279
f 299/385/280 308/393/280 145/215/280
f 308/393/281 309/394/281 145/215/281
f 308/393/281 306/392/281 309/394/281
f 306/392/282 310/395/282 309/394/282
f 309/394/283 310/395/283 137/202/283
f 145/215/109 309/394/109 139/205/109
f 309/394/283 137/202/283 139/205/283
f 306/392/282 307/391/282 310/395/282
f 307/391/284 133/199/284 310/395/284
f 137/202/98 310/395/98 133/199/98
f 97/163/285 311/396/285 307/391/285
f 307/391/284 311/396/284 133/199/284
f 97/163/285 98/164/285 311/396/285
f 98/164/286 130/196/286 311/396/286
f 133/199/95 311/396/95 130/196/95
f 291/376/264 303/387/264 296/379/264
f 313/397/287 303/387/287 291/376/287
f 313/397/288 312/398/288 303/387/288
f 312/398/289 302/388/289 303/387/289
f 313/397/290 314/399/290 82/148/290
f 292/378/291 314/399/291 313/397/291
f 313/397/290 82/148/290 312/398/290
f 292/378/263 313/397/263 291/376/263
f 261/344/292 78/144/292 314/399/292
f 78/144/293 82/148/293 314/399/293
f 261/344/292 314/399/292 315/400/292
f 292/378/291 315/400/291 314/399/291
f 260/345/222 261/344/222 315/400/222
f 289/374/294 315/400/294 292/378/294
f 289/374/295 260/345/295 315/400/295
f 312/398/296 82/148/296 83/149/296
f 312/398/297 86/152/297 302/388/297
f 312/398/296 83/149/296 86/152/296
f 86/152/298 93/159/298 302/388/298
f 298/383/299 299/385/299 147/216/299
f 299/385/280 145/215/280 147/216/280
f 294/380/300 295/381/300 298/383/300
f 294/380/300 298/383/300 316/401/300
f 316/401/301 298/383/301 150/220/301
f 298/383/302 147/216/302 150/220/302
f 286/372/303 294/380/303 316/401/303
f 286/372/304 316/401/304 318/402/304
f 316/401/305 150/220/305 317/403/305
f 319/404/306 316/401/306 317/403/306
f 319/404/306 318/402/306 316/401/306
f 320/405/307 318/402/307 319/404/307
f 320/405/308 319/404/308 153/224/308
f 319/404/309 149/219/309 153/224/309
f 319/404/310 317/403/310 149/219/310
f 320/405/307 321/406/307 318/402/307
f 165/242/311 321/406/311 320/405/311
f 165/242/312 320/405/312 156/229/312
f 320/405/308 153/224/308 156/229/308
f 321/406/313 284/370/313 286/372/313
f 281/367/314 284/370/314 321/406/314
f 281/367/314 321/406/314 166/241/314
f 321/406/315 286/372/315 318/402/315
f 165/242/311 166/241/311 321/406/311
f 149/219/115 317/403/115 150/220/115
f 286/372/257 287/373/257 294/380/257
f 264/349/316 260/345/316 289/374/316
f 263/347/317 264/349/317 283/368/317
f 263/347/318 283/368/318 270/354/318
f 279/365/319 281/367/319 166/241/319
f 170/247/139 279/365/139 164/240/139
f 279/365/320 166/241/320 164/240/320
f 243/328/208 244/329/208 266/351/208
f 257/341/321 322/407/321 261/344/321
f 322/407/322 78/144/322 261/344/322
f 323/408/323 73/140/323 322/407/323
f 73/140/42 76/141/42 322/407/42
f 323/408/323 322/407/323 257/341/323
f 322/407/322 76/141/322 78/144/322
f 324/409/324 73/140/324 323/408/324
f 254/340/325 324/409/325 323/408/325
f 254/340/218 323/408/218 257/341/218
f 325/410/326 72/135/326 324/409/326
f 255/337/327 325/410/327 324/409/327
f 324/409/324 72/135/324 73/140/324
f 254/340/325 255/337/325 324/409/325
f 326/411/328 330/412/328 325/410/328
f 326/411/329 325/410/329 329/413/329
f 325/410/330 327/414/330 72/135/330
f 325/410/331 328/415/331 327/414/331
f 325/410/332 330/412/332 328/415/332
f 255/337/333 329/413/333 325/410/333
f 326/411/334 331/416/334 330/412/334
f 330/412/335 331/417/335 328/415/335
f 332/418/336 331/419/336 360/420/336
f 333/421/337 331/422/337 332/418/337
f 334/423/338 331/424/338 333/421/338
f 335/425/339 331/426/339 334/423/339
f 328/415/340 331/427/340 335/425/340
f 336/428/341 331/429/341 337/430/341
f 359/431/342 331/432/342 336/428/342
f 337/430/343 331/433/343 338/434/343
f 338/434/344 331/435/344 339/436/344
f 339/436/345 331/437/345 340/438/345
f 340/438/346 331/439/346 341/440/346
f 341/440/347 331/441/347 342/442/347
f 342/442/348 331/443/348 343/444/348
f 343/444/349 331/445/349 344/446/349
f 344/446/350 331/447/350 345/448/350
f 345/448/351 331/449/351 346/450/351
f 346/450/352 331/451/352 347/452/352
f 347/452/353 331/453/353 348/454/353
f 348/454/354 331/455/354 349/456/354
f 349/456/355 331/457/355 350/458/355
f 350/458/356 331/459/356 351/460/356
f 351/460/357 331/461/357 352/462/357
f 352/462/358 331/463/358 353/464/358
f 353/464/359 331/465/359 354/466/359
f 354/467/360 331/468/360 355/469/360
f 355/469/361 331/470/361 356/471/361
f 356/471/362 331/472/362 357/473/362
f 357/473/363 331/474/363 358/475/363
f 358/475/364 331/476/364 326/411/364
f 360/420/365 331/477/365 359/431/365
f 361/478/366 332/418/366 360/420/366
f 361/478/366 360/420/366 362/479/366
f 362/479/367 360/420/367 359/431/367
f 362/479/368 363/480/368 365/481/368
f 362/479/367 359/431/367 363/480/367
f 361/478/369 362/479/369 364/482/369
f 362/479/368 365/481/368 364/482/368
f 365/481/370 366/483/370 368/484/370
f 363/480/371 366/483/371 365/481/371
f 364/482/372 365/481/372 367/485/372
f 365/481/370 368/484/370 367/485/370
f 368/484/373 366/483/373 371/486/373
f 372/487/374 367/485/374 368/484/374
f 369/488/375 368/484/375 370/489/375
f 372/487/374 368/484/374 369/488/374
f 368/484/373 371/486/373 370/489/373
f 375/490/376 367/485/376 372/487/376
f 372/487/377 369/488/377 374/491/377
f 375/490/378 372/487/378 373/492/378
f 372/487/377 374/491/377 373/492/377
f 375/490/379 376/493/379 367/485/379
f 377/494/380 376/493/380 375/490/380
f 377/494/381 375/490/381 89/154/381
f 375/490/382 373/492/382 89/154/382
f 377/494/380 378/495/380 376/493/380
f 379/496/383 378/495/383 377/494/383
f 379/496/384 377/494/384 80/145/384
f 80/145/50 377/494/50 84/150/50
f 377/494/381 89/154/381 84/150/381
f 380/497/385 378/495/385 379/496/385
f 75/142/386 380/497/386 379/496/386
f 75/142/46 379/496/46 80/145/46
f 382/498/387 381/499/387 380/497/387
f 381/499/388 383/500/388 380/497/388
f 382/498/387 380/497/387 71/138/387
f 380/497/385 383/500/385 378/495/385
f 75/142/386 71/138/386 380/497/386
f 381/499/389 361/478/389 383/500/389
f 361/478/390 364/482/390 383/500/390
f 383/500/391 364/482/391 376/493/391
f 383/500/391 376/493/391 378/495/391
f 334/423/392 381/499/392 382/498/392
f 70/136/393 334/423/393 382/498/393
f 70/136/39 382/498/39 71/138/39
f 334/423/394 333/421/394 381/499/394
f 333/421/395 361/478/395 381/499/395
f 364/482/372 367/485/372 376/493/372
f 369/488/396 385/501/396 374/491/396
f 386/502/397 373/492/397 374/491/397
f 384/503/398 374/491/398 385/501/398
f 386/502/397 374/491/397 384/503/397
f 88/156/399 373/492/399 386/502/399
f 386/502/400 384/503/400 387/504/400
f 88/156/56 386/502/56 91/157/56
f 386/502/401 387/504/401 91/157/401
f 387/504/402 384/503/402 389/505/402
f 91/157/403 387/504/403 100/167/403
f 387/504/404 388/506/404 103/170/404
f 387/504/402 389/505/402 388/506/402
f 387/504/404 103/170/404 100/167/404
f 389/505/405 385/501/405 391/507/405
f 384/503/398 385/501/398 389/505/398
f 388/506/406 389/505/406 390/508/406
f 389/505/405 391/507/405 390/508/405
f 393/509/407 392/510/407 391/507/407
f 392/510/408 394/511/408 391/507/408
f 393/509/407 391/507/407 385/501/407
f 390/508/409 391/507/409 394/511/409
f 392/510/408 397/512/408 394/511/408
f 395/513/410 394/511/410 396/514/410
f 390/508/409 394/511/409 395/513/409
f 397/512/411 396/514/411 394/511/411
f 392/510/412 398/515/412 397/512/412
f 398/515/413 399/516/413 397/512/413
f 397/512/411 399/516/411 396/514/411
f 399/516/414 400/517/414 402/518/414
f 398/515/413 400/517/413 399/516/413
f 399/516/415 401/519/415 403/520/415
f 399/516/414 402/518/414 401/519/414
f 399/516/415 403/520/415 396/514/415
f 404/521/416 396/514/416 403/520/416
f 404/521/416 403/520/416 405/522/416
f 401/519/417 406/523/417 403/520/417
f 405/522/418 403/520/418 406/523/418
f 401/519/419 407/524/419 406/523/419
f 407/524/420 409/525/420 406/523/420
f 406/523/421 410/526/421 408/527/421
f 405/522/418 406/523/418 408/527/418
f 406/523/421 409/525/421 410/526/421
f 410/526/422 409/525/422 413/528/422
f 411/529/423 410/526/423 412/530/423
f 414/531/424 410/526/424 411/529/424
f 410/526/422 413/528/422 412/530/422
f 414/531/424 408/527/424 410/526/424
f 415/532/425 414/531/425 416/533/425
f 415/532/426 408/527/426 414/531/426
f 414/531/427 417/534/427 416/533/427
f 414/531/427 411/529/427 417/534/427
f 416/533/428 417/534/428 419/535/428
f 411/529/429 418/536/429 417/534/429
f 417/534/430 418/536/430 420/537/430
f 417/534/430 420/537/430 419/535/430
f 421/538/431 419/535/431 420/537/431
f 421/538/431 420/537/431 422/539/431
f 418/536/432 423/540/432 420/537/432
f 422/539/433 420/537/433 423/540/433
f 422/539/433 423/540/433 211/291/433
f 423/540/434 424/541/434 426/542/434
f 418/536/432 424/541/432 423/540/432
f 423/540/435 210/292/435 211/291/435
f 423/540/435 425/543/435 210/292/435
f 423/540/434 426/542/434 425/543/434
f 428/544/436 427/545/436 426/542/436
f 427/545/437 217/297/437 426/542/437
f 428/544/436 426/542/436 424/541/436
f 426/542/438 213/294/438 425/543/438
f 426/542/438 217/297/438 213/294/438
f 428/544/439 429/546/439 430/547/439
f 431/548/440 429/546/440 428/544/440
f 428/544/439 430/547/439 427/545/439
f 431/548/441 428/544/441 424/541/441
f 431/548/442 412/530/442 429/546/442
f 411/529/423 412/530/423 431/548/423
f 411/529/429 431/548/429 418/536/429
f 431/548/441 424/541/441 418/536/441
f 430/547/443 432/549/443 435/550/443
f 433/551/444 432/549/444 430/547/444
f 433/551/444 430/547/444 429/546/444
f 427/545/445 430/547/445 434/552/445
f 430/547/443 435/550/443 434/552/443
f 436/553/446 438/554/446 435/550/446
f 436/553/446 435/550/446 432/549/446
f 434/552/447 435/550/447 437/555/447
f 438/554/448 437/555/448 435/550/448
f 440/556/449 438/554/449 436/553/449
f 438/554/450 439/557/450 442/558/450
f 440/556/449 439/557/449 438/554/449
f 438/554/451 441/559/451 437/555/451
f 438/554/452 442/558/452 441/559/452
f 444/560/453 443/561/453 442/558/453
f 443/561/454 445/562/454 442/558/454
f 444/560/453 442/558/453 439/557/453
f 441/559/455 442/558/455 445/562/455
f 443/561/454 446/563/454 445/562/454
f 446/563/456 448/564/456 445/562/456
f 447/565/457 445/562/457 448/564/457
f 441/559/455 445/562/455 447/565/455
f 446/563/456 449/566/456 448/564/456
f 449/566/458 451/567/458 448/564/458
f 450/568/459 448/564/459 451/567/459
f 447/565/457 448/564/457 450/568/457
f 449/566/458 452/569/458 451/567/458
f 452/569/460 454/570/460 451/567/460
f 451/567/461 235/315/461 453/571/461
f 450/568/462 451/567/462 453/571/462
f 451/567/461 454/570/461 235/315/461
f 452/569/460 455/572/460 454/570/460
f 455/572/463 456/573/463 454/570/463
f 235/315/464 454/570/464 456/573/464
f 455/572/463 457/574/463 456/573/463
f 457/574/465 458/575/465 456/573/465
f 234/316/466 456/573/466 458/575/466
f 235/315/464 456/573/464 234/316/464
f 457/574/467 460/576/467 458/575/467
f 237/319/468 458/577/468 459/578/468
f 234/316/466 458/575/466 237/318/466
f 460/579/469 459/578/469 458/577/469
f 457/574/470 461/580/470 460/576/470
f 461/581/471 462/582/471 460/579/471
f 460/579/469 462/582/469 459/578/469
f 462/582/472 463/583/472 464/584/472
f 461/581/471 463/583/471 462/582/471
f 462/582/473 250/333/473 246/330/473
f 462/582/472 464/584/472 250/333/472
f 462/582/473 246/330/473 459/578/473
f 356/471/474 465/585/474 464/584/474
f 463/583/475 356/471/475 464/584/475
f 250/333/476 464/584/476 465/585/476
f 465/585/477 357/473/477 358/475/477
f 356/471/474 357/473/474 465/585/474
f 249/334/478 465/585/478 466/586/478
f 250/333/476 465/585/476 249/334/476
f 465/585/479 358/475/479 466/586/479
f 466/586/480 358/475/480 326/411/480
f 466/586/481 255/337/481 252/336/481
f 249/334/482 466/586/482 252/336/482
f 466/586/483 329/413/483 255/337/483
f 466/586/480 326/411/480 329/413/480
f 463/583/484 355/469/484 356/471/484
f 461/581/485 355/469/485 463/583/485
f 457/574/470 467/587/470 461/580/470
f 461/581/485 354/467/485 355/469/485
f 353/464/486 354/466/486 461/580/486
f 353/464/486 461/580/486 467/587/486
f 468/588/487 467/587/487 457/574/487
f 352/462/488 467/587/488 468/588/488
f 352/462/489 353/464/489 467/587/489
f 351/460/490 352/462/490 468/588/490
f 351/460/490 468/588/490 469/589/490
f 469/589/491 468/588/491 455/572/491
f 468/588/487 457/574/487 455/572/487
f 470/590/492 351/460/492 469/589/492
f 449/566/493 470/590/493 469/589/493
f 469/589/494 455/572/494 452/569/494
f 449/566/493 469/589/493 452/569/493
f 470/590/492 350/458/492 351/460/492
f 349/456/495 350/458/495 470/590/495
f 349/456/495 470/590/495 471/591/495
f 446/563/496 470/590/496 449/566/496
f 446/563/497 471/591/497 470/590/497
f 472/592/498 349/456/498 471/591/498
f 443/561/499 471/591/499 446/563/499
f 443/561/500 472/592/500 471/591/500
f 472/592/501 348/454/501 349/456/501
f 347/452/502 348/454/502 472/592/502
f 347/452/503 472/592/503 473/593/503
f 473/593/504 472/592/504 443/561/504
f 474/594/505 347/452/505 473/593/505
f 474/594/506 473/593/506 444/560/506
f 473/593/504 443/561/504 444/560/504
f 474/594/505 346/450/505 347/452/505
f 476/595/507 346/450/507 474/594/507
f 476/595/508 474/594/508 475/596/508
f 474/594/506 444/560/506 475/596/506
f 476/595/507 345/448/507 346/450/507
f 478/597/509 345/448/509 476/595/509
f 478/597/510 476/595/510 477/598/510
f 476/595/508 475/596/508 477/598/508
f 479/599/511 478/597/511 480/600/511
f 343/444/512 478/597/512 479/599/512
f 478/597/513 344/446/513 345/448/513
f 343/444/514 344/446/514 478/597/514
f 478/597/510 477/598/510 480/600/510
f 479/599/515 480/600/515 483/601/515
f 480/600/516 482/602/516 481/603/516
f 484/604/517 480/600/517 481/603/517
f 480/600/516 477/598/516 482/602/516
f 484/604/517 483/601/517 480/600/517
f 485/605/518 483/601/518 484/604/518
f 485/605/518 484/604/518 488/606/518
f 484/604/519 487/607/519 486/608/519
f 407/524/520 484/604/520 486/608/520
f 484/604/519 481/603/519 487/607/519
f 407/524/520 488/606/520 484/604/520
f 489/609/521 485/605/521 488/606/521
f 401/519/522 488/606/522 407/524/522
f 489/609/521 488/606/521 402/518/521
f 401/519/523 402/518/523 488/606/523
f 490/610/524 485/605/524 489/609/524
f 491/611/525 490/610/525 489/609/525
f 491/611/526 489/609/526 402/518/526
f 491/611/525 492/612/525 490/610/525
f 493/613/527 492/612/527 491/611/527
f 493/613/528 491/611/528 494/614/528
f 494/614/529 491/611/529 400/517/529
f 491/611/526 402/518/526 400/517/526
f 495/615/530 493/613/530 494/614/530
f 495/615/530 494/614/530 496/616/530
f 494/614/529 400/517/529 398/515/529
f 497/617/531 494/614/531 398/515/531
f 497/617/532 496/616/532 494/614/532
f 370/489/533 497/617/533 392/510/533
f 371/486/534 497/617/534 370/489/534
f 371/486/535 496/616/535 497/617/535
f 392/510/412 497/617/412 398/515/412
f 371/486/536 495/615/536 496/616/536
f 495/615/537 338/434/537 339/436/537
f 337/430/538 338/434/538 495/615/538
f 337/430/539 495/615/539 498/618/539
f 495/615/540 339/436/540 493/613/540
f 371/486/541 498/618/541 495/615/541
f 366/483/542 499/619/542 498/618/542
f 366/483/543 498/618/543 371/486/543
f 499/619/544 337/430/544 498/618/544
f 359/431/545 336/428/545 499/619/545
f 359/431/545 499/619/545 363/480/545
f 499/619/546 336/428/546 337/430/546
f 363/480/547 499/619/547 366/483/547
f 339/436/548 492/612/548 493/613/548
f 492/612/549 340/438/549 341/440/549
f 339/436/550 340/438/550 492/612/550
f 492/612/549 341/440/549 490/610/549
f 341/440/551 500/620/551 490/610/551
f 490/610/524 500/620/524 485/605/524
f 500/620/552 342/442/552 343/444/552
f 341/440/551 342/442/551 500/620/551
f 500/620/553 479/599/553 483/601/553
f 500/620/552 343/444/552 479/599/552
f 500/620/554 483/601/554 485/605/554
f 487/607/555 481/603/555 482/602/555
f 487/607/556 501/621/556 433/551/556
f 487/607/555 482/602/555 501/621/555
f 486/608/557 487/607/557 413/528/557
f 487/607/558 433/551/558 413/528/558
f 501/621/559 482/602/559 440/556/559
f 433/551/560 501/621/560 436/553/560
f 501/621/559 440/556/559 436/553/559
f 407/524/420 486/608/420 409/525/420
f 486/608/557 413/528/557 409/525/557
f 477/598/561 440/556/561 482/602/561
f 477/598/562 475/596/562 440/556/562
f 475/596/563 444/560/563 439/557/563
f 475/596/564 439/557/564 440/556/564
f 237/319/468 459/578/468 240/324/468
f 240/324/210 459/578/210 246/330/210
f 450/568/565 453/571/565 502/622/565
f 453/571/566 235/315/566 231/312/566
f 453/571/566 231/312/566 502/622/566
f 450/568/567 502/622/567 503/623/567
f 504/624/568 503/623/568 502/622/568
f 228/309/199 502/622/199 231/312/199
f 504/624/568 502/622/568 228/309/568
f 505/625/569 507/626/569 504/624/569
f 505/625/569 504/624/569 226/306/569
f 506/627/570 503/623/570 504/624/570
f 506/627/570 504/624/570 507/626/570
f 226/306/571 504/624/571 228/309/571
f 509/628/572 508/629/572 507/626/572
f 508/629/573 506/627/573 507/626/573
f 509/628/574 507/626/574 505/625/574
f 510/630/575 508/629/575 509/628/575
f 509/628/576 505/625/576 219/300/576
f 510/630/577 509/628/577 216/298/577
f 509/628/576 219/300/576 216/298/576
f 510/630/578 434/552/578 508/629/578
f 427/545/445 434/552/445 510/630/445
f 427/545/579 510/630/579 217/297/579
f 510/630/577 216/298/577 217/297/577
f 508/629/573 437/555/573 506/627/573
f 434/552/447 437/555/447 508/629/447
f 441/559/580 447/565/580 506/627/580
f 447/565/581 503/623/581 506/627/581
f 441/559/580 506/627/580 437/555/580
f 505/625/582 226/306/582 222/303/582
f 505/625/582 222/303/582 219/300/582
f 447/565/581 450/568/581 503/623/581
f 433/551/560 436/553/560 432/549/560
f 412/530/583 433/551/583 429/546/583
f 412/530/583 413/528/583 433/551/583
f 210/292/177 425/543/177 213/294/177
f 422/539/584 208/290/584 511/631/584
f 512/632/585 422/539/585 511/631/585
f 422/539/586 211/291/586 208/290/586
f 512/632/587 421/538/587 422/539/587
f 117/182/588 421/538/588 512/632/588
f 117/182/588 512/632/588 116/184/588
f 116/184/589 512/632/589 513/633/589
f 512/632/590 514/634/590 513/633/590
f 512/632/590 511/631/590 514/634/590
f 514/634/591 511/631/591 208/290/591
f 515/635/592 514/634/592 209/289/592
f 514/634/591 208/290/591 209/289/591
f 513/633/593 514/634/593 515/635/593
f 513/633/593 515/635/593 519/636/593
f 515/635/594 518/637/594 516/638/594
f 520/639/595 515/635/595 516/638/595
f 515/635/594 517/640/594 518/637/594
f 515/635/592 209/289/592 517/640/592
f 520/639/596 519/636/596 515/635/596
f 521/641/597 519/636/597 520/639/597
f 140/642/598 520/639/598 516/638/598
f 140/643/599 522/644/599 520/639/599
f 521/641/600 520/639/600 522/644/600
f 523/645/601 521/641/601 522/644/601
f 140/646/602 523/645/602 522/644/602
f 123/190/603 523/645/603 524/647/603
f 140/648/604 524/647/604 523/645/604
f 523/645/605 120/186/605 521/641/605
f 123/190/606 120/186/606 523/645/606
f 140/649/607 525/650/607 524/647/607
f 525/650/608 123/190/608 524/647/608
f 525/650/608 122/188/608 123/190/608
f 526/651/609 122/188/609 525/650/609
f 526/651/610 525/650/610 527/652/610
f 140/653/611 527/652/611 525/650/611
f 528/654/612 526/651/612 527/652/612
f 140/655/613 528/654/613 527/652/613
f 528/654/614 131/198/614 526/651/614
f 134/201/615 131/198/615 528/654/615
f 134/201/615 528/654/615 529/656/615
f 140/657/616 529/656/616 528/654/616
f 136/203/617 134/201/617 529/656/617
f 140/658/618 136/203/618 529/656/618
f 125/191/619 122/188/619 526/651/619
f 131/198/620 125/191/620 526/651/620
f 119/187/621 519/636/621 521/641/621
f 120/186/81 119/187/81 521/641/81
f 119/187/621 513/633/621 519/636/621
f 517/640/622 530/659/622 518/637/622
f 140/660/623 518/637/623 530/659/623
f 140/661/624 516/638/624 518/637/624
f 517/640/622 531/662/622 530/659/622
f 531/662/625 199/277/625 530/659/625
f 140/663/626 530/659/626 199/277/626
f 205/286/169 198/278/169 531/662/169
f 517/640/627 205/286/627 531/662/627
f 531/662/628 198/278/628 199/277/628
f 517/640/627 209/289/627 205/286/627
f 116/184/589 513/633/589 119/187/589
f 532/664/629 419/535/629 421/538/629
f 532/664/630 421/538/630 117/182/630
f 533/665/631 416/533/631 532/664/631
f 416/533/428 419/535/428 532/664/428
f 533/665/631 532/664/631 534/666/631
f 113/179/632 532/664/632 117/182/632
f 113/179/632 534/666/632 532/664/632
f 535/667/633 533/665/633 534/666/633
f 535/667/633 534/666/633 111/176/633
f 111/176/75 534/666/75 113/179/75
f 537/668/634 536/669/634 535/667/634
f 536/669/635 533/665/635 535/667/635
f 537/668/634 535/667/634 109/175/634
f 109/175/73 535/667/73 111/176/73
f 537/668/636 395/513/636 404/521/636
f 538/670/637 395/513/637 537/668/637
f 537/668/638 404/521/638 536/669/638
f 538/670/639 537/668/639 109/175/639
f 538/670/637 390/508/637 395/513/637
f 388/506/406 390/508/406 538/670/406
f 388/506/640 538/670/640 106/172/640
f 538/670/639 109/175/639 106/172/639
f 536/669/641 404/521/641 405/522/641
f 536/669/642 415/532/642 533/665/642
f 536/669/641 405/522/641 415/532/641
f 415/532/425 416/533/425 533/665/425
f 415/532/426 405/522/426 408/527/426
f 395/513/410 396/514/410 404/521/410
f 370/489/533 392/510/533 393/509/533
f 369/488/375 370/489/375 393/509/375
f 369/488/396 393/509/396 385/501/396
f 388/506/643 106/172/643 103/170/643
f 88/156/399 89/154/399 373/492/399
f 333/421/644 332/418/644 361/478/644
f 70/136/393 335/425/393 334/423/393
f 327/414/645 335/425/645 70/136/645
f 327/414/645 328/415/645 335/425/645
f 72/135/38 327/414/38 70/136/38
f 229/311/646 179/257/646 225/307/646
f 182/262/148 225/307/148 179/257/148
f 220/302/647 188/267/647 189/268/647
f 214/296/648 220/302/648 203/285/648
f 220/302/647 189/268/647 203/285/647
f 214/296/649 203/285/649 202/284/649
f 194/271/156 203/285/156 189/268/156
f 140/671/650 196/276/650 539/672/650
f 196/276/160 192/273/160 539/672/160
f 192/273/651 540/673/651 539/672/651
f 140/674/652 539/672/652 540/673/652
f 192/273/653 193/272/653 540/673/653
f 540/673/654 193/272/654 542/675/654
f 140/676/655 540/673/655 541/677/655
f 540/673/656 542/675/656 541/677/656
f 542/675/657 543/678/657 545/679/657
f 190/270/658 543/678/658 542/675/658
f 541/677/659 542/675/659 544/680/659
f 190/270/658 542/675/658 193/272/658
f 542/675/657 545/679/657 544/680/657
f 185/264/660 174/681/660 545/679/660
f 543/678/661 185/264/661 545/679/661
f 545/679/662 546/682/662 544/680/662
f 545/679/662 174/681/662 546/682/662
f 546/683/663 174/248/663 168/243/663
f 546/683/664 549/684/664 547/685/664
f 550/686/665 546/682/665 547/687/665
f 546/683/666 548/688/666 549/684/666
f 546/683/663 168/243/663 548/688/663
f 550/686/667 544/680/667 546/682/667
f 541/677/668 544/680/668 550/686/668
f 140/689/669 550/686/669 547/687/669
f 140/690/670 541/677/670 550/686/670
f 548/688/671 162/236/671 549/684/671
f 140/691/672 549/684/672 162/236/672
f 140/692/673 547/685/673 549/684/673
f 168/243/136 161/237/136 548/688/136
f 548/688/674 161/237/674 162/236/674
f 543/678/661 184/265/661 185/264/661
f 190/270/155 184/265/155 543/678/155
f 176/251/142 173/253/142 185/264/142
f 185/264/675 173/253/675 174/681/675
f 165/242/312 156/229/312 157/230/312
f 140/693/676 162/236/676 159/234/676
f 98/164/677 101/166/677 130/196/677
f 101/166/678 128/195/678 130/196/678
f 101/166/678 104/169/678 128/195/678
f 128/195/90 104/169/90 107/174/90
f 107/174/91 110/178/91 126/193/91
f 110/178/77 114/181/77 126/193/77
f 91/157/679 100/167/679 94/161/679
f 86/152/680 87/153/680 93/159/680
f 78/144/293 79/146/293 82/148/293
o 平面.003
v -0.100587 6.091378 -0.141762
v 2.670642 6.091378 -0.141762
v -0.100587 6.063722 -0.139038
v 2.670642 6.119035 -0.139038
v -0.100587 6.119035 -0.139038
v -0.100587 6.170137 -0.117871
v -0.100587 6.145628 -0.130971
v 2.670642 6.145628 -0.130971
v -0.100587 6.063722 0.139038
v -0.100587 6.230416 0.027656
v -0.100587 6.012619 -0.117871
v -0.100587 6.209249 -0.078759
v -0.100587 5.952340 -0.027656
v -0.100587 5.973507 -0.078759
v -0.100587 5.960406 -0.054250
v 2.670642 5.960406 -0.054250
v 2.670642 5.952339 -0.027656
v -0.100587 5.949615 -0.000000
v -0.100587 5.952340 0.027656
v -0.100587 5.973507 0.078759
v -0.100587 5.960406 0.054250
v 2.670642 5.960406 0.054250
v 2.670642 5.973507 0.078759
v -0.100587 5.991137 0.100241
v -0.100587 6.012619 0.117871
v 2.670642 6.012619 0.117871
v -0.100587 6.037127 0.130971
v 2.670642 5.991137 0.100241
v 2.670642 6.037127 0.130971
v 2.670642 6.063722 0.139038
v 2.670642 6.091378 0.141762
v 2.670642 6.145628 0.130971
v 2.670642 6.119035 0.139038
v -0.100587 6.145628 0.130971
v -0.100587 6.170137 0.117871
v 2.670642 6.037127 -0.130971
v 2.670642 6.170136 0.117871
v 2.670642 6.191619 0.100241
v 2.670642 6.222349 0.054250
v 2.670642 6.222349 -0.054250
v 2.670642 6.230416 -0.027656
v -0.100587 6.222349 -0.054250
v 2.670642 6.209249 -0.078759
v 2.670642 6.191619 -0.100241
v 2.670642 6.233140 -0.000000
v 2.670642 6.230416 0.027656
v -0.100587 6.233140 -0.000000
v -0.100587 6.230416 -0.027656
v -0.100587 6.191619 -0.100241
v 2.670642 6.170136 -0.117871
v 2.670642 6.209249 0.078759
v -0.100587 6.222349 0.054250
v -0.100587 6.209249 0.078759
v -0.100587 6.191619 0.100241
v 2.670642 6.063722 -0.139038
v -0.100587 6.037127 -0.130971
v 2.670642 6.012619 -0.117871
v 2.670642 5.991137 -0.100241
v -0.100587 5.991137 -0.100241
v 2.670642 5.973507 -0.078759
v -0.100587 6.119035 0.139038
v -0.100587 6.091378 0.141762
v 2.670642 5.952339 0.027656
v 2.670642 5.949615 -0.000000
vn -0.0000 0.0980 -0.9952
vn -0.0000 -0.0980 -0.9952
vn -1.0000 -0.0000 -0.0000
vn -0.0000 0.2903 -0.9569
vn -0.0000 -0.9570 -0.2902
vn -0.0000 -0.9569 -0.2903
vn -0.0000 -0.9952 -0.0980
vn -0.0000 -0.8819 0.4714
vn -0.0000 -0.7730 0.6344
vn -0.0000 -0.6344 0.7730
vn -0.0000 -0.4714 0.8819
vn 1.0000 -0.0000 -0.0000
vn -0.0000 -0.2903 0.9569
vn -0.0000 0.2903 0.9569
vn -0.0000 0.4714 0.8819
vn -0.0000 0.9569 -0.2903
vn -0.0000 0.8819 -0.4714
vn -0.0000 0.9952 0.0980
vn -0.0000 0.9952 -0.0980
vn -0.0000 0.9952 -0.0981
vn -0.0000 0.9952 0.0981
vn -0.0000 0.9569 0.2903
vn -0.0000 0.7730 -0.6344
vn -0.0000 0.6344 -0.7730
vn -0.0000 0.4714 -0.8819
vn -0.0000 0.8819 0.4714
vn -0.0000 0.7730 0.6344
vn -0.0000 0.6344 0.7730
vn -0.0000 -0.2903 -0.9569
vn -0.0000 -0.4714 -0.8819
vn -0.0000 -0.6344 -0.7730
vn -0.0000 -0.7730 -0.6344
vn -0.0000 -0.8819 -0.4714
vn -0.0000 0.0980 0.9952
vn -0.0000 -0.0980 0.9952
vn -0.0000 -0.9569 0.2903
vn -0.0000 -0.9952 0.0980
vn -0.0000 -0.9570 0.2902
vt 0.253997 0.775132
vt 0.250195 0.775132
vt 0.250195 0.000215
vt 0.440097 0.775132
vt 0.436295 0.000215
vt 0.440097 0.000215
vt 0.830513 0.640110
vt 0.834269 0.639525
vt 0.837954 0.640463
vt 0.253997 0.000215
vt 0.844548 0.646701
vt 0.817578 0.656371
vt 0.823357 0.645696
vt 0.826828 0.642193
vt 0.258230 0.775132
vt 0.258230 0.000215
vt 0.851462 0.672284
vt 0.834269 0.718134
vt 0.813320 0.685959
vt 0.849291 0.657875
vt 0.850729 0.664805
vt 0.407879 0.775132
vt 0.400364 0.000215
vt 0.407879 0.000215
vt 0.400364 0.775132
vt 0.392622 0.000215
vt 0.851462 0.680026
vt 0.850729 0.687734
vt 0.847204 0.701872
vt 0.849291 0.695110
vt 0.377364 0.775132
vt 0.370287 0.000215
vt 0.377364 0.000215
vt 0.370287 0.775132
vt 0.363828 0.000215
vt 0.844548 0.707760
vt 0.841424 0.712547
vt 0.363828 0.775132
vt 0.358112 0.775132
vt 0.358112 0.000215
vt 0.353181 0.000215
vt 0.837954 0.716050
vt 0.823357 0.635736
vt 0.817578 0.626859
vt 0.814053 0.613817
vt 0.815490 0.620746
vt 0.820234 0.631920
vt 0.353181 0.775132
vt 0.348948 0.000215
vt 0.348948 0.775132
vt 0.830513 0.639096
vt 0.826828 0.638159
vt 0.837954 0.636428
vt 0.834269 0.638512
vt 0.341344 0.775132
vt 0.337112 0.775132
vt 0.337112 0.000215
vt 0.332181 0.000215
vt 0.332181 0.775132
vt 0.826828 0.562571
vt 0.850729 0.585182
vt 0.844548 0.628138
vt 0.841424 0.632925
vt 0.849291 0.615488
vt 0.851462 0.592662
vt 0.851462 0.600404
vt 0.289929 0.775132
vt 0.282413 0.775132
vt 0.282413 0.000215
vt 0.275336 0.000215
vt 0.275336 0.775132
vt 0.847204 0.572140
vt 0.849291 0.578253
vt 0.841424 0.563263
vt 0.850729 0.608112
vt 0.305413 0.775132
vt 0.297671 0.775132
vt 0.297671 0.000215
vt 0.289929 0.000215
vt 0.814053 0.670510
vt 0.815490 0.663133
vt 0.813320 0.678217
vt 0.305413 0.000215
vt 0.312928 0.775132
vt 0.268877 0.775132
vt 0.268877 0.000215
vt 0.263161 0.000215
vt 0.263161 0.775132
vt 0.844548 0.567079
vt 0.820234 0.650483
vt 0.847204 0.622250
vt 0.320005 0.775132
vt 0.312928 0.000215
vt 0.815490 0.700368
vt 0.814053 0.693439
vt 0.320005 0.000215
vt 0.326465 0.775132
vt 0.820234 0.711542
vt 0.817578 0.706481
vt 0.326465 0.000215
vt 0.830513 0.560487
vt 0.834269 0.559903
vt 0.436295 0.775132
vt 0.432062 0.775132
vt 0.432062 0.000215
vt 0.427131 0.000215
vt 0.427131 0.775132
vt 0.815490 0.583511
vt 0.820234 0.570861
vt 0.823357 0.566074
vt 0.421415 0.775132
vt 0.421415 0.000215
vt 0.414956 0.000215
vt 0.414956 0.775132
vt 0.817578 0.576749
vt 0.847204 0.651762
vt 0.841424 0.642886
vt 0.826828 0.717781
vt 0.823357 0.715358
vt 0.345146 0.775132
vt 0.341344 0.000215
vt 0.830513 0.718718
vt 0.345146 0.000215
vt 0.813320 0.606337
vt 0.813320 0.598595
vt 0.384879 0.775132
vt 0.814053 0.590887
vt 0.392622 0.775132
vt 0.384879 0.000215
vt 0.837954 0.560840
s 0
usemtl マテリアル
f 554/694/681 552/695/681 551/696/681
f 552/697/682 553/698/682 551/699/682
f 555/700/683 551/701/683 553/702/683
f 554/694/681 551/696/681 555/703/681
f 555/700/683 553/702/683 561/704/683
f 562/705/683 556/706/683 555/700/683
f 556/706/683 557/707/683 555/700/683
f 558/708/684 555/703/684 557/709/684
f 558/708/684 554/694/684 555/703/684
f 555/700/683 563/710/683 559/711/683
f 559/711/683 560/712/683 555/700/683
f 560/712/683 562/705/683 555/700/683
f 555/700/683 561/704/683 563/710/683
f 561/704/683 564/713/683 563/710/683
f 564/713/683 565/714/683 563/710/683
f 566/715/685 563/716/685 565/717/685
f 566/715/686 567/718/686 563/716/686
f 567/718/687 568/719/687 563/716/687
f 563/710/683 568/720/683 569/721/683
f 563/710/683 569/721/683 570/722/683
f 563/710/683 570/722/683 559/711/683
f 569/721/683 571/723/683 570/722/683
f 572/724/688 570/725/688 571/726/688
f 572/724/688 573/727/688 570/725/688
f 573/727/689 574/728/689 570/725/689
f 570/722/683 574/729/683 575/730/683
f 570/722/683 575/730/683 559/711/683
f 578/731/690 576/732/690 575/733/690
f 576/732/691 577/734/691 575/733/691
f 575/730/683 577/735/683 559/711/683
f 578/731/690 575/733/690 574/728/690
f 579/736/692 578/737/692 572/738/692
f 578/737/692 573/739/692 572/738/692
f 573/727/689 578/731/689 574/728/689
f 579/736/692 576/740/692 578/737/692
f 576/732/691 579/741/691 577/734/691
f 579/741/693 559/742/693 577/734/693
f 579/741/693 580/743/693 559/742/693
f 581/744/692 580/745/692 579/736/692
f 582/746/692 581/744/692 579/736/692
f 582/746/692 579/736/692 572/738/692
f 582/746/692 583/747/692 581/744/692
f 583/748/694 582/749/694 584/750/694
f 582/749/695 585/751/695 584/750/695
f 582/749/695 587/752/695 585/751/695
f 586/753/692 590/754/692 582/746/692
f 582/746/692 572/738/692 586/753/692
f 588/755/692 587/756/692 582/746/692
f 589/757/692 588/755/692 582/746/692
f 590/754/692 589/757/692 582/746/692
f 590/754/692 591/758/692 595/759/692
f 591/760/696 590/761/696 592/762/696
f 590/761/697 562/763/697 592/762/697
f 590/761/697 593/764/697 562/763/697
f 594/765/692 593/766/692 590/754/692
f 558/767/692 594/765/692 590/754/692
f 586/753/692 558/767/692 590/754/692
f 590/754/692 595/759/692 589/757/692
f 595/759/692 596/768/692 589/757/692
f 596/769/698 595/770/698 597/771/698
f 595/770/699 598/772/699 597/771/699
f 595/770/700 591/760/700 598/772/700
f 591/760/696 592/762/696 598/772/696
f 598/773/683 592/774/683 562/705/683
f 560/712/683 598/773/683 562/705/683
f 560/712/683 597/775/683 598/773/683
f 596/769/701 597/771/701 560/776/701
f 589/777/702 596/769/702 560/776/702
f 593/764/703 594/778/703 599/779/703
f 594/778/704 556/780/704 599/779/704
f 594/778/704 600/781/704 556/780/704
f 558/767/692 600/782/692 594/765/692
f 600/781/705 557/709/705 556/780/705
f 600/781/705 558/708/705 557/709/705
f 562/705/683 599/783/683 556/706/683
f 593/764/703 599/779/703 562/763/703
f 589/757/692 601/784/692 588/755/692
f 601/785/706 589/777/706 602/786/706
f 589/777/702 560/776/702 602/786/702
f 603/787/683 602/788/683 560/712/683
f 601/785/706 602/786/706 603/789/706
f 588/790/707 601/785/707 603/789/707
f 585/791/683 603/787/683 560/712/683
f 585/791/683 604/792/683 603/787/683
f 588/790/707 603/789/707 604/793/707
f 587/752/708 604/793/708 585/751/708
f 587/752/708 588/790/708 604/793/708
f 586/753/692 605/794/692 552/795/692
f 605/796/709 586/797/709 606/798/709
f 586/797/710 561/799/710 606/798/710
f 586/797/710 607/800/710 561/799/710
f 572/738/692 566/801/692 586/753/692
f 608/802/692 607/803/692 586/753/692
f 566/801/692 608/802/692 586/753/692
f 586/753/692 552/795/692 558/767/692
f 607/800/711 608/804/711 609/805/711
f 608/804/712 564/806/712 609/805/712
f 608/804/712 610/807/712 564/806/712
f 566/801/692 610/808/692 608/802/692
f 610/807/713 565/717/713 564/806/713
f 610/807/713 566/715/713 565/717/713
f 561/704/683 609/809/683 564/713/683
f 607/800/711 609/805/711 561/799/711
f 553/702/683 606/810/683 561/704/683
f 605/796/709 606/798/709 553/698/709
f 552/697/682 605/796/682 553/698/682
f 559/711/683 611/811/683 585/791/683
f 611/811/683 584/812/683 585/791/683
f 559/711/683 585/791/683 560/712/683
f 581/813/714 583/748/714 611/814/714
f 583/748/694 584/750/694 611/814/694
f 559/711/683 612/815/683 611/811/683
f 581/813/714 611/814/714 612/816/714
f 580/743/715 612/816/715 559/742/715
f 580/743/715 581/813/715 612/816/715
f 572/738/692 613/817/692 614/818/692
f 613/819/716 572/724/716 571/726/716
f 572/738/692 614/818/692 566/801/692
f 614/818/692 567/820/692 566/801/692
f 567/718/687 614/821/687 568/719/687
f 568/719/717 614/821/717 613/819/717
f 613/819/718 571/726/718 569/822/718
f 568/719/717 613/819/717 569/822/717
f 552/795/692 554/823/692 558/767/692
o 平面.004
v 2.490137 6.289501 -0.144039
v 2.490137 6.313459 -0.099216
v 2.518237 6.289501 -0.141272
v 2.490137 6.257258 -0.183327
v 2.525902 6.257258 -0.179805
v 2.470781 6.313459 -0.097310
v 2.462036 6.289501 -0.141271
v 2.454371 6.257258 -0.179805
v 2.435015 6.289501 -0.133075
v 2.448081 6.217970 -0.211428
v 2.419981 6.257258 -0.169372
v 2.490137 6.217970 -0.215570
v 2.532192 6.217970 -0.211428
v 2.490137 6.173147 -0.239528
v 2.536866 6.173147 -0.234926
v 2.581800 6.173147 -0.221296
v 2.539745 6.124511 -0.249396
v 2.587446 6.124511 -0.234926
v 2.589353 6.073931 -0.239529
v 2.631408 6.124511 -0.211428
v 2.623211 6.173147 -0.199161
v 2.634176 6.073931 -0.215570
v 2.540717 6.073931 -0.254282
v 2.490137 6.124511 -0.254282
v 2.490137 6.073931 -0.259264
v 2.539745 6.023351 -0.249396
v 2.587446 6.023351 -0.234926
v 2.631408 6.023351 -0.211428
v 2.581800 5.974715 -0.221296
v 2.623211 5.974715 -0.199161
v 2.609901 5.929892 -0.179240
v 2.659509 5.974715 -0.169372
v 2.572632 5.929892 -0.199161
v 2.560293 5.890604 -0.169372
v 2.591988 5.890604 -0.152431
v 2.532192 5.929892 -0.211428
v 2.490137 5.929892 -0.215570
v 2.536866 5.974715 -0.234926
v 2.490137 5.974715 -0.239528
v 2.525902 5.890604 -0.179805
v 2.490137 5.890604 -0.183327
v 2.518237 5.858361 -0.141272
v 2.545258 5.858361 -0.133075
v 2.509493 5.834402 -0.097310
v 2.528105 5.834402 -0.091664
v 2.570160 5.858361 -0.119764
v 2.545258 5.834402 -0.082495
v 2.560293 5.834402 -0.070156
v 2.591988 5.858361 -0.101851
v 2.518237 5.819649 -0.042056
v 2.525902 5.819649 -0.035765
v 2.490137 5.814667 -0.000000
v 2.532192 5.819649 -0.028101
v 2.572632 5.834402 -0.055121
v 2.536866 5.819649 -0.019356
v 2.581800 5.834402 -0.037968
v 2.623211 5.858361 -0.055121
v 2.587446 5.834402 -0.019356
v 2.539745 5.819649 -0.009868
v 2.540717 5.819649 -0.000000
v 2.589353 5.834402 -0.000000
v 2.539745 5.819649 0.009868
v 2.587446 5.834402 0.019356
v 2.631408 5.858361 0.028101
v 2.634176 5.858361 -0.000000
v 2.581800 5.834402 0.037968
v 2.623211 5.858361 0.055121
v 2.609901 5.858361 0.080024
v 2.659509 5.890604 0.070156
v 2.669941 5.890604 0.035765
v 2.689297 5.929892 0.082495
v 2.701564 5.929892 0.042056
v 2.642568 5.890604 0.101851
v 2.669376 5.929892 0.119764
v 2.689297 5.974715 0.133075
v 2.711432 5.974715 0.091664
v 2.619769 5.890604 0.129632
v 2.642568 5.929892 0.152431
v 2.659509 5.974715 0.169372
v 2.609901 5.929892 0.179240
v 2.623211 5.974715 0.199161
v 2.591988 5.890604 0.152431
v 2.572632 5.929892 0.199161
v 2.581800 5.974715 0.221295
v 2.560293 5.890604 0.169372
v 2.532192 5.929892 0.211428
v 2.536866 5.974715 0.234926
v 2.525902 5.890604 0.179805
v 2.490137 5.929892 0.215570
v 2.490137 5.890604 0.183327
v 2.490137 5.858361 0.144039
v 2.454371 5.890604 0.179805
v 2.448081 5.929892 0.211428
v 2.462036 5.858361 0.141272
v 2.518237 5.858361 0.141272
v 2.509493 5.834402 0.097310
v 2.490137 5.834402 0.099216
v 2.545258 5.858361 0.133075
v 2.528105 5.834402 0.091664
v 2.570160 5.858361 0.119764
v 2.545258 5.834402 0.082495
v 2.591988 5.858361 0.101851
v 2.518237 5.819649 0.042056
v 2.560293 5.834402 0.070156
v 2.572632 5.834402 0.055121
v 2.532192 5.819649 0.028101
v 2.525902 5.819649 0.035765
v 2.536866 5.819649 0.019356
v 2.509493 5.819649 0.046730
v 2.500004 5.819649 0.049608
v 2.490137 5.819649 0.050580
v 2.480269 5.819649 0.049608
v 2.470780 5.834402 0.097310
v 2.470781 5.819649 0.046730
v 2.452168 5.834402 0.091664
v 2.435015 5.858361 0.133075
v 2.435015 5.834402 0.082495
v 2.462036 5.819649 0.042056
v 2.419981 5.834402 0.070156
v 2.410113 5.858361 0.119764
v 2.388286 5.890604 0.152431
v 2.419981 5.890604 0.169372
v 2.388286 5.858361 0.101851
v 2.360505 5.890604 0.129632
v 2.370372 5.858361 0.080024
v 2.407641 5.834402 0.055121
v 2.398473 5.834402 0.037968
v 2.357062 5.858361 0.055121
v 2.448081 5.819649 0.028101
v 2.454371 5.819649 0.035765
v 2.443407 5.819649 0.019356
v 2.440529 5.819649 0.009868
v 2.392827 5.834402 0.019356
v 2.439557 5.819649 -0.000000
v 2.390921 5.834402 -0.000000
v 2.346097 5.858361 -0.000000
v 2.348865 5.858361 0.028101
v 2.392827 5.834402 -0.019356
v 2.348865 5.858361 -0.028101
v 2.310332 5.890604 -0.035765
v 2.306809 5.890604 -0.000000
v 2.357062 5.858361 -0.055121
v 2.320765 5.890604 -0.070156
v 2.278709 5.929892 -0.042056
v 2.370373 5.858361 -0.080024
v 2.337706 5.890604 -0.101851
v 2.310897 5.929892 -0.119764
v 2.290976 5.929892 -0.082495
v 2.268841 5.974715 -0.091664
v 2.290976 5.974715 -0.133075
v 2.278709 6.023351 -0.141272
v 2.255211 6.023351 -0.097310
v 2.320765 5.974715 -0.169372
v 2.337706 5.929892 -0.152431
v 2.370372 5.929892 -0.179240
v 2.360505 5.890604 -0.129632
v 2.388286 5.890604 -0.152431
v 2.410113 5.858361 -0.119764
v 2.419981 5.890604 -0.169372
v 2.407642 5.929892 -0.199161
v 2.435015 5.858361 -0.133075
v 2.388286 5.858361 -0.101851
v 2.419981 5.834402 -0.070156
v 2.435015 5.834402 -0.082495
v 2.452168 5.834402 -0.091664
v 2.462036 5.819649 -0.042056
v 2.470781 5.819649 -0.046730
v 2.480269 5.819649 -0.049608
v 2.470781 5.834402 -0.097310
v 2.490137 5.819649 -0.050580
v 2.500004 5.819649 -0.049608
v 2.490137 5.834402 -0.099216
v 2.462036 5.858361 -0.141271
v 2.490137 5.858361 -0.144039
v 2.454371 5.890604 -0.179805
v 2.448081 5.929892 -0.211428
v 2.443407 5.974715 -0.234926
v 2.398473 5.974715 -0.221295
v 2.392827 6.023351 -0.234926
v 2.348865 6.023351 -0.211428
v 2.357062 5.974715 -0.199161
v 2.310332 6.023351 -0.179805
v 2.306810 6.073931 -0.183327
v 2.274567 6.073931 -0.144039
v 2.278709 6.124511 -0.141272
v 2.250608 6.073931 -0.099216
v 2.255211 6.124511 -0.097310
v 2.235855 6.073931 -0.050580
v 2.240741 6.124511 -0.049608
v 2.240741 6.023351 -0.049608
v 2.230873 6.073931 -0.000000
v 2.235855 6.124511 -0.000000
v 2.235855 6.023351 -0.000000
v 2.235855 6.073931 0.050580
v 2.250608 6.073931 0.099216
v 2.240741 6.124511 0.049608
v 2.240741 6.023351 0.049608
v 2.255211 5.974715 0.046730
v 2.250608 5.974715 -0.000000
v 2.255211 6.023351 0.097309
v 2.268841 5.974715 0.091664
v 2.278709 6.023351 0.141271
v 2.290976 5.929892 0.082495
v 2.290976 5.974715 0.133075
v 2.310897 5.929892 0.119764
v 2.337706 5.929892 0.152431
v 2.337706 5.890604 0.101851
v 2.320765 5.890604 0.070156
v 2.310332 5.890604 0.035765
v 2.278709 5.929892 0.042056
v 2.274567 5.929892 -0.000000
v 2.255211 5.974715 -0.046730
v 2.320765 5.974715 0.169372
v 2.370372 5.929892 0.179240
v 2.357062 5.974715 0.199161
v 2.407641 5.929892 0.199161
v 2.398473 5.974715 0.221295
v 2.392827 6.023351 0.234926
v 2.440529 6.023351 0.249396
v 2.443407 5.974715 0.234926
v 2.490137 6.023351 0.254282
v 2.490137 5.974715 0.239528
v 2.490137 6.073931 0.259264
v 2.540716 6.073931 0.254282
v 2.539745 6.023351 0.249396
v 2.587446 6.023351 0.234926
v 2.589353 6.073931 0.239528
v 2.634176 6.073931 0.215570
v 2.587446 6.124511 0.234926
v 2.581800 6.173147 0.221295
v 2.623211 6.173147 0.199161
v 2.539745 6.124511 0.249396
v 2.631408 6.124511 0.211428
v 2.669941 6.124511 0.179805
v 2.673464 6.073931 0.183327
v 2.659509 6.173147 0.169372
v 2.689297 6.173147 0.133075
v 2.642568 6.217970 0.152431
v 2.609901 6.217970 0.179240
v 2.591988 6.257258 0.152431
v 2.619769 6.257258 0.129632
v 2.572632 6.217970 0.199161
v 2.560293 6.257258 0.169372
v 2.532192 6.217970 0.211428
v 2.525902 6.257258 0.179805
v 2.536866 6.173147 0.234926
v 2.490137 6.217970 0.215570
v 2.490137 6.257258 0.183327
v 2.490137 6.289501 0.144039
v 2.518237 6.289501 0.141272
v 2.454371 6.257258 0.179805
v 2.448081 6.217970 0.211428
v 2.407641 6.217970 0.199161
v 2.419981 6.257258 0.169372
v 2.443407 6.173147 0.234926
v 2.398473 6.173147 0.221295
v 2.392827 6.124511 0.234926
v 2.357062 6.173147 0.199161
v 2.440529 6.124511 0.249396
v 2.439557 6.073931 0.254282
v 2.490137 6.124511 0.254282
v 2.490137 6.173147 0.239529
v 2.390921 6.073931 0.239528
v 2.346097 6.073931 0.215570
v 2.348865 6.124511 0.211428
v 2.348865 6.023351 0.211428
v 2.310332 6.023351 0.179805
v 2.306809 6.073931 0.183327
v 2.310332 6.124511 0.179805
v 2.274567 6.073931 0.144039
v 2.278709 6.124511 0.141271
v 2.255211 6.124511 0.097309
v 2.268841 6.173147 0.091664
v 2.320765 6.173147 0.169372
v 2.290976 6.173147 0.133075
v 2.337706 6.217970 0.152431
v 2.310897 6.217970 0.119764
v 2.360505 6.257258 0.129632
v 2.337706 6.257258 0.101851
v 2.290976 6.217970 0.082495
v 2.320765 6.257258 0.070156
v 2.357062 6.289501 0.055121
v 2.370372 6.289501 0.080024
v 2.310332 6.257258 0.035765
v 2.348865 6.289501 0.028101
v 2.392827 6.313459 0.019356
v 2.346097 6.289501 -0.000000
v 2.306809 6.257258 -0.000000
v 2.274567 6.217970 -0.000000
v 2.278709 6.217970 -0.042056
v 2.310332 6.257258 -0.035765
v 2.348865 6.289501 -0.028101
v 2.278709 6.217970 0.042056
v 2.255211 6.173147 0.046730
v 2.250608 6.173147 -0.000000
v 2.255211 6.173147 -0.046730
v 2.268841 6.173147 -0.091664
v 2.290976 6.217970 -0.082495
v 2.290976 6.173147 -0.133075
v 2.310897 6.217970 -0.119764
v 2.320765 6.173147 -0.169372
v 2.337706 6.217970 -0.152431
v 2.360505 6.257258 -0.129632
v 2.370372 6.217970 -0.179240
v 2.388286 6.257258 -0.152431
v 2.357062 6.173147 -0.199161
v 2.407642 6.217970 -0.199161
v 2.398473 6.173147 -0.221295
v 2.392827 6.124511 -0.234926
v 2.440529 6.124511 -0.249396
v 2.443407 6.173147 -0.234926
v 2.390921 6.073931 -0.239528
v 2.439557 6.073931 -0.254282
v 2.490137 6.023351 -0.254282
v 2.440529 6.023351 -0.249396
v 2.346097 6.073931 -0.215570
v 2.348865 6.124511 -0.211428
v 2.310332 6.124511 -0.179805
v 2.410113 6.289501 -0.119764
v 2.388286 6.289501 -0.101851
v 2.419981 6.313459 -0.070156
v 2.435015 6.313459 -0.082495
v 2.370373 6.289501 -0.080024
v 2.320765 6.257258 -0.070156
v 2.407642 6.313459 -0.055121
v 2.398473 6.313459 -0.037968
v 2.337706 6.257258 -0.101851
v 2.357062 6.289501 -0.055121
v 2.392827 6.313459 -0.019356
v 2.390921 6.313459 -0.000000
v 2.440529 6.328213 -0.009868
v 2.443407 6.328213 -0.019356
v 2.439557 6.328213 -0.000000
v 2.490137 6.333195 -0.000000
v 2.532192 6.328213 -0.028101
v 2.525902 6.328213 -0.035765
v 2.518237 6.328213 -0.042056
v 2.509493 6.328213 -0.046730
v 2.500004 6.328213 -0.049608
v 2.490137 6.328213 -0.050580
v 2.536866 6.328213 -0.019356
v 2.539745 6.328213 -0.009868
v 2.540717 6.328213 -0.000000
v 2.539745 6.328213 0.009868
v 2.536866 6.328213 0.019356
v 2.532192 6.328213 0.028101
v 2.525902 6.328213 0.035765
v 2.518237 6.328213 0.042056
v 2.509493 6.328213 0.046730
v 2.500004 6.328213 0.049608
v 2.490137 6.328213 0.050580
v 2.480269 6.328213 0.049608
v 2.470781 6.328213 0.046730
v 2.462036 6.328213 0.042056
v 2.454371 6.328213 0.035765
v 2.448081 6.328213 0.028101
v 2.443407 6.328213 0.019356
v 2.440529 6.328213 0.009868
v 2.448081 6.328213 -0.028101
v 2.454371 6.328213 -0.035765
v 2.462036 6.328213 -0.042056
v 2.470781 6.328213 -0.046730
v 2.480269 6.328213 -0.049608
v 2.452168 6.313459 -0.091664
v 2.398473 6.313459 0.037968
v 2.407641 6.313459 0.055121
v 2.419981 6.313459 0.070156
v 2.388286 6.289501 0.101851
v 2.435015 6.313459 0.082495
v 2.410113 6.289501 0.119764
v 2.388286 6.257258 0.152431
v 2.435015 6.289501 0.133075
v 2.370372 6.217970 0.179240
v 2.452168 6.313459 0.091664
v 2.470780 6.313459 0.097310
v 2.462036 6.289501 0.141272
v 2.490137 6.313459 0.099216
v 2.509493 6.313459 0.097310
v 2.528105 6.313459 0.091664
v 2.545258 6.289501 0.133075
v 2.545258 6.313459 0.082495
v 2.570160 6.289501 0.119764
v 2.591988 6.289501 0.101851
v 2.560293 6.313459 0.070156
v 2.572632 6.313459 0.055121
v 2.609901 6.289501 0.080024
v 2.642568 6.257258 0.101851
v 2.623211 6.289501 0.055121
v 2.659509 6.257258 0.070156
v 2.669941 6.257258 0.035765
v 2.631408 6.289501 0.028101
v 2.689297 6.217970 0.082495
v 2.669376 6.217970 0.119764
v 2.711432 6.173147 0.091664
v 2.701564 6.217970 0.042056
v 2.725063 6.124511 0.097310
v 2.701564 6.124511 0.141272
v 2.725063 6.173147 0.046730
v 2.705707 6.217970 -0.000000
v 2.739533 6.124511 0.049608
v 2.729665 6.173147 -0.000000
v 2.744419 6.124511 -0.000000
v 2.725063 6.173147 -0.046730
v 2.749400 6.073931 -0.000000
v 2.739533 6.124511 -0.049608
v 2.744419 6.073931 -0.050580
v 2.725063 6.124511 -0.097310
v 2.711432 6.173147 -0.091664
v 2.701565 6.124511 -0.141272
v 2.729665 6.073931 -0.099216
v 2.705707 6.073931 -0.144039
v 2.725063 6.023351 -0.097310
v 2.701565 6.023351 -0.141272
v 2.739533 6.023351 -0.049608
v 2.711432 5.974715 -0.091664
v 2.725063 5.974715 -0.046730
v 2.701564 5.929892 -0.042056
v 2.705707 5.929892 -0.000000
v 2.729665 5.974715 -0.000000
v 2.744419 6.023351 -0.000000
v 2.739533 6.023351 0.049608
v 2.725063 5.974715 0.046730
v 2.744419 6.073931 0.050580
v 2.725063 6.023351 0.097310
v 2.729665 6.073931 0.099216
v 2.701564 6.023351 0.141272
v 2.705707 6.073931 0.144039
v 2.669941 6.023351 0.179805
v 2.631408 6.023351 0.211428
v 2.673464 5.890604 -0.000000
v 2.669941 5.890604 -0.035765
v 2.689297 5.929892 -0.082495
v 2.631408 5.858361 -0.028101
v 2.659509 5.890604 -0.070156
v 2.642568 5.890604 -0.101851
v 2.609901 5.858361 -0.080024
v 2.619769 5.890604 -0.129632
v 2.642568 5.929892 -0.152431
v 2.669376 5.929892 -0.119764
v 2.689297 5.974715 -0.133075
v 2.669941 6.023351 -0.179805
v 2.673464 6.073931 -0.183327
v 2.669941 6.124511 -0.179805
v 2.659509 6.173147 -0.169372
v 2.689297 6.173147 -0.133075
v 2.669376 6.217970 -0.119764
v 2.642568 6.217970 -0.152431
v 2.689297 6.217970 -0.082495
v 2.642568 6.257258 -0.101851
v 2.659509 6.257258 -0.070156
v 2.701564 6.217970 -0.042056
v 2.669941 6.257258 -0.035765
v 2.631408 6.289501 -0.028101
v 2.673464 6.257258 -0.000000
v 2.634176 6.289501 -0.000000
v 2.587446 6.313459 -0.019356
v 2.587446 6.313459 0.019356
v 2.589353 6.313459 -0.000000
v 2.581800 6.313459 0.037968
v 2.581800 6.313459 -0.037968
v 2.623211 6.289501 -0.055121
v 2.572632 6.313459 -0.055121
v 2.609901 6.289501 -0.080024
v 2.560293 6.313459 -0.070156
v 2.591988 6.289501 -0.101851
v 2.619769 6.257258 -0.129632
v 2.591988 6.257258 -0.152431
v 2.609901 6.217970 -0.179240
v 2.572632 6.217970 -0.199161
v 2.560293 6.257258 -0.169372
v 2.545258 6.289501 -0.133075
v 2.528105 6.313459 -0.091664
v 2.509493 6.313459 -0.097310
v 2.570160 6.289501 -0.119764
v 2.545258 6.313459 -0.082495
v 2.509493 5.819649 -0.046730
v 2.454371 5.819649 -0.035765
v 2.448081 5.819649 -0.028101
v 2.407642 5.834402 -0.055121
v 2.398473 5.834402 -0.037968
v 2.443407 5.819649 -0.019356
v 2.440529 5.819649 -0.009868
vn -0.0464 0.8810 -0.4709
vn 0.0464 0.8810 -0.4709
vn 0.0623 0.7715 -0.6332
vn -0.0623 0.7715 -0.6332
vn 0.0624 0.7715 -0.6332
vn -0.0624 0.7715 -0.6332
vn -0.1847 0.7715 -0.6088
vn -0.0759 0.6326 -0.7708
vn -0.2248 0.6326 -0.7412
vn 0.0865 0.4696 -0.8786
vn 0.0759 0.6326 -0.7708
vn -0.0865 0.4696 -0.8786
vn 0.2563 0.4696 -0.8449
vn 0.0938 0.2890 -0.9527
vn 0.2779 0.2890 -0.9161
vn 0.4513 0.2890 -0.8443
vn 0.4691 0.0976 -0.8777
vn 0.2889 0.0976 -0.9524
vn 0.4692 0.0976 -0.8777
vn 0.0976 0.0976 -0.9904
vn 0.0976 -0.0976 -0.9904
vn 0.2889 -0.0975 -0.9524
vn 0.2889 -0.0976 -0.9524
vn 0.4691 -0.0976 -0.8777
vn 0.4513 -0.2890 -0.8443
vn 0.2779 -0.2890 -0.9161
vn 0.6073 -0.2890 -0.7400
vn 0.5601 -0.4696 -0.6825
vn 0.4162 -0.4696 -0.7786
vn 0.2563 -0.4696 -0.8449
vn 0.3651 -0.6326 -0.6831
vn 0.2248 -0.6326 -0.7412
vn 0.3651 -0.6326 -0.6830
vn 0.0759 -0.6326 -0.7708
vn 0.0865 -0.4696 -0.8786
vn 0.2563 -0.4696 -0.8448
vn 0.0624 -0.7715 -0.6332
vn 0.1847 -0.7715 -0.6088
vn 0.1374 -0.8810 -0.4528
vn 0.2999 -0.7715 -0.5611
vn 0.2231 -0.8810 -0.4173
vn 0.1374 -0.9566 -0.2571
vn 0.3002 -0.8810 -0.3658
vn 0.1850 -0.9566 -0.2254
vn 0.0625 -0.9951 -0.0761
vn 0.2254 -0.9565 -0.1850
vn 0.0761 -0.9951 -0.0624
vn 0.2571 -0.9566 -0.1374
vn 0.2254 -0.9566 -0.1850
vn 0.0869 -0.9951 -0.0465
vn 0.4528 -0.8810 -0.1373
vn 0.4173 -0.8810 -0.2231
vn 0.2790 -0.9566 -0.0847
vn 0.2790 -0.9566 -0.0846
vn 0.2902 -0.9566 -0.0286
vn 0.0980 -0.9951 -0.0096
vn 0.0943 -0.9951 -0.0286
vn 0.2902 -0.9566 0.0286
vn 0.0980 -0.9951 0.0096
vn 0.4528 -0.8810 0.1374
vn 0.4709 -0.8810 0.0464
vn 0.2790 -0.9566 0.0846
vn 0.4173 -0.8810 0.2230
vn 0.5611 -0.7715 0.2999
vn 0.6088 -0.7715 0.1847
vn 0.7412 -0.6326 0.2248
vn 0.6831 -0.6326 0.3651
vn 0.7786 -0.4696 0.4162
vn 0.6825 -0.4696 0.5601
vn 0.5987 -0.6325 0.4914
vn 0.5987 -0.6326 0.4913
vn 0.5601 -0.4696 0.6825
vn 0.4913 -0.6326 0.5987
vn 0.4162 -0.4696 0.7786
vn 0.3651 -0.6326 0.6831
vn 0.2563 -0.4696 0.8449
vn 0.2248 -0.6326 0.7412
vn 0.3651 -0.6326 0.6830
vn 0.2563 -0.4696 0.8448
vn 0.0865 -0.4696 0.8786
vn 0.0759 -0.6326 0.7708
vn -0.0759 -0.6326 0.7708
vn -0.0623 -0.7715 0.6332
vn 0.0623 -0.7715 0.6332
vn 0.0624 -0.7715 0.6332
vn 0.1847 -0.7715 0.6088
vn 0.0464 -0.8810 0.4709
vn 0.1374 -0.8810 0.4528
vn 0.2999 -0.7715 0.5611
vn 0.2231 -0.8810 0.4173
vn 0.3002 -0.8810 0.3658
vn 0.1374 -0.9566 0.2571
vn 0.1850 -0.9565 0.2254
vn 0.2254 -0.9566 0.1850
vn 0.3658 -0.8810 0.3002
vn 0.1850 -0.9566 0.2253
vn 0.0625 -0.9951 0.0761
vn 0.0761 -0.9951 0.0624
vn 0.2571 -0.9565 0.1375
vn 0.0869 -0.9951 0.0465
vn 0.2571 -0.9566 0.1374
vn 0.2790 -0.9565 0.0847
vn 0.0943 -0.9951 0.0286
vn 0.0464 -0.9951 0.0869
vn 0.1375 -0.9565 0.2571
vn 0.0846 -0.9566 0.2790
vn 0.0286 -0.9951 0.0942
vn 0.0286 -0.9566 0.2901
vn 0.0097 -0.9951 0.0980
vn 0.0286 -0.9565 0.2902
vn -0.0286 -0.9566 0.2901
vn -0.0097 -0.9951 0.0980
vn -0.0846 -0.9565 0.2790
vn -0.0286 -0.9566 0.2902
vn -0.0286 -0.9951 0.0942
vn -0.0846 -0.9566 0.2790
vn -0.2231 -0.8810 0.4173
vn -0.1374 -0.8810 0.4528
vn -0.1374 -0.9565 0.2572
vn -0.1850 -0.9565 0.2254
vn -0.1374 -0.9566 0.2571
vn -0.3002 -0.8810 0.3657
vn -0.2999 -0.7715 0.5611
vn -0.4036 -0.7715 0.4918
vn -0.3002 -0.8810 0.3658
vn -0.4918 -0.7715 0.4036
vn -0.3658 -0.8810 0.3002
vn -0.3657 -0.8810 0.3002
vn -0.4173 -0.8810 0.2230
vn -0.2254 -0.9566 0.1850
vn -0.2571 -0.9566 0.1374
vn -0.4173 -0.8810 0.2231
vn -0.0761 -0.9951 0.0625
vn -0.2254 -0.9565 0.1850
vn -0.0869 -0.9951 0.0464
vn -0.0943 -0.9951 0.0286
vn -0.2790 -0.9566 0.0846
vn -0.0980 -0.9951 0.0096
vn -0.2902 -0.9566 0.0286
vn -0.2790 -0.9566 0.0847
vn -0.2902 -0.9566 0.0285
vn -0.4709 -0.8810 -0.0464
vn -0.4709 -0.8810 0.0464
vn -0.2902 -0.9566 -0.0286
vn -0.6088 -0.7715 -0.1847
vn -0.6332 -0.7715 -0.0624
vn -0.4528 -0.8810 -0.1374
vn -0.7412 -0.6326 -0.2248
vn -0.5611 -0.7715 -0.2999
vn -0.6831 -0.6326 -0.3651
vn -0.6830 -0.6326 -0.3651
vn -0.8448 -0.4696 -0.2563
vn -0.7786 -0.4696 -0.4162
vn -0.8443 -0.2890 -0.4513
vn -0.7400 -0.2890 -0.6073
vn -0.6825 -0.4696 -0.5601
vn -0.5601 -0.4696 -0.6825
vn -0.4913 -0.6326 -0.5987
vn -0.5987 -0.6326 -0.4914
vn -0.3651 -0.6326 -0.6831
vn -0.2999 -0.7715 -0.5611
vn -0.4036 -0.7715 -0.4918
vn -0.3658 -0.8810 -0.3002
vn -0.4918 -0.7715 -0.4036
vn -0.3002 -0.8810 -0.3657
vn -0.3002 -0.8810 -0.3658
vn -0.1850 -0.9565 -0.2254
vn -0.2231 -0.8810 -0.4173
vn -0.1374 -0.9565 -0.2572
vn -0.1374 -0.9566 -0.2571
vn -0.0464 -0.9951 -0.0869
vn -0.0286 -0.9951 -0.0942
vn -0.0846 -0.9566 -0.2790
vn -0.0097 -0.9951 -0.0980
vn -0.0846 -0.9565 -0.2790
vn -0.0286 -0.9566 -0.2901
vn 0.0097 -0.9951 -0.0980
vn 0.0286 -0.9566 -0.2902
vn -0.0286 -0.9565 -0.2902
vn 0.0464 -0.8810 -0.4709
vn -0.0464 -0.8810 -0.4709
vn 0.0623 -0.7715 -0.6332
vn -0.0624 -0.7715 -0.6332
vn -0.0623 -0.7715 -0.6332
vn -0.1847 -0.7715 -0.6088
vn -0.1373 -0.8810 -0.4528
vn -0.0759 -0.6326 -0.7708
vn -0.2248 -0.6326 -0.7412
vn -0.0865 -0.4696 -0.8786
vn -0.2563 -0.4696 -0.8448
vn -0.2563 -0.4696 -0.8449
vn -0.4513 -0.2890 -0.8443
vn -0.2779 -0.2890 -0.9161
vn -0.4162 -0.4696 -0.7786
vn -0.6073 -0.2890 -0.7400
vn -0.7693 -0.0975 -0.6314
vn -0.6314 -0.0975 -0.7693
vn -0.7693 0.0975 -0.6314
vn -0.8777 0.0975 -0.4692
vn -0.8777 -0.0975 -0.4692
vn -0.8777 0.0976 -0.4691
vn -0.9524 0.0976 -0.2889
vn -0.9524 -0.0976 -0.2889
vn -0.8777 -0.0976 -0.4691
vn -0.9904 0.0975 -0.0976
vn -0.9904 -0.0975 -0.0976
vn -0.9904 0.0976 -0.0975
vn -0.9904 0.0976 0.0976
vn -0.9904 -0.0976 0.0976
vn -0.9904 -0.0976 -0.0975
vn -0.9524 -0.0976 0.2889
vn -0.9524 0.0976 0.2889
vn -0.9904 0.0975 0.0975
vn -0.9904 -0.0975 0.0975
vn -0.9527 -0.2890 0.0938
vn -0.9161 -0.2890 0.2779
vn -0.8443 -0.2890 0.4513
vn -0.8448 -0.4696 0.2563
vn -0.7786 -0.4696 0.4162
vn -0.6825 -0.4696 0.5601
vn -0.5987 -0.6326 0.4914
vn -0.6831 -0.6326 0.3651
vn -0.5987 -0.6326 0.4913
vn -0.6830 -0.6326 0.3651
vn -0.7412 -0.6326 0.2248
vn -0.6088 -0.7715 0.1847
vn -0.5611 -0.7715 0.2999
vn -0.7708 -0.6326 0.0759
vn -0.6332 -0.7715 0.0624
vn -0.8786 -0.4696 0.0865
vn -0.8449 -0.4696 0.2563
vn -0.8786 -0.4696 -0.0865
vn -0.7708 -0.6326 -0.0759
vn -0.9527 -0.2890 -0.0938
vn -0.9161 -0.2890 -0.2779
vn -0.8449 -0.4696 -0.2563
vn -0.5601 -0.4696 0.6825
vn -0.4914 -0.6326 0.5987
vn -0.4162 -0.4696 0.7786
vn -0.3651 -0.6326 0.6831
vn -0.4913 -0.6326 0.5987
vn -0.2563 -0.4696 0.8449
vn -0.2248 -0.6326 0.7412
vn -0.3651 -0.6326 0.6830
vn -0.2779 -0.2890 0.9161
vn -0.4513 -0.2890 0.8443
vn -0.2563 -0.4696 0.8448
vn -0.0865 -0.4696 0.8786
vn -0.0938 -0.2890 0.9527
vn 0.0938 -0.2890 0.9527
vn 0.0976 -0.0976 0.9904
vn -0.0976 -0.0976 0.9904
vn 0.0976 -0.0975 0.9904
vn 0.2779 -0.2890 0.9161
vn 0.2889 -0.0975 0.9524
vn 0.4691 -0.0975 0.8777
vn 0.4691 0.0975 0.8777
vn 0.2889 0.0975 0.9524
vn 0.4692 0.0976 0.8777
vn 0.4513 0.2890 0.8443
vn 0.2779 0.2890 0.9161
vn 0.6314 0.0976 0.7693
vn 0.6073 0.2890 0.7400
vn 0.7400 0.2890 0.6073
vn 0.6825 0.4696 0.5601
vn 0.5601 0.4696 0.6825
vn 0.4913 0.6326 0.5987
vn 0.3651 0.6326 0.6831
vn 0.4162 0.4696 0.7786
vn 0.2248 0.6326 0.7412
vn 0.2563 0.4696 0.8449
vn 0.0759 0.6325 0.7708
vn 0.0865 0.4696 0.8786
vn 0.0759 0.6326 0.7708
vn 0.0623 0.7715 0.6332
vn -0.0623 0.7715 0.6332
vn 0.0624 0.7715 0.6332
vn -0.0759 0.6326 0.7708
vn -0.2248 0.6326 0.7412
vn -0.2563 0.4696 0.8449
vn -0.2248 0.6326 0.7411
vn -0.0865 0.4696 0.8786
vn -0.2563 0.4696 0.8448
vn -0.4162 0.4696 0.7786
vn -0.4513 0.2890 0.8443
vn -0.2779 0.2890 0.9161
vn -0.0938 0.2890 0.9527
vn -0.2889 0.0976 0.9524
vn -0.0976 0.0976 0.9904
vn 0.0938 0.2890 0.9527
vn 0.0976 0.0976 0.9904
vn 0.0976 0.0975 0.9904
vn -0.2889 -0.0975 0.9524
vn -0.2889 0.0975 0.9524
vn -0.2889 -0.0976 0.9524
vn -0.4692 0.0975 0.8777
vn -0.4691 -0.0975 0.8777
vn -0.4691 0.0975 0.8777
vn -0.6314 -0.0975 0.7693
vn -0.6073 -0.2890 0.7400
vn -0.6314 -0.0976 0.7693
vn -0.7693 -0.0975 0.6314
vn -0.7400 -0.2890 0.6073
vn -0.7693 0.0975 0.6314
vn -0.6314 0.0976 0.7693
vn -0.7693 -0.0976 0.6314
vn -0.7693 0.0976 0.6314
vn -0.7400 0.2890 0.6073
vn -0.8777 0.0976 0.4691
vn -0.8443 0.2890 0.4513
vn -0.6825 0.4696 0.5601
vn -0.7786 0.4696 0.4162
vn -0.5987 0.6326 0.4914
vn -0.5987 0.6326 0.4913
vn -0.6831 0.6326 0.3651
vn -0.6088 0.7715 0.1847
vn -0.5611 0.7715 0.2999
vn -0.7412 0.6326 0.2248
vn -0.4709 0.8810 0.0464
vn -0.4528 0.8810 0.1374
vn -0.6332 0.7715 0.0624
vn -0.6332 0.7715 -0.0624
vn -0.7708 0.6326 -0.0759
vn -0.7708 0.6326 0.0759
vn -0.8786 0.4696 0.0865
vn -0.8448 0.4696 0.2563
vn -0.8786 0.4696 -0.0865
vn -0.9527 0.2890 -0.0938
vn -0.9527 0.2890 0.0938
vn -0.8448 0.4696 -0.2563
vn -0.9161 0.2890 -0.2779
vn -0.7786 0.4696 -0.4162
vn -0.8443 0.2890 -0.4513
vn -0.6825 0.4696 -0.5601
vn -0.7400 0.2890 -0.6073
vn -0.5987 0.6326 -0.4913
vn -0.4914 0.6326 -0.5987
vn -0.5601 0.4696 -0.6825
vn -0.5601 0.4696 -0.6824
vn -0.4913 0.6326 -0.5987
vn -0.3651 0.6326 -0.6831
vn -0.4162 0.4696 -0.7786
vn -0.2563 0.4696 -0.8449
vn -0.4513 0.2890 -0.8443
vn -0.2779 0.2890 -0.9161
vn -0.0938 0.2890 -0.9527
vn -0.2889 0.0975 -0.9524
vn -0.2889 0.0976 -0.9524
vn -0.0976 0.0976 -0.9904
vn -0.2889 -0.0976 -0.9524
vn -0.0976 -0.0976 -0.9904
vn -0.2889 -0.0975 -0.9524
vn -0.0938 -0.2890 -0.9527
vn 0.0938 -0.2890 -0.9527
vn -0.4691 -0.0975 -0.8777
vn -0.4691 0.0975 -0.8777
vn -0.4692 0.0976 -0.8777
vn -0.6314 0.0976 -0.7693
vn -0.6314 -0.0976 -0.7693
vn -0.4692 -0.0976 -0.8777
vn -0.6073 0.2890 -0.7400
vn -0.6314 0.0975 -0.7693
vn -0.2999 0.7715 -0.5611
vn -0.4036 0.7715 -0.4918
vn -0.3002 0.8810 -0.3657
vn -0.3658 0.8810 -0.3001
vn -0.4918 0.7715 -0.4036
vn -0.5611 0.7715 -0.2999
vn -0.3658 0.8810 -0.3002
vn -0.4173 0.8810 -0.2230
vn -0.4173 0.8810 -0.2231
vn -0.6088 0.7715 -0.1847
vn -0.4528 0.8810 -0.1374
vn -0.4528 0.8810 -0.1373
vn -0.4709 0.8810 -0.0463
vn -0.2902 0.9565 -0.0286
vn -0.2790 0.9566 -0.0846
vn -0.2790 0.9565 -0.0847
vn -0.0943 0.9951 -0.0286
vn -0.0980 0.9951 -0.0096
vn 0.0869 0.9951 -0.0465
vn 0.0761 0.9951 -0.0625
vn 0.0625 0.9951 -0.0761
vn 0.0464 0.9951 -0.0869
vn 0.0286 0.9951 -0.0943
vn 0.0097 0.9951 -0.0980
vn -0.0097 0.9951 -0.0980
vn 0.0943 0.9951 -0.0286
vn 0.0980 0.9951 -0.0096
vn 0.0980 0.9951 0.0096
vn 0.0943 0.9951 0.0286
vn 0.0869 0.9951 0.0465
vn 0.0761 0.9951 0.0625
vn 0.0625 0.9951 0.0761
vn 0.0464 0.9951 0.0869
vn 0.0286 0.9951 0.0943
vn 0.0097 0.9951 0.0980
vn -0.0097 0.9951 0.0980
vn -0.0286 0.9951 0.0943
vn -0.0464 0.9951 0.0869
vn -0.0625 0.9951 0.0761
vn -0.0761 0.9951 0.0625
vn -0.0869 0.9951 0.0465
vn -0.0943 0.9951 0.0286
vn -0.0980 0.9951 0.0096
vn -0.0869 0.9951 -0.0465
vn -0.0761 0.9951 -0.0625
vn -0.0625 0.9951 -0.0761
vn -0.0464 0.9951 -0.0868
vn -0.0286 0.9951 -0.0943
vn -0.0286 0.9565 -0.2902
vn -0.0846 0.9565 -0.2790
vn -0.1374 0.9565 -0.2572
vn -0.0846 0.9566 -0.2790
vn -0.1375 0.9565 -0.2572
vn -0.1373 0.8810 -0.4528
vn -0.2231 0.8810 -0.4173
vn -0.1850 0.9565 -0.2254
vn -0.2254 0.9565 -0.1850
vn -0.2254 0.9566 -0.1849
vn -0.2572 0.9565 -0.1375
vn -0.2902 0.9565 0.0286
vn -0.2790 0.9565 0.0846
vn -0.2790 0.9565 0.0847
vn -0.2572 0.9565 0.1374
vn -0.2572 0.9566 0.1374
vn -0.4528 0.8810 0.1373
vn -0.4173 0.8810 0.2230
vn -0.2254 0.9565 0.1850
vn -0.3657 0.8810 0.3002
vn -0.3002 0.8810 0.3657
vn -0.4918 0.7715 0.4036
vn -0.4036 0.7715 0.4918
vn -0.4918 0.7715 0.4037
vn -0.3651 0.6326 0.6831
vn -0.2999 0.7715 0.5611
vn -0.4913 0.6326 0.5987
vn -0.5601 0.4696 0.6825
vn -0.4914 0.6326 0.5987
vn -0.1374 0.8810 0.4528
vn -0.2231 0.8810 0.4173
vn -0.1847 0.7715 0.6088
vn -0.0464 0.8810 0.4709
vn -0.0286 0.9565 0.2902
vn -0.0846 0.9565 0.2790
vn 0.0464 0.8810 0.4709
vn 0.0286 0.9565 0.2902
vn 0.0846 0.9565 0.2790
vn 0.1374 0.8810 0.4528
vn 0.1375 0.9565 0.2572
vn 0.2231 0.8810 0.4173
vn 0.3002 0.8810 0.3658
vn 0.2999 0.7715 0.5611
vn 0.4036 0.7715 0.4918
vn 0.3657 0.8810 0.3002
vn 0.3658 0.8810 0.3002
vn 0.4918 0.7715 0.4036
vn 0.4173 0.8810 0.2230
vn 0.5611 0.7715 0.2999
vn 0.7412 0.6326 0.2248
vn 0.6088 0.7715 0.1847
vn 0.6831 0.6325 0.3651
vn 0.6831 0.6326 0.3651
vn 0.7786 0.4696 0.4162
vn 0.5987 0.6325 0.4914
vn 0.5987 0.6326 0.4913
vn 0.8448 0.4696 0.2563
vn 0.8443 0.2890 0.4513
vn 0.9161 0.2890 0.2779
vn 0.8786 0.4696 0.0866
vn 0.8786 0.4696 0.0865
vn 0.9527 0.2890 0.0938
vn 0.9527 0.2890 -0.0938
vn 0.9904 0.0975 0.0976
vn 0.9904 0.0975 -0.0976
vn 0.9161 0.2890 -0.2779
vn 0.9524 0.0976 -0.2889
vn 0.9904 0.0976 -0.0975
vn 0.8443 0.2890 -0.4513
vn 0.8777 0.0975 -0.4692
vn 0.9524 0.0975 -0.2889
vn 0.8777 0.0975 -0.4691
vn 0.8777 -0.0975 -0.4691
vn 0.9524 -0.0975 -0.2889
vn 0.8443 -0.2890 -0.4513
vn 0.8777 -0.0975 -0.4692
vn 0.9161 -0.2890 -0.2779
vn 0.9524 -0.0976 -0.2889
vn 0.8448 -0.4696 -0.2563
vn 0.8786 -0.4696 -0.0866
vn 0.8786 -0.4696 -0.0865
vn 0.9527 -0.2890 -0.0938
vn 0.9904 -0.0975 -0.0975
vn 0.9904 -0.0975 0.0976
vn 0.9904 -0.0976 -0.0976
vn 0.9527 -0.2890 0.0938
vn 0.8786 -0.4696 0.0865
vn 0.8786 -0.4696 0.0866
vn 0.9161 -0.2890 0.2779
vn 0.8448 -0.4696 0.2563
vn 0.9904 -0.0976 0.0975
vn 0.9524 -0.0976 0.2889
vn 0.8777 -0.0975 0.4691
vn 0.9524 -0.0975 0.2889
vn 0.8443 -0.2890 0.4513
vn 0.8777 -0.0976 0.4692
vn 0.7693 0.0976 0.6314
vn 0.8777 0.0976 0.4691
vn 0.7693 -0.0976 0.6314
vn 0.7400 -0.2890 0.6073
vn 0.6314 -0.0976 0.7693
vn 0.6073 -0.2890 0.7400
vn 0.4692 -0.0976 0.8777
vn 0.4513 -0.2890 0.8443
vn 0.8777 0.0975 0.4692
vn 0.9524 0.0975 0.2889
vn 0.9524 0.0976 0.2889
vn 0.9904 0.0976 0.0975
vn 0.7708 -0.6326 0.0759
vn 0.7708 -0.6326 -0.0759
vn 0.7412 -0.6326 -0.2248
vn 0.6332 -0.7715 -0.0624
vn 0.6088 -0.7715 -0.1847
vn 0.6831 -0.6326 -0.3651
vn 0.5611 -0.7715 -0.2999
vn 0.4918 -0.7715 -0.4036
vn 0.4173 -0.8810 -0.2230
vn 0.3658 -0.8810 -0.3002
vn 0.5987 -0.6326 -0.4913
vn 0.4913 -0.6326 -0.5987
vn 0.5987 -0.6325 -0.4914
vn 0.4036 -0.7715 -0.4918
vn 0.7786 -0.4696 -0.4162
vn 0.6825 -0.4696 -0.5601
vn 0.7400 -0.2890 -0.6073
vn 0.7693 -0.0976 -0.6314
vn 0.6314 -0.0976 -0.7693
vn 0.7693 -0.0975 -0.6314
vn 0.6314 0.0976 -0.7693
vn 0.7693 0.0976 -0.6314
vn 0.6073 0.2890 -0.7400
vn 0.7400 0.2890 -0.6073
vn 0.7693 0.0975 -0.6314
vn 0.7786 0.4696 -0.4162
vn 0.6825 0.4696 -0.5601
vn 0.6831 0.6326 -0.3651
vn 0.7412 0.6326 -0.2248
vn 0.8448 0.4696 -0.2563
vn 0.6332 0.7715 -0.0624
vn 0.6088 0.7715 -0.1847
vn 0.7708 0.6326 -0.0759
vn 0.6332 0.7715 0.0624
vn 0.7708 0.6326 0.0759
vn 0.4709 0.8810 -0.0464
vn 0.4709 0.8810 0.0464
vn 0.2902 0.9565 -0.0286
vn 0.2902 0.9565 0.0286
vn 0.2902 0.9565 0.0285
vn 0.2790 0.9565 0.0847
vn 0.4528 0.8810 0.1374
vn 0.4528 0.8810 0.1373
vn 0.2572 0.9565 0.1375
vn 0.4173 0.8810 0.2231
vn 0.2572 0.9565 0.1374
vn 0.4528 0.8810 -0.1374
vn 0.4528 0.8810 -0.1373
vn 0.2790 0.9565 -0.0847
vn 0.4173 0.8810 -0.2230
vn 0.5611 0.7715 -0.2999
vn 0.3657 0.8810 -0.3002
vn 0.3658 0.8810 -0.3001
vn 0.4918 0.7715 -0.4036
vn 0.4036 0.7715 -0.4918
vn 0.5987 0.6326 -0.4913
vn 0.4913 0.6326 -0.5987
vn 0.5987 0.6325 -0.4914
vn 0.3651 0.6326 -0.6831
vn 0.5601 0.4696 -0.6825
vn 0.4162 0.4696 -0.7786
vn 0.2563 0.4696 -0.8448
vn 0.2248 0.6326 -0.7412
vn 0.1847 0.7715 -0.6088
vn 0.2999 0.7715 -0.5611
vn 0.1374 0.8810 -0.4528
vn 0.2231 0.8810 -0.4173
vn 0.3002 0.8810 -0.3658
vn 0.1850 0.9565 -0.2254
vn 0.1375 0.9566 -0.2571
vn 0.1375 0.9565 -0.2571
vn 0.3002 0.8810 -0.3657
vn 0.0846 0.9565 -0.2790
vn 0.0286 0.9565 -0.2902
vn 0.2254 0.9565 -0.1850
vn 0.2572 0.9566 -0.1374
vn 0.2572 0.9565 -0.1374
vn 0.8786 0.4696 -0.0866
vn 0.8786 0.4696 -0.0865
vn 0.4709 -0.8810 -0.0464
vn 0.4528 -0.8810 -0.1374
vn 0.6332 -0.7715 0.0624
vn 0.2254 0.9565 0.1850
vn 0.1850 0.9565 0.2254
vn 0.1375 0.9565 0.2571
vn 0.1847 0.7715 0.6088
vn -0.1374 0.9565 0.2572
vn -0.1375 0.9565 0.2572
vn -0.1850 0.9565 0.2254
vn -0.4709 0.8810 -0.0464
vn -0.6831 0.6326 -0.3651
vn -0.5987 0.6326 -0.4914
vn -0.7412 0.6326 -0.2248
vn -0.9161 0.2890 0.2779
vn -0.6073 0.2890 0.7400
vn -0.8777 0.0976 0.4692
vn -0.8777 -0.0976 0.4692
vn -0.8777 -0.0976 0.4691
vn -0.6314 0.0975 0.7693
vn 0.0846 -0.9565 -0.2790
vn 0.0286 -0.9951 -0.0942
vn 0.0846 -0.9566 -0.2790
vn 0.1375 -0.9566 -0.2571
vn 0.0464 -0.9951 -0.0869
vn -0.1374 -0.8810 -0.4528
vn -0.1850 -0.9566 -0.2253
vn -0.0625 -0.9951 -0.0761
vn -0.2254 -0.9565 -0.1850
vn -0.0761 -0.9951 -0.0625
vn -0.0869 -0.9951 -0.0464
vn -0.2254 -0.9566 -0.1850
vn -0.2571 -0.9566 -0.1375
vn -0.2571 -0.9566 -0.1374
vn -0.0943 -0.9951 -0.0286
vn -0.2790 -0.9566 -0.0846
vn -0.0980 -0.9951 -0.0096
vn -0.2790 -0.9566 -0.0847
vn -0.2902 -0.9566 -0.0285
vn -0.4173 -0.8810 -0.2231
vn -0.4173 -0.8810 -0.2230
vn -0.5987 -0.6326 -0.4913
vn -0.4528 -0.8810 0.1373
vn -0.4528 -0.8810 0.1374
vn -0.0625 -0.9951 0.0761
vn -0.1850 -0.9566 0.2253
vn -0.1847 -0.7715 0.6088
vn -0.0464 -0.9951 0.0869
vn -0.0464 -0.8810 0.4709
vn 0.4036 -0.7715 0.4918
vn 0.4918 -0.7715 0.4036
vn 0.4692 -0.0975 -0.8777
vt 0.577793 0.667016
vt 0.575704 0.672876
vt 0.563054 0.669144
vt 0.561494 0.675710
vt 0.552686 0.674255
vt 0.555062 0.659929
vt 0.553764 0.667302
vt 0.564752 0.662319
vt 0.567166 0.655180
vt 0.556852 0.652106
vt 0.546727 0.666384
vt 0.547670 0.658707
vt 0.546080 0.673546
vt 0.541021 0.673231
vt 0.541350 0.665950
vt 0.540723 0.680145
vt 0.536941 0.673140
vt 0.536872 0.680079
vt 0.540569 0.686714
vt 0.533620 0.686709
vt 0.533529 0.680085
vt 0.533405 0.673144
vt 0.536851 0.686674
vt 0.537023 0.665799
vt 0.533249 0.665817
vt 0.529877 0.673244
vt 0.530170 0.680166
vt 0.530395 0.686779
vt 0.526714 0.686960
vt 0.526317 0.680388
vt 0.527046 0.693294
vt 0.522019 0.687272
vt 0.521430 0.680786
vt 0.520681 0.673975
vt 0.515990 0.687907
vt 0.515103 0.681552
vt 0.519838 0.666845
vt 0.514137 0.674929
vt 0.525157 0.666210
vt 0.525770 0.673478
vt 0.512757 0.667980
vt 0.505327 0.676753
vt 0.506550 0.682993
vt 0.492958 0.680205
vt 0.494690 0.685785
vt 0.495875 0.691305
vt 0.507786 0.689068
vt 0.476694 0.695957
vt 0.508515 0.694972
vt 0.497056 0.696726
vt 0.477423 0.700500
vt 0.453966 0.701935
vt 0.478435 0.704989
vt 0.455117 0.707886
vt 0.498010 0.702113
vt 0.498536 0.707461
vt 0.456166 0.711235
vt 0.479225 0.709448
vt 0.509732 0.706385
vt 0.498888 0.712743
vt 0.479811 0.713879
vt 0.480203 0.718278
vt 0.457651 0.718070
vt 0.456998 0.714643
vt 0.499040 0.717983
vt 0.499000 0.723216
vt 0.457581 0.719010
vt 0.479912 0.722700
vt 0.510210 0.723277
vt 0.510163 0.728931
vt 0.510309 0.717644
vt 0.498741 0.728477
vt 0.509912 0.734665
vt 0.517937 0.729185
vt 0.518007 0.723343
vt 0.523641 0.723289
vt 0.523655 0.729207
vt 0.523609 0.735204
vt 0.517750 0.735087
vt 0.527989 0.729215
vt 0.528000 0.735250
vt 0.523438 0.741323
vt 0.517567 0.741089
vt 0.527947 0.741414
vt 0.523257 0.747573
vt 0.527890 0.747724
vt 0.522920 0.754064
vt 0.517089 0.747229
vt 0.527713 0.754283
vt 0.522445 0.760844
vt 0.516632 0.753548
vt 0.527528 0.761126
vt 0.521871 0.767988
vt 0.514904 0.767095
vt 0.515791 0.760181
vt 0.520973 0.775642
vt 0.503837 0.772149
vt 0.505507 0.765353
vt 0.506961 0.758829
vt 0.513652 0.774470
vt 0.508123 0.752513
vt 0.493002 0.761665
vt 0.494657 0.755881
vt 0.509006 0.746405
vt 0.495915 0.750235
vt 0.497114 0.744694
vt 0.509519 0.740474
vt 0.498014 0.739223
vt 0.477403 0.740753
vt 0.478784 0.731688
vt 0.498496 0.733804
vt 0.478452 0.736272
vt 0.455150 0.733184
vt 0.455325 0.732291
vt 0.479437 0.727174
vt 0.456164 0.726112
vt 0.456939 0.722522
vt 0.453879 0.738964
vt 0.476603 0.745303
vt 0.475094 0.749685
vt 0.453580 0.739824
vt 0.473731 0.754181
vt 0.451563 0.745006
vt 0.472029 0.758561
vt 0.450619 0.747719
vt 0.490953 0.767579
vt 0.488177 0.773528
vt 0.449532 0.750069
vt 0.469943 0.762782
vt 0.501686 0.779256
vt 0.484778 0.779546
vt 0.498664 0.786778
vt 0.467432 0.766806
vt 0.480764 0.785626
vt 0.511895 0.782326
vt 0.509684 0.790749
vt 0.494707 0.794817
vt 0.506695 0.800000
vt 0.489682 0.803234
vt 0.475628 0.791530
vt 0.483264 0.812061
vt 0.460822 0.773808
vt 0.469268 0.797194
vt 0.446219 0.753743
vt 0.464452 0.770578
vt 0.443659 0.754685
vt 0.456766 0.776786
vt 0.443265 0.754686
vt 0.452201 0.778993
vt 0.442020 0.753831
vt 0.447102 0.780495
vt 0.461549 0.802275
vt 0.452059 0.806373
vt 0.448171 0.631444
vt 0.457327 0.607067
vt 0.469678 0.615472
vt 0.474565 0.821133
vt 0.462643 0.830056
vt 0.444393 0.657245
vt 0.457828 0.635048
vt 0.484038 0.601339
vt 0.492678 0.613945
vt 0.471727 0.587361
vt 0.479245 0.624351
vt 0.498351 0.592414
vt 0.504906 0.607707
vt 0.486058 0.632855
vt 0.498827 0.625274
vt 0.509631 0.620861
vt 0.515547 0.604444
vt 0.518508 0.618467
vt 0.524467 0.602953
vt 0.525957 0.617436
vt 0.520712 0.630423
vt 0.512834 0.632037
vt 0.515400 0.642097
vt 0.506529 0.644488
vt 0.503151 0.635255
vt 0.517161 0.650998
vt 0.498869 0.656338
vt 0.495515 0.648906
vt 0.491464 0.641049
vt 0.509163 0.652882
vt 0.477913 0.650946
vt 0.482270 0.656882
vt 0.465073 0.670484
vt 0.485791 0.662801
vt 0.467972 0.674232
vt 0.447471 0.687093
vt 0.447928 0.687601
vt 0.470193 0.678395
vt 0.449079 0.689972
vt 0.472044 0.682731
vt 0.488692 0.668682
vt 0.450060 0.692743
vt 0.473574 0.687207
vt 0.491054 0.674487
vt 0.503709 0.670205
vt 0.501533 0.663421
vt 0.511263 0.660699
vt 0.518616 0.659196
vt 0.524424 0.658444
vt 0.523512 0.650052
vt 0.527914 0.640180
vt 0.528578 0.649582
vt 0.522263 0.640770
vt 0.527088 0.629628
vt 0.532500 0.617143
vt 0.532692 0.629370
vt 0.539077 0.617267
vt 0.532374 0.602532
vt 0.540285 0.602831
vt 0.532250 0.584428
vt 0.542229 0.584997
vt 0.532087 0.559903
vt 0.522278 0.585092
vt 0.545729 0.561315
vt 0.537804 0.849341
vt 0.551788 0.871279
vt 0.538738 0.872672
vt 0.525588 0.872371
vt 0.518534 0.561673
vt 0.537143 0.831366
vt 0.527887 0.849035
vt 0.547652 0.848278
vt 0.529262 0.831184
vt 0.510653 0.869293
vt 0.516723 0.847146
vt 0.520330 0.830014
vt 0.530138 0.816697
vt 0.522727 0.815909
vt 0.509655 0.827267
vt 0.513739 0.813985
vt 0.516435 0.802765
vt 0.497217 0.821609
vt 0.502692 0.810184
vt 0.489117 0.834620
vt 0.503790 0.842809
vt 0.477642 0.848887
vt 0.494639 0.861321
vt 0.488352 0.573969
vt 0.504331 0.566234
vt 0.511208 0.587445
vt 0.524362 0.804009
vt 0.518465 0.792776
vt 0.525405 0.793735
vt 0.519967 0.783800
vt 0.526192 0.784527
vt 0.531409 0.776307
vt 0.531264 0.784779
vt 0.526823 0.776105
vt 0.527202 0.768391
vt 0.531513 0.768499
vt 0.531592 0.761199
vt 0.535088 0.761190
vt 0.535252 0.768488
vt 0.531578 0.754333
vt 0.534914 0.754306
vt 0.534781 0.747718
vt 0.538259 0.754180
vt 0.537972 0.747607
vt 0.541690 0.747436
vt 0.542118 0.753970
vt 0.538590 0.761044
vt 0.534659 0.741382
vt 0.537758 0.741283
vt 0.541338 0.741129
vt 0.541057 0.734988
vt 0.545828 0.740856
vt 0.546284 0.747094
vt 0.551745 0.740418
vt 0.552440 0.746506
vt 0.546864 0.753547
vt 0.553175 0.752760
vt 0.547646 0.760278
vt 0.554177 0.759280
vt 0.555425 0.766100
vt 0.542619 0.760785
vt 0.548599 0.767349
vt 0.562941 0.757570
vt 0.564624 0.763903
vt 0.557040 0.773338
vt 0.549844 0.774893
vt 0.559215 0.781050
vt 0.551272 0.782948
vt 0.545117 0.784009
vt 0.544039 0.775654
vt 0.546341 0.793065
vt 0.540053 0.784488
vt 0.539475 0.776094
vt 0.538980 0.768313
vt 0.535447 0.776298
vt 0.543256 0.767989
vt 0.535678 0.784733
vt 0.540830 0.793809
vt 0.535921 0.794062
vt 0.531056 0.794023
vt 0.530675 0.804605
vt 0.536268 0.804574
vt 0.541813 0.804242
vt 0.543137 0.816279
vt 0.536653 0.816856
vt 0.548115 0.803320
vt 0.544982 0.830633
vt 0.553773 0.828849
vt 0.550472 0.815034
vt 0.555793 0.801521
vt 0.559271 0.812579
vt 0.565224 0.798160
vt 0.569791 0.808038
vt 0.575982 0.818957
vt 0.564149 0.825395
vt 0.589035 0.808699
vt 0.598096 0.816966
vt 0.582024 0.800322
vt 0.584834 0.831155
vt 0.609475 0.797853
vt 0.610276 0.824804
vt 0.597128 0.844244
vt 0.591591 0.587103
vt 0.606189 0.605398
vt 0.594596 0.613902
vt 0.566182 0.591929
vt 0.576010 0.573873
vt 0.571038 0.840295
vt 0.581497 0.857803
vt 0.580156 0.600532
vt 0.566330 0.866995
vt 0.558583 0.845555
vt 0.553284 0.587291
vt 0.560268 0.565621
vt 0.549194 0.604188
vt 0.559779 0.607278
vt 0.546518 0.618166
vt 0.555501 0.620258
vt 0.552517 0.631536
vt 0.544697 0.630091
vt 0.562247 0.634430
vt 0.550294 0.641597
vt 0.543433 0.640490
vt 0.559182 0.643687
vt 0.548832 0.650508
vt 0.542477 0.649784
vt 0.537417 0.649490
vt 0.537180 0.657957
vt 0.541838 0.658164
vt 0.533009 0.649419
vt 0.533130 0.657959
vt 0.529080 0.658084
vt 0.529495 0.665922
vt 0.532850 0.639985
vt 0.537784 0.640078
vt 0.538302 0.629506
vt 0.570222 0.647692
vt 0.573933 0.639808
vt 0.587754 0.649049
vt 0.583698 0.655059
vt 0.579034 0.631501
vt 0.572061 0.613067
vt 0.585713 0.622812
vt 0.566342 0.624330
vt 0.592762 0.643176
vt 0.599018 0.637575
vt 0.606668 0.632606
vt 0.615953 0.628727
vt 0.615942 0.655286
vt 0.620880 0.653806
vt 0.611471 0.657605
vt 0.625492 0.679169
vt 0.625933 0.679646
vt 0.589379 0.702784
vt 0.611750 0.708292
vt 0.588735 0.707250
vt 0.590241 0.698283
vt 0.612685 0.704917
vt 0.590819 0.693721
vt 0.613715 0.698940
vt 0.592106 0.689292
vt 0.613976 0.698048
vt 0.593642 0.684859
vt 0.615404 0.694879
vt 0.594987 0.680317
vt 0.617397 0.689424
vt 0.596645 0.675899
vt 0.618271 0.686537
vt 0.611685 0.709200
vt 0.588794 0.711759
vt 0.611537 0.715310
vt 0.588538 0.716259
vt 0.611610 0.716234
vt 0.588986 0.720755
vt 0.612006 0.722382
vt 0.589110 0.725272
vt 0.612209 0.723322
vt 0.589933 0.729736
vt 0.613251 0.729440
vt 0.590438 0.734274
vt 0.613488 0.732842
vt 0.591159 0.738739
vt 0.613993 0.736081
vt 0.592114 0.743138
vt 0.614354 0.736860
vt 0.593764 0.747351
vt 0.616460 0.741682
vt 0.595304 0.751666
vt 0.617494 0.744300
vt 0.597165 0.755849
vt 0.618763 0.746570
vt 0.599387 0.759879
vt 0.620073 0.748429
vt 0.602015 0.763691
vt 0.621521 0.749842
vt 0.605088 0.767227
vt 0.622018 0.750049
vt 0.608760 0.770197
vt 0.624500 0.750829
vt 0.612836 0.772893
vt 0.624856 0.750807
vt 0.617370 0.774812
vt 0.625933 0.749988
vt 0.622372 0.776004
vt 0.624571 0.679175
vt 0.607518 0.660571
vt 0.622182 0.680094
vt 0.603995 0.663803
vt 0.621766 0.680403
vt 0.601101 0.667584
vt 0.620489 0.681981
vt 0.598667 0.671639
vt 0.619308 0.684043
vt 0.580423 0.661068
vt 0.618892 0.801255
vt 0.601651 0.793369
vt 0.595263 0.788149
vt 0.589943 0.782663
vt 0.576836 0.792406
vt 0.585704 0.776929
vt 0.572513 0.784738
vt 0.561898 0.789263
vt 0.553241 0.791751
vt 0.569153 0.777496
vt 0.579307 0.765454
vt 0.582072 0.771209
vt 0.566575 0.770512
vt 0.576864 0.759818
vt 0.574809 0.754235
vt 0.573375 0.748695
vt 0.572219 0.743241
vt 0.561561 0.751409
vt 0.560402 0.745378
vt 0.559675 0.739483
vt 0.571126 0.737863
vt 0.570503 0.732496
vt 0.559031 0.733692
vt 0.558591 0.727980
vt 0.551230 0.734442
vt 0.550850 0.728558
vt 0.550565 0.722739
vt 0.545188 0.728798
vt 0.558290 0.722342
vt 0.545458 0.734769
vt 0.540819 0.728963
vt 0.544920 0.722892
vt 0.540677 0.723020
vt 0.537562 0.735118
vt 0.537391 0.729073
vt 0.544812 0.717026
vt 0.540535 0.717114
vt 0.537260 0.723106
vt 0.537135 0.717180
vt 0.540436 0.711198
vt 0.537028 0.711249
vt 0.534191 0.717248
vt 0.536947 0.705275
vt 0.534072 0.711313
vt 0.540397 0.705245
vt 0.536895 0.699220
vt 0.533956 0.705332
vt 0.533859 0.699268
vt 0.530979 0.705398
vt 0.530821 0.699348
vt 0.527536 0.705491
vt 0.531116 0.711360
vt 0.527697 0.711438
vt 0.523449 0.711553
vt 0.523538 0.717419
vt 0.527861 0.717345
vt 0.531249 0.717289
vt 0.531350 0.723218
vt 0.527941 0.723258
vt 0.534304 0.723180
vt 0.531432 0.729189
vt 0.534413 0.729155
vt 0.534533 0.735208
vt 0.531501 0.735241
vt 0.531560 0.741408
vt 0.531559 0.747763
vt 0.517913 0.717559
vt 0.517781 0.711785
vt 0.523213 0.705645
vt 0.517515 0.705970
vt 0.510087 0.712020
vt 0.517135 0.700085
vt 0.509204 0.700716
vt 0.516651 0.694081
vt 0.522530 0.693552
vt 0.522914 0.699660
vt 0.527319 0.699461
vt 0.530636 0.693151
vt 0.533767 0.693076
vt 0.536869 0.693047
vt 0.540458 0.693056
vt 0.540399 0.699213
vt 0.544798 0.699259
vt 0.544748 0.705231
vt 0.544978 0.693149
vt 0.550675 0.699426
vt 0.550405 0.705306
vt 0.550387 0.711140
vt 0.544710 0.711154
vt 0.558168 0.711163
vt 0.550372 0.716945
vt 0.558158 0.716751
vt 0.569359 0.711316
vt 0.569229 0.716617
vt 0.569467 0.721909
vt 0.569906 0.727199
vt 0.558234 0.705535
vt 0.569429 0.705993
vt 0.569884 0.700639
vt 0.558415 0.699836
vt 0.570536 0.695230
vt 0.558936 0.694018
vt 0.550904 0.693452
vt 0.551285 0.687285
vt 0.545256 0.686864
vt 0.545604 0.680365
vt 0.551951 0.680897
vt 0.560531 0.682001
vt 0.574051 0.678630
vt 0.572595 0.684242
vt 0.559616 0.688088
vt 0.571453 0.689766
vt 0.452187 0.697988
vt 0.475265 0.691582
vt 0.453743 0.701031
vt 0.461938 0.666768
vt 0.444619 0.684556
vt 0.458306 0.663449
vt 0.443257 0.683570
vt 0.441976 0.683142
vt 0.454155 0.660645
vt 0.472410 0.645218
vt 0.465768 0.639811
vt 0.440969 0.683239
vt 0.449499 0.658508
vt 0.440526 0.683828
vt 0.446773 0.753546
vt 0.448236 0.752032
s 0
usemtl マテリアル
f 620/824/719 616/825/719 615/826/719
f 616/825/720 617/827/720 615/826/720
f 615/826/721 617/827/721 619/828/721
f 622/829/722 615/826/722 618/830/722
f 615/826/723 619/828/723 618/830/723
f 620/824/719 615/826/719 621/831/719
f 622/829/724 621/831/724 615/826/724
f 623/832/725 621/831/725 622/829/725
f 623/832/725 622/829/725 625/833/725
f 622/829/726 618/830/726 626/834/726
f 625/833/727 622/829/727 624/835/727
f 622/829/726 626/834/726 624/835/726
f 626/834/728 627/836/728 629/837/728
f 626/834/729 619/828/729 627/836/729
f 626/834/729 618/830/729 619/828/729
f 624/835/730 626/834/730 628/838/730
f 626/834/728 629/837/728 628/838/728
f 627/836/731 630/839/731 629/837/731
f 628/838/732 629/837/732 631/840/732
f 629/837/733 630/839/733 632/841/733
f 629/837/733 632/841/733 631/840/733
f 632/841/734 630/839/734 635/842/734
f 632/841/735 636/843/735 633/844/735
f 637/845/736 632/841/736 633/844/736
f 632/841/737 634/846/737 636/843/737
f 632/841/734 635/842/734 634/846/734
f 637/845/736 631/840/736 632/841/736
f 638/847/738 631/840/738 637/845/738
f 638/847/738 637/845/738 639/848/738
f 639/848/739 637/845/739 640/849/739
f 637/845/740 641/850/740 640/849/740
f 637/845/741 633/844/741 641/850/741
f 633/844/742 642/851/742 641/850/742
f 641/850/743 642/851/743 644/852/743
f 640/849/744 641/850/744 643/853/744
f 641/850/743 644/852/743 643/853/743
f 642/851/745 646/854/745 644/852/745
f 645/855/746 644/852/746 646/854/746
f 647/856/747 644/852/747 645/855/747
f 647/856/747 643/853/747 644/852/747
f 650/857/748 643/853/748 647/856/748
f 647/856/749 645/855/749 649/858/749
f 650/857/750 647/856/750 648/859/750
f 647/856/751 649/858/751 648/859/751
f 651/860/752 650/857/752 654/861/752
f 653/862/753 650/857/753 651/860/753
f 650/857/754 652/863/754 643/853/754
f 653/862/753 652/863/753 650/857/753
f 650/857/750 648/859/750 654/861/750
f 651/860/752 654/861/752 655/864/752
f 655/864/755 654/861/755 656/865/755
f 654/861/756 648/859/756 657/866/756
f 654/861/756 657/866/756 656/865/756
f 658/867/757 656/865/757 657/866/757
f 658/867/757 657/866/757 659/868/757
f 657/866/758 648/859/758 649/858/758
f 657/866/759 661/869/759 659/868/759
f 657/866/759 660/870/759 661/869/759
f 657/866/758 649/858/758 660/870/758
f 659/868/760 661/869/760 664/871/760
f 661/869/761 660/870/761 663/872/761
f 661/869/762 662/873/762 665/874/762
f 661/869/761 663/872/761 662/873/761
f 661/869/762 665/874/762 664/871/762
f 666/875/763 664/871/763 665/874/763
f 662/873/764 667/876/764 665/874/764
f 666/877/765 665/874/765 667/876/765
f 667/876/766 668/878/766 670/879/766
f 662/873/767 668/878/767 667/876/767
f 666/880/768 667/876/768 669/881/768
f 667/876/766 670/879/766 669/881/766
f 671/882/769 672/883/769 670/879/769
f 668/878/770 671/882/770 670/879/770
f 670/879/771 673/884/771 669/881/771
f 670/879/772 672/883/772 673/884/772
f 672/883/773 674/885/773 673/884/773
f 666/886/774 673/884/774 674/885/774
f 666/887/775 669/881/775 673/884/775
f 674/885/776 675/888/776 677/889/776
f 672/883/773 675/888/773 674/885/773
f 666/890/777 674/885/777 676/891/777
f 674/885/776 677/889/776 676/891/776
f 677/889/778 678/892/778 681/893/778
f 679/894/779 678/892/779 677/889/779
f 676/891/780 677/889/780 680/895/780
f 679/894/779 677/889/779 675/888/779
f 677/889/778 681/893/778 680/895/778
f 680/895/781 681/893/781 682/896/781
f 683/897/782 682/896/782 681/893/782
f 678/892/783 683/897/783 681/893/783
f 678/892/783 684/898/783 683/897/783
f 686/899/784 683/897/784 684/898/784
f 683/897/785 685/900/785 688/901/785
f 686/899/784 685/900/784 683/897/784
f 683/897/782 687/902/782 682/896/782
f 683/897/785 688/901/785 687/902/785
f 690/903/786 689/904/786 688/901/786
f 689/904/787 692/905/787 688/901/787
f 690/903/786 688/901/786 685/900/786
f 688/901/788 691/906/788 687/902/788
f 688/901/789 692/905/789 691/906/789
f 689/904/787 693/907/787 692/905/787
f 693/907/790 694/908/790 692/905/790
f 691/906/791 692/905/791 694/908/791
f 693/907/790 695/909/790 694/908/790
f 695/909/792 697/910/792 694/908/792
f 696/911/793 694/908/793 697/910/793
f 691/906/791 694/908/791 696/911/791
f 695/909/792 698/912/792 697/910/792
f 698/912/794 700/913/794 697/910/794
f 699/914/795 697/910/795 700/913/795
f 696/911/796 697/910/796 699/914/796
f 698/912/797 701/915/797 700/913/797
f 701/915/798 703/916/798 700/913/798
f 700/913/799 704/917/799 702/918/799
f 699/914/795 700/913/795 702/918/795
f 700/913/799 703/916/799 704/917/799
f 704/917/800 703/916/800 707/919/800
f 704/917/801 708/920/801 705/921/801
f 709/922/802 704/917/802 705/921/802
f 704/917/801 706/923/801 708/920/801
f 704/917/800 707/919/800 706/923/800
f 709/922/803 702/918/803 704/917/803
f 699/914/804 702/918/804 709/922/804
f 699/914/804 709/922/804 712/924/804
f 709/922/805 705/921/805 711/925/805
f 712/924/806 709/922/806 710/926/806
f 709/922/805 711/925/805 710/926/805
f 714/927/807 699/914/807 712/924/807
f 712/924/806 710/926/806 713/928/806
f 715/929/808 712/924/808 713/928/808
f 715/929/808 714/927/808 712/924/808
f 716/930/809 714/927/809 715/929/809
f 716/930/809 715/929/809 718/931/809
f 717/932/810 715/929/810 713/928/810
f 718/931/811 715/929/811 717/932/811
f 720/933/812 719/934/812 718/931/812
f 719/934/813 716/930/813 718/931/813
f 720/933/812 718/931/812 721/935/812
f 718/931/814 717/932/814 721/935/814
f 666/936/815 721/935/815 717/932/815
f 666/937/816 720/933/816 721/935/816
f 722/938/817 719/934/817 720/933/817
f 666/939/818 722/938/818 720/933/818
f 722/938/819 680/895/819 719/934/819
f 676/891/820 680/895/820 722/938/820
f 666/940/821 676/891/821 722/938/821
f 719/934/813 682/896/813 716/930/813
f 680/895/781 682/896/781 719/934/781
f 666/941/822 717/932/822 723/942/822
f 717/932/823 713/928/823 723/942/823
f 713/928/824 724/943/824 723/942/824
f 666/944/825 723/942/825 724/943/825
f 713/928/824 710/926/824 724/943/824
f 710/926/826 725/945/826 724/943/826
f 666/946/827 724/943/827 725/945/827
f 710/926/828 711/925/828 725/945/828
f 711/925/829 726/947/829 725/945/829
f 666/948/830 725/945/830 726/947/830
f 726/947/831 727/949/831 729/950/831
f 711/925/832 727/949/832 726/947/832
f 666/951/833 726/947/833 728/952/833
f 726/947/834 729/950/834 728/952/834
f 730/953/835 731/954/835 729/950/835
f 727/949/836 730/953/836 729/950/836
f 728/952/837 729/950/837 731/954/837
f 730/953/835 734/955/835 731/954/835
f 732/956/838 731/954/838 733/957/838
f 728/952/839 731/954/839 732/956/839
f 734/955/840 733/957/840 731/954/840
f 736/958/841 734/955/841 730/953/841
f 736/958/841 735/959/841 734/955/841
f 735/959/842 737/960/842 734/955/842
f 734/955/843 737/960/843 733/957/843
f 735/959/842 738/961/842 737/960/842
f 738/961/844 739/962/844 737/960/844
f 737/960/845 739/962/845 740/963/845
f 737/960/846 740/963/846 733/957/846
f 740/963/847 739/962/847 742/964/847
f 733/957/848 740/963/848 743/965/848
f 743/965/849 740/963/849 741/966/849
f 740/963/850 742/964/850 741/966/850
f 666/967/851 744/968/851 743/965/851
f 733/957/852 743/965/852 744/968/852
f 666/969/853 743/965/853 745/970/853
f 743/965/849 741/966/849 745/970/849
f 666/971/854 745/970/854 746/972/854
f 741/966/855 746/972/855 745/970/855
f 666/973/856 746/972/856 748/974/856
f 746/972/857 747/975/857 749/976/857
f 741/966/858 747/975/858 746/972/858
f 746/972/859 749/976/859 748/974/859
f 749/977/860 750/978/860 753/979/860
f 751/980/861 750/981/861 749/976/861
f 751/980/861 749/976/861 747/975/861
f 748/982/862 749/977/862 752/983/862
f 749/977/860 753/979/860 752/983/860
f 753/979/863 754/984/863 757/985/863
f 755/986/864 754/984/864 753/979/864
f 755/986/864 753/979/864 750/978/864
f 752/983/865 753/979/865 756/987/865
f 753/979/863 757/985/863 756/987/863
f 758/988/866 762/989/866 757/985/866
f 758/988/866 757/985/866 754/984/866
f 757/985/867 759/990/867 756/987/867
f 757/985/867 760/991/867 759/990/867
f 757/985/868 761/992/868 760/991/868
f 757/985/869 762/989/869 761/992/869
f 758/988/870 763/993/870 762/989/870
f 762/989/871 763/993/871 764/994/871
f 762/989/871 764/994/871 761/992/871
f 766/995/872 765/996/872 764/994/872
f 765/996/873 767/997/873 764/994/873
f 766/995/872 764/994/872 763/993/872
f 764/994/874 768/998/874 761/992/874
f 764/994/874 767/997/874 768/998/874
f 767/997/875 769/999/875 768/998/875
f 768/998/876 769/999/876 771/1000/876
f 761/992/877 768/998/877 770/1001/877
f 768/998/876 771/1000/876 770/1001/876
f 771/1000/878 769/999/878 774/1002/878
f 771/1000/879 775/1003/879 772/1004/879
f 776/1005/880 771/1000/880 772/1004/880
f 771/1000/879 773/1006/879 775/1003/879
f 771/1000/878 774/1002/878 773/1006/878
f 776/1005/880 770/1001/880 771/1000/880
f 759/990/881 776/1005/881 777/1007/881
f 759/990/882 770/1001/882 776/1005/882
f 776/1005/883 778/1008/883 777/1007/883
f 776/1005/884 772/1004/884 778/1008/884
f 777/1007/885 778/1008/885 780/1009/885
f 772/1004/886 779/1010/886 778/1008/886
f 778/1008/887 779/1010/887 781/1011/887
f 778/1008/888 781/1011/888 780/1009/888
f 666/1012/889 780/1009/889 781/1011/889
f 666/1013/890 781/1011/890 782/1014/890
f 779/1010/891 782/1014/891 781/1011/891
f 666/1015/892 782/1014/892 784/1016/892
f 779/1010/893 783/1017/893 782/1014/893
f 783/1017/894 784/1016/894 782/1014/894
f 666/1018/895 784/1016/895 785/1019/895
f 786/1020/896 785/1019/896 784/1016/896
f 783/1017/897 786/1020/897 784/1016/897
f 786/1020/896 658/867/896 785/1019/896
f 788/1021/898 658/867/898 786/1020/898
f 787/1022/899 788/1021/899 786/1020/899
f 787/1022/899 786/1020/899 783/1017/899
f 788/1021/898 656/865/898 658/867/898
f 655/864/900 656/865/900 788/1021/900
f 787/1022/901 655/864/901 788/1021/901
f 787/1022/902 789/1023/902 655/864/902
f 775/1003/903 789/1023/903 787/1022/903
f 775/1003/904 787/1022/904 783/1017/904
f 789/1023/905 790/1024/905 651/860/905
f 773/1006/906 790/1024/906 789/1023/906
f 789/1023/905 651/860/905 655/864/905
f 775/1003/903 773/1006/903 789/1023/903
f 790/1024/907 791/1025/907 653/862/907
f 792/1026/908 791/1025/908 790/1024/908
f 792/1026/909 790/1024/909 774/1002/909
f 790/1024/907 653/862/907 651/860/907
f 773/1006/906 774/1002/906 790/1024/906
f 794/1027/910 793/1028/910 792/1026/910
f 793/1028/911 791/1025/911 792/1026/911
f 794/1027/910 792/1026/910 795/1029/910
f 795/1029/912 792/1026/912 774/1002/912
f 796/1030/913 794/1027/913 795/1029/913
f 796/1030/913 795/1029/913 767/997/913
f 767/997/875 795/1029/875 769/999/875
f 795/1029/912 774/1002/912 769/999/912
f 798/1031/914 797/1032/914 796/1030/914
f 797/1032/915 794/1027/915 796/1030/915
f 798/1031/914 796/1030/914 765/996/914
f 765/996/873 796/1030/873 767/997/873
f 799/1033/916 797/1032/916 798/1031/916
f 800/1034/917 799/1033/917 798/1031/917
f 800/1034/918 798/1031/918 765/996/918
f 800/1034/919 801/1035/919 799/1033/919
f 802/1036/920 801/1035/920 800/1034/920
f 802/1036/921 800/1034/921 766/995/921
f 800/1034/922 765/996/922 766/995/922
f 802/1036/920 803/1037/920 801/1035/920
f 805/1038/923 803/1037/923 802/1036/923
f 805/1038/924 802/1036/924 804/1039/924
f 802/1036/921 766/995/921 804/1039/921
f 805/1038/925 806/1040/925 803/1037/925
f 808/1041/926 806/1042/926 805/1043/926
f 808/1041/927 805/1043/927 807/1044/927
f 805/1038/928 804/1039/928 807/1045/928
f 809/1046/929 808/1041/929 811/1047/929
f 809/1046/930 810/1048/930 808/1041/930
f 808/1041/931 810/1048/931 806/1042/931
f 808/1041/932 807/1044/932 811/1047/932
f 809/1046/929 811/1047/929 814/1049/929
f 811/1047/933 813/1050/933 812/1051/933
f 815/1052/934 811/1047/934 812/1051/934
f 811/1047/933 807/1044/933 813/1050/933
f 815/1052/934 814/1049/934 811/1047/934
f 816/1053/935 814/1049/935 815/1052/935
f 816/1053/935 815/1052/935 818/1054/935
f 817/1055/936 815/1052/936 812/1051/936
f 819/1056/937 815/1052/937 817/1055/937
f 819/1056/937 818/1054/937 815/1052/937
f 820/1057/938 818/1054/938 819/1056/938
f 738/961/939 820/1057/939 819/1056/939
f 819/1056/940 822/1058/940 821/1059/940
f 738/961/941 819/1056/941 821/1059/941
f 819/1056/942 817/1055/942 822/1058/942
f 817/1055/943 823/1060/943 822/1058/943
f 822/1058/944 751/980/944 742/964/944
f 739/962/945 822/1058/945 742/964/945
f 822/1058/944 823/1060/944 751/980/944
f 739/962/945 821/1059/945 822/1058/945
f 817/1055/943 824/1061/943 823/1060/943
f 824/1061/946 755/1062/946 823/1060/946
f 751/980/947 823/1060/947 755/1062/947
f 824/1061/948 812/1051/948 813/1050/948
f 817/1055/949 812/1051/949 824/1061/949
f 824/1061/946 825/1063/946 755/1062/946
f 824/1061/948 813/1050/948 825/1063/948
f 825/1064/950 813/1065/950 826/1066/950
f 755/986/951 825/1064/951 758/988/951
f 825/1064/950 826/1066/950 758/988/950
f 807/1045/952 826/1066/952 813/1065/952
f 807/1045/952 804/1039/952 826/1066/952
f 804/1039/953 763/993/953 826/1066/953
f 758/988/954 826/1066/954 763/993/954
f 738/961/844 821/1059/844 739/962/844
f 820/1057/938 827/1067/938 818/1054/938
f 828/1068/955 827/1067/955 820/1057/955
f 828/1068/956 820/1057/956 738/961/956
f 828/1068/955 829/1069/955 827/1067/955
f 830/1070/957 829/1069/957 828/1068/957
f 830/1070/958 828/1068/958 735/959/958
f 828/1068/959 738/961/959 735/959/959
f 830/1070/957 831/1071/957 829/1069/957
f 707/919/960 831/1071/960 830/1070/960
f 707/919/961 830/1070/961 736/958/961
f 830/1070/962 735/959/962 736/958/962
f 833/1072/963 832/1073/963 831/1071/963
f 832/1073/964 829/1069/964 831/1071/964
f 833/1072/963 831/1071/963 834/1074/963
f 707/919/965 834/1074/965 831/1071/965
f 703/916/966 836/1075/966 834/1074/966
f 703/916/966 834/1074/966 707/919/966
f 835/1076/967 833/1072/967 834/1074/967
f 835/1076/967 834/1074/967 836/1075/967
f 701/915/798 836/1075/798 703/916/798
f 701/915/968 835/1076/968 836/1075/968
f 701/915/968 839/1077/968 835/1076/968
f 838/1078/969 837/1079/969 835/1076/969
f 837/1079/970 833/1072/970 835/1076/970
f 838/1078/971 835/1076/971 839/1077/971
f 698/912/972 840/1080/972 839/1077/972
f 841/1081/973 839/1077/973 840/1080/973
f 698/912/972 839/1077/972 701/915/972
f 841/1081/973 838/1078/973 839/1077/973
f 842/1082/974 841/1081/974 840/1080/974
f 842/1082/975 843/1083/975 841/1081/975
f 843/1083/976 838/1078/976 841/1081/976
f 842/1082/977 847/1084/977 843/1083/977
f 845/1085/978 844/1086/978 843/1083/978
f 844/1086/979 846/1087/979 843/1083/979
f 845/1085/978 843/1083/978 847/1084/978
f 843/1083/976 846/1087/976 838/1078/976
f 849/1088/980 848/1089/980 847/1084/980
f 850/1090/981 847/1084/981 848/1089/981
f 849/1088/980 847/1084/980 842/1082/980
f 850/1090/981 845/1085/981 847/1084/981
f 851/1091/982 850/1090/982 848/1089/982
f 851/1091/983 852/1092/983 850/1090/983
f 850/1090/984 852/1092/984 853/1093/984
f 850/1090/984 853/1093/984 845/1085/984
f 855/1094/985 854/1095/985 853/1093/985
f 854/1095/986 856/1096/986 853/1093/986
f 855/1094/985 853/1093/985 852/1092/985
f 853/1093/987 844/1086/987 845/1085/987
f 853/1093/987 856/1096/987 844/1086/987
f 854/1095/986 857/1097/986 856/1096/986
f 857/1097/988 858/1098/988 856/1096/988
f 844/1086/989 856/1096/989 858/1098/989
f 858/1098/990 859/1099/990 862/1100/990
f 857/1097/988 859/1099/988 858/1098/988
f 860/1101/991 858/1098/991 861/1102/991
f 844/1086/989 858/1098/989 860/1101/989
f 858/1098/992 862/1100/992 861/1102/992
f 864/1103/993 863/1104/993 862/1100/993
f 863/1104/994 865/1105/994 862/1100/994
f 864/1103/995 862/1100/995 859/1099/995
f 862/1100/996 866/1106/996 861/1102/996
f 862/1100/996 865/1105/996 866/1106/996
f 866/1106/997 865/1105/997 868/1107/997
f 866/1106/998 867/1108/998 870/1109/998
f 866/1106/999 868/1107/999 867/1108/999
f 861/1102/1000 866/1106/1000 869/1110/1000
f 866/1106/1001 870/1109/1001 869/1110/1001
f 867/1108/1002 872/1111/1002 870/1109/1002
f 871/1112/1003 870/1109/1003 872/1111/1003
f 873/1113/1004 870/1109/1004 871/1112/1004
f 873/1113/1004 869/1110/1004 870/1109/1004
f 875/1114/1005 869/1110/1005 873/1113/1005
f 874/1115/1006 873/1113/1006 871/1112/1006
f 875/1114/1007 873/1113/1007 874/1115/1007
f 875/1114/1005 876/1116/1005 869/1110/1005
f 860/1101/1008 876/1116/1008 875/1114/1008
f 860/1101/1008 875/1114/1008 846/1087/1008
f 875/1114/1007 874/1115/1007 837/1079/1007
f 838/1078/1009 875/1114/1009 837/1079/1009
f 838/1078/1010 846/1087/1010 875/1114/1010
f 861/1102/1000 869/1110/1000 876/1116/1000
f 860/1101/991 861/1102/991 876/1116/991
f 874/1115/1011 877/1117/1011 832/1073/1011
f 874/1115/1012 871/1112/1012 877/1117/1012
f 837/1079/970 874/1115/970 833/1072/970
f 874/1115/1013 832/1073/1013 833/1072/1013
f 877/1117/1014 871/1112/1014 879/1118/1014
f 877/1117/1015 878/1119/1015 880/1120/1015
f 877/1117/1016 879/1118/1016 878/1119/1016
f 877/1117/1015 880/1120/1015 832/1073/1015
f 878/1119/1017 881/1121/1017 880/1120/1017
f 880/1120/1018 881/1121/1018 827/1067/1018
f 832/1073/964 880/1120/964 829/1069/964
f 880/1120/1018 827/1067/1018 829/1069/1018
f 878/1119/1019 882/1122/1019 881/1121/1019
f 882/1122/1020 816/1053/1020 881/1121/1020
f 881/1121/1021 816/1053/1021 818/1054/1021
f 881/1121/1021 818/1054/1021 827/1067/1021
f 882/1122/1022 883/1123/1022 885/1124/1022
f 878/1119/1023 883/1123/1023 882/1122/1023
f 882/1122/1024 884/1125/1024 816/1053/1024
f 882/1122/1025 885/1124/1025 884/1125/1025
f 888/1126/1026 885/1124/1026 883/1123/1026
f 884/1125/1027 885/1124/1027 886/1127/1027
f 885/1124/1028 887/1128/1028 886/1127/1028
f 885/1124/1028 889/1129/1028 887/1128/1028
f 888/1126/1026 889/1129/1026 885/1124/1026
f 890/1130/1029 891/1131/1029 889/1129/1029
f 890/1130/1029 889/1129/1029 888/1126/1029
f 891/1131/1030 887/1128/1030 889/1129/1030
f 892/1132/1031 893/1133/1031 891/1131/1031
f 892/1132/1032 891/1131/1032 890/1130/1032
f 891/1131/1033 893/1133/1033 895/1134/1033
f 891/1131/1030 894/1135/1030 887/1128/1030
f 891/1131/1033 895/1134/1033 894/1135/1033
f 895/1134/1034 896/1136/1034 899/1137/1034
f 897/1138/1035 896/1136/1035 895/1134/1035
f 897/1138/1035 895/1134/1035 893/1133/1035
f 894/1135/1036 895/1134/1036 898/1139/1036
f 895/1134/1034 899/1137/1034 898/1139/1034
f 900/1140/1037 901/1141/1037 899/1137/1037
f 896/1136/1038 900/1140/1038 899/1137/1038
f 899/1137/1039 902/1142/1039 898/1139/1039
f 899/1137/1039 901/1141/1039 902/1142/1039
f 902/1143/1040 901/1144/1040 906/1145/1040
f 902/1143/1041 904/1146/1041 903/1147/1041
f 907/1148/1042 902/1142/1042 903/1149/1042
f 902/1143/1041 905/1150/1041 904/1146/1041
f 902/1143/1040 906/1145/1040 905/1150/1040
f 907/1148/1042 898/1139/1042 902/1142/1042
f 894/1135/1036 898/1139/1036 907/1148/1036
f 907/1148/1043 903/1149/1043 909/1151/1043
f 894/1135/1044 907/1148/1044 908/1152/1044
f 907/1148/1043 909/1151/1043 908/1152/1043
f 903/1147/1045 910/1153/1045 909/1154/1045
f 806/1040/1046 909/1154/1046 910/1153/1046
f 810/1048/1047 909/1151/1047 806/1042/1047
f 810/1048/1047 908/1152/1047 909/1151/1047
f 903/1147/1045 904/1146/1045 910/1153/1045
f 904/1146/1048 911/1155/1048 910/1153/1048
f 803/1037/1049 910/1153/1049 911/1155/1049
f 806/1040/1046 910/1153/1046 803/1037/1046
f 904/1146/1048 912/1156/1048 911/1155/1048
f 912/1156/1050 913/1157/1050 911/1155/1050
f 911/1155/1051 799/1033/1051 801/1035/1051
f 803/1037/1049 911/1155/1049 801/1035/1049
f 911/1155/1051 913/1157/1051 799/1033/1051
f 913/1157/1052 914/1158/1052 916/1159/1052
f 912/1156/1050 914/1158/1050 913/1157/1050
f 799/1033/1053 913/1157/1053 915/1160/1053
f 913/1157/1052 916/1159/1052 915/1160/1052
f 914/1158/1054 917/1161/1054 916/1159/1054
f 917/1161/1055 918/1162/1055 916/1159/1055
f 915/1160/1056 916/1159/1056 918/1162/1056
f 915/1160/1057 918/1162/1057 920/1163/1057
f 917/1161/1058 919/1164/1058 918/1162/1058
f 919/1164/1059 921/1165/1059 918/1162/1059
f 920/1163/1060 918/1162/1060 921/1165/1060
f 919/1164/1059 625/833/1059 921/1165/1059
f 625/833/727 624/835/727 921/1165/727
f 922/1166/1061 921/1165/1061 624/835/1061
f 920/1163/1060 921/1165/1060 922/1166/1060
f 920/1163/1062 922/1166/1062 923/1167/1062
f 922/1166/1063 924/1168/1063 923/1167/1063
f 922/1166/1063 925/1169/1063 924/1168/1063
f 922/1166/1061 624/835/1061 925/1169/1061
f 624/835/730 628/838/730 925/1169/730
f 924/1168/1064 925/1169/1064 628/838/1064
f 926/1170/1065 923/1167/1065 924/1168/1065
f 926/1170/1066 924/1168/1066 927/1171/1066
f 927/1171/1067 924/1168/1067 638/847/1067
f 924/1168/1064 628/838/1064 638/847/1064
f 926/1170/1068 927/1171/1068 929/1172/1068
f 927/1171/1067 638/847/1067 639/848/1067
f 927/1171/1069 639/848/1069 928/1173/1069
f 927/1171/1069 928/1173/1069 929/1172/1069
f 926/1170/1070 929/1172/1070 793/1028/1070
f 793/1028/911 929/1172/911 791/1025/911
f 929/1172/1071 653/862/1071 791/1025/1071
f 929/1172/1071 928/1173/1071 653/862/1071
f 639/848/739 640/849/739 928/1173/739
f 928/1173/1072 652/863/1072 653/862/1072
f 928/1173/1072 640/849/1072 652/863/1072
f 930/1174/1073 926/1170/1073 793/1028/1073
f 930/1174/1074 923/1167/1074 926/1170/1074
f 930/1174/1075 931/1175/1075 923/1167/1075
f 797/1032/1076 931/1175/1076 930/1174/1076
f 797/1032/1077 930/1174/1077 794/1027/1077
f 930/1174/1078 793/1028/1078 794/1027/1078
f 915/1160/1079 920/1163/1079 931/1175/1079
f 915/1160/1079 931/1175/1079 932/1176/1079
f 920/1163/1062 923/1167/1062 931/1175/1062
f 797/1032/1080 932/1176/1080 931/1175/1080
f 799/1033/1053 915/1160/1053 932/1176/1053
f 799/1033/916 932/1176/916 797/1032/916
f 919/1164/1081 933/1177/1081 623/832/1081
f 934/1178/1082 933/1177/1082 919/1164/1082
f 934/1178/1082 919/1164/1082 917/1161/1082
f 919/1164/1081 623/832/1081 625/833/1081
f 934/1178/1083 935/1179/1083 936/1180/1083
f 937/1181/1084 935/1179/1084 934/1178/1084
f 934/1178/1083 936/1180/1083 933/1177/1083
f 937/1181/1085 934/1178/1085 917/1161/1085
f 938/1182/1086 942/1183/1086 937/1181/1086
f 938/1182/1086 937/1181/1086 941/1184/1086
f 937/1181/1087 939/1185/1087 935/1179/1087
f 940/1186/1088 939/1185/1088 937/1181/1088
f 940/1186/1089 937/1181/1089 942/1183/1089
f 937/1181/1085 917/1161/1085 941/1184/1085
f 906/1145/1090 942/1183/1090 938/1182/1090
f 943/1187/1091 942/1183/1091 906/1145/1091
f 943/1187/1092 940/1186/1092 942/1183/1092
f 944/1188/1093 943/1187/1093 906/1145/1093
f 944/1188/1094 945/1189/1094 943/1187/1094
f 945/1189/1095 940/1186/1095 943/1187/1095
f 944/1188/1094 947/1190/1094 945/1189/1094
f 945/1189/1096 946/1191/1096 940/1186/1096
f 945/1189/1097 948/1192/1097 946/1191/1097
f 947/1190/1098 948/1193/1098 945/1189/1098
f 949/1194/1099 948/1195/1099 955/1196/1099
f 950/1197/1100 948/1198/1100 949/1194/1100
f 951/1199/1101 948/1200/1101 950/1197/1101
f 952/1201/1102 948/1202/1102 951/1199/1102
f 953/1203/1103 948/1204/1103 952/1201/1103
f 954/1205/1104 948/1206/1104 953/1203/1104
f 977/1207/1105 948/1208/1105 954/1205/1105
f 955/1196/1106 948/1209/1106 956/1210/1106
f 956/1210/1107 948/1211/1107 957/1212/1107
f 957/1212/1108 948/1213/1108 958/1214/1108
f 958/1214/1109 948/1215/1109 959/1216/1109
f 959/1216/1110 948/1217/1110 960/1218/1110
f 960/1218/1111 948/1219/1111 961/1220/1111
f 961/1220/1112 948/1221/1112 962/1222/1112
f 962/1222/1113 948/1223/1113 963/1224/1113
f 963/1224/1114 948/1225/1114 964/1226/1114
f 964/1226/1115 948/1227/1115 965/1228/1115
f 965/1228/1116 948/1229/1116 966/1230/1116
f 966/1230/1117 948/1231/1117 967/1232/1117
f 967/1232/1118 948/1233/1118 968/1234/1118
f 968/1234/1119 948/1235/1119 969/1236/1119
f 969/1236/1120 948/1237/1120 970/1238/1120
f 970/1238/1121 948/1239/1121 971/1240/1121
f 971/1240/1122 948/1241/1122 972/1242/1122
f 972/1242/1123 948/1243/1123 947/1244/1123
f 946/1191/1124 948/1245/1124 973/1246/1124
f 973/1246/1125 948/1247/1125 974/1248/1125
f 974/1248/1126 948/1249/1126 975/1250/1126
f 975/1250/1127 948/1251/1127 976/1252/1127
f 976/1252/1128 948/1253/1128 977/1207/1128
f 620/824/1129 977/1207/1129 954/1205/1129
f 976/1252/1130 977/1207/1130 620/824/1130
f 975/1250/1131 976/1252/1131 978/1254/1131
f 976/1252/1132 620/824/1132 978/1254/1132
f 975/1250/1133 978/1254/1133 936/1180/1133
f 978/1254/1134 620/824/1134 621/831/1134
f 936/1180/1135 978/1254/1135 623/832/1135
f 978/1254/1134 621/831/1134 623/832/1134
f 935/1179/1136 975/1250/1136 936/1180/1136
f 935/1179/1136 974/1248/1136 975/1250/1136
f 939/1185/1137 974/1248/1137 935/1179/1137
f 939/1185/1138 973/1246/1138 974/1248/1138
f 940/1186/1139 973/1246/1139 939/1185/1139
f 940/1186/1139 946/1191/1139 973/1246/1139
f 972/1242/1140 944/1255/1140 900/1140/1140
f 979/1256/1141 972/1242/1141 900/1140/1141
f 972/1242/1140 947/1244/1140 944/1255/1140
f 979/1256/1142 971/1240/1142 972/1242/1142
f 970/1238/1143 971/1240/1143 979/1256/1143
f 970/1238/1144 979/1256/1144 980/1257/1144
f 896/1136/1145 979/1256/1145 900/1140/1145
f 980/1257/1146 979/1256/1146 896/1136/1146
f 981/1258/1147 970/1238/1147 980/1257/1147
f 982/1259/1148 981/1258/1148 980/1257/1148
f 980/1257/1146 896/1136/1146 897/1138/1146
f 982/1259/1148 980/1257/1148 897/1138/1148
f 983/1260/1149 981/1258/1149 982/1259/1149
f 983/1260/1149 982/1259/1149 984/1261/1149
f 982/1259/1150 893/1133/1150 892/1132/1150
f 985/1262/1151 982/1259/1151 892/1132/1151
f 982/1259/1152 897/1138/1152 893/1133/1152
f 985/1262/1151 984/1261/1151 982/1259/1151
f 867/1108/1153 868/1107/1153 985/1262/1153
f 867/1108/1153 985/1262/1153 987/1263/1153
f 986/1264/1154 984/1261/1154 985/1262/1154
f 986/1264/1154 985/1262/1154 868/1107/1154
f 987/1263/1155 985/1262/1155 892/1132/1155
f 867/1108/1002 987/1263/1002 872/1111/1002
f 987/1263/1156 890/1130/1156 888/1126/1156
f 987/1263/1157 892/1132/1157 890/1130/1157
f 987/1263/1156 888/1126/1156 872/1111/1156
f 989/1265/1158 988/1266/1158 986/1264/1158
f 988/1266/1159 984/1261/1159 986/1264/1159
f 989/1265/1158 986/1264/1158 990/1267/1158
f 990/1267/1160 986/1264/1160 868/1107/1160
f 863/1104/994 990/1267/994 865/1105/994
f 863/1104/1161 989/1265/1161 990/1267/1161
f 990/1267/1160 868/1107/1160 865/1105/1160
f 863/1104/1161 991/1268/1161 989/1265/1161
f 965/1228/1162 966/1230/1162 989/1265/1162
f 966/1230/1163 988/1266/1163 989/1265/1163
f 965/1228/1162 989/1265/1162 991/1268/1162
f 864/1103/1164 992/1269/1164 991/1268/1164
f 964/1226/1165 991/1268/1165 992/1269/1165
f 864/1103/1164 991/1268/1164 863/1104/1164
f 964/1226/1165 965/1228/1165 991/1268/1165
f 963/1224/1166 964/1226/1166 992/1269/1166
f 963/1224/1166 992/1269/1166 993/1270/1166
f 993/1270/1167 992/1269/1167 864/1103/1167
f 995/1271/1168 963/1224/1168 993/1270/1168
f 993/1270/1167 864/1103/1167 994/1272/1167
f 996/1273/1169 993/1270/1169 994/1272/1169
f 996/1273/1169 995/1271/1169 993/1270/1169
f 997/1274/1170 995/1271/1170 996/1273/1170
f 854/1095/1171 996/1273/1171 994/1272/1171
f 997/1274/1172 996/1273/1172 854/1095/1172
f 997/1274/1170 998/1275/1170 995/1271/1170
f 999/1276/1173 998/1275/1173 997/1274/1173
f 999/1276/1174 997/1274/1174 1000/1277/1174
f 1000/1277/1175 997/1274/1175 855/1094/1175
f 997/1274/1172 854/1095/1172 855/1094/1172
f 1002/1278/1176 999/1276/1176 1000/1277/1176
f 1000/1277/1175 855/1094/1175 1001/1279/1175
f 1003/1280/1177 1000/1277/1177 1001/1279/1177
f 1003/1280/1177 1002/1278/1177 1000/1277/1177
f 1004/1281/1178 1003/1280/1178 1006/1282/1178
f 1005/1283/1179 1003/1280/1179 1004/1281/1179
f 1005/1283/1179 1002/1278/1179 1003/1280/1179
f 1003/1280/1180 1001/1279/1180 1007/1284/1180
f 1003/1280/1181 1007/1284/1181 1006/1282/1181
f 1008/1285/1182 1006/1282/1182 1007/1284/1182
f 1008/1285/1182 1007/1284/1182 851/1091/1182
f 1007/1284/1183 1001/1279/1183 855/1094/1183
f 851/1091/983 1007/1284/983 852/1092/983
f 1007/1284/1184 855/1094/1184 852/1092/1184
f 1009/1286/1185 1006/1282/1185 1008/1285/1185
f 1009/1286/1185 1008/1285/1185 1012/1287/1185
f 1008/1285/1186 851/1091/1186 1011/1288/1186
f 1012/1287/1187 1008/1285/1187 1010/1289/1187
f 1008/1285/1186 1011/1288/1186 1010/1289/1186
f 1013/1290/1188 1009/1286/1188 1012/1287/1188
f 1013/1290/1189 1012/1287/1189 1015/1291/1189
f 1012/1287/1187 1010/1289/1187 1014/1292/1187
f 1016/1293/1190 1012/1287/1190 1014/1292/1190
f 1016/1293/1190 1015/1291/1190 1012/1287/1190
f 1017/1294/1191 1015/1291/1191 1016/1293/1191
f 1017/1294/1191 1016/1293/1191 1019/1295/1191
f 1018/1296/1192 1016/1293/1192 1014/1292/1192
f 1019/1295/1193 1016/1293/1193 1018/1296/1193
f 1021/1297/1194 1017/1294/1194 1019/1295/1194
f 1021/1297/1195 1019/1295/1195 1020/1298/1195
f 1019/1295/1196 1018/1296/1196 1020/1298/1196
f 1021/1297/1194 1022/1299/1194 1017/1294/1194
f 1023/1300/1197 1022/1299/1197 1021/1297/1197
f 1023/1300/1198 1021/1297/1198 1024/1301/1198
f 1021/1297/1199 1020/1298/1199 1024/1301/1199
f 1023/1300/1200 1024/1301/1200 1025/1302/1200
f 1025/1302/1201 1024/1301/1201 1026/1303/1201
f 1026/1303/1202 1024/1301/1202 1020/1298/1202
f 1027/1304/1203 1026/1303/1203 1029/1305/1203
f 1025/1302/1204 1026/1303/1204 1027/1304/1204
f 1026/1303/1205 1028/1306/1205 1030/1307/1205
f 1026/1303/1206 1020/1298/1206 1028/1306/1206
f 1026/1303/1205 1030/1307/1205 1029/1305/1205
f 1029/1305/1207 1030/1307/1207 1031/1308/1207
f 1030/1307/1208 1032/1309/1208 1031/1308/1208
f 1030/1307/1209 1033/1310/1209 1032/1309/1209
f 1030/1307/1210 1034/1311/1210 1033/1310/1210
f 1030/1307/1210 1028/1306/1210 1034/1311/1210
f 1020/1298/1211 1018/1296/1211 1034/1311/1211
f 1018/1296/1212 1035/1312/1212 1034/1311/1212
f 1020/1298/1213 1034/1311/1213 1028/1306/1213
f 1034/1311/1214 1036/1313/1214 1033/1310/1214
f 1034/1311/1214 1035/1312/1214 1036/1313/1214
f 1032/1309/1215 1033/1310/1215 1036/1313/1215
f 1032/1309/1216 1036/1313/1216 686/899/1216
f 1035/1312/1217 690/903/1217 1036/1313/1217
f 1036/1313/1218 685/900/1218 686/899/1218
f 1036/1313/1218 690/903/1218 685/900/1218
f 1018/1296/1219 1037/1314/1219 1035/1312/1219
f 1037/1314/1220 1038/1315/1220 1035/1312/1220
f 1035/1312/1217 1038/1315/1217 690/903/1217
f 1038/1315/1221 1039/1316/1221 1041/1317/1221
f 1037/1314/1222 1039/1316/1222 1038/1315/1222
f 1038/1315/1223 1040/1318/1223 689/904/1223
f 1038/1315/1224 1041/1317/1224 1040/1318/1224
f 1038/1315/1223 689/904/1223 690/903/1223
f 1011/1288/1225 849/1088/1225 1041/1317/1225
f 1039/1316/1226 1011/1288/1226 1041/1317/1226
f 1040/1318/1227 1041/1317/1227 849/1088/1227
f 689/904/1228 1040/1318/1228 1042/1319/1228
f 1040/1318/1227 849/1088/1227 1042/1319/1227
f 849/1088/1229 1043/1320/1229 1042/1319/1229
f 1042/1319/1230 695/909/1230 693/907/1230
f 689/904/1228 1042/1319/1228 693/907/1228
f 1042/1319/1230 1043/1320/1230 695/909/1230
f 849/1088/1229 842/1082/1229 1043/1320/1229
f 842/1082/1231 840/1080/1231 1043/1320/1231
f 1043/1320/1232 840/1080/1232 698/912/1232
f 1043/1320/1232 698/912/1232 695/909/1232
f 1039/1316/1233 1010/1289/1233 1011/1288/1233
f 1037/1314/1234 1010/1289/1234 1039/1316/1234
f 1037/1314/1235 1014/1292/1235 1010/1289/1235
f 1018/1296/1236 1014/1292/1236 1037/1314/1236
f 1032/1309/1237 684/898/1237 1044/1321/1237
f 1045/1322/1238 1032/1309/1238 1044/1321/1238
f 1032/1309/1237 686/899/1237 684/898/1237
f 1045/1322/1238 1031/1308/1238 1032/1309/1238
f 1046/1323/1239 1031/1308/1239 1045/1322/1239
f 1046/1323/1239 1045/1322/1239 1048/1324/1239
f 1047/1325/1240 1045/1322/1240 1044/1321/1240
f 1048/1324/1241 1045/1322/1241 1047/1325/1241
f 1049/1326/1242 1046/1323/1242 1048/1324/1242
f 1050/1327/1243 1049/1326/1243 1048/1324/1243
f 1048/1324/1241 1047/1325/1241 671/882/1241
f 1050/1327/1243 1048/1324/1243 671/882/1243
f 1051/1328/1244 1049/1326/1244 1050/1327/1244
f 1051/1328/1244 1050/1327/1244 663/872/1244
f 668/878/1245 1050/1327/1245 671/882/1245
f 663/872/1246 1050/1327/1246 668/878/1246
f 1051/1328/1247 1052/1329/1247 1053/1330/1247
f 645/855/1248 1052/1329/1248 1051/1328/1248
f 645/855/1248 1051/1328/1248 649/858/1248
f 1051/1328/1249 1053/1330/1249 1049/1326/1249
f 649/858/1250 1051/1328/1250 663/872/1250
f 1054/1331/1251 1046/1323/1251 1053/1330/1251
f 1052/1329/1252 1054/1331/1252 1053/1330/1252
f 1049/1326/1242 1053/1330/1242 1046/1323/1242
f 1055/1332/1253 1027/1304/1253 1054/1331/1253
f 1027/1304/1203 1029/1305/1203 1054/1331/1203
f 1055/1332/1253 1054/1331/1253 646/854/1253
f 1054/1331/1251 1029/1305/1251 1046/1323/1251
f 1052/1329/1252 646/854/1252 1054/1331/1252
f 1055/1332/1254 1056/1333/1254 1025/1302/1254
f 642/851/1255 1056/1333/1255 1055/1332/1255
f 1055/1332/1256 1025/1302/1256 1027/1304/1256
f 642/851/745 1055/1332/745 646/854/745
f 634/846/1257 1057/1334/1257 1056/1333/1257
f 634/846/1257 1056/1333/1257 636/843/1257
f 1057/1334/1258 1025/1302/1258 1056/1333/1258
f 642/851/1255 636/843/1255 1056/1333/1255
f 634/846/1259 1058/1335/1259 1057/1334/1259
f 1057/1334/1260 1058/1335/1260 1059/1336/1260
f 1057/1334/1261 1023/1300/1261 1025/1302/1261
f 1057/1334/1260 1059/1336/1260 1023/1300/1260
f 1059/1336/1262 1060/1337/1262 1062/1338/1262
f 1061/1339/1263 1060/1337/1263 1059/1336/1263
f 1061/1339/1263 1059/1336/1263 1058/1335/1263
f 1023/1300/1197 1059/1336/1197 1022/1299/1197
f 1059/1336/1262 1062/1338/1262 1022/1299/1262
f 1063/1340/1264 1064/1341/1264 1062/1338/1264
f 1063/1340/1264 1062/1338/1264 1060/1337/1264
f 1062/1338/1265 1064/1341/1265 1066/1342/1265
f 1062/1338/1266 1017/1294/1266 1022/1299/1266
f 1062/1338/1266 1065/1343/1266 1017/1294/1266
f 1062/1338/1265 1066/1342/1265 1065/1343/1265
f 1067/1344/1267 1068/1345/1267 1066/1342/1267
f 1064/1341/1268 1067/1344/1268 1066/1342/1268
f 1066/1342/1269 1013/1290/1269 1065/1343/1269
f 1066/1342/1269 1068/1345/1269 1013/1290/1269
f 1067/1344/1267 1069/1346/1267 1068/1345/1267
f 1069/1346/1270 1004/1281/1270 1068/1345/1270
f 1013/1290/1271 1068/1345/1271 1004/1281/1271
f 1070/1347/1272 1072/1348/1272 1069/1346/1272
f 1070/1347/1272 1069/1346/1272 1067/1344/1272
f 1069/1346/1270 1005/1283/1270 1004/1281/1270
f 1069/1346/1273 1071/1349/1273 1005/1283/1273
f 1069/1346/1273 1072/1348/1273 1071/1349/1273
f 1070/1347/1274 957/1212/1274 1072/1348/1274
f 957/1212/1275 1071/1349/1275 1072/1348/1275
f 957/1212/1276 958/1214/1276 1071/1349/1276
f 958/1214/1277 1073/1350/1277 1071/1349/1277
f 1071/1349/1278 1002/1278/1278 1005/1283/1278
f 1071/1349/1279 1073/1350/1279 1002/1278/1279
f 1073/1350/1280 959/1216/1280 960/1218/1280
f 958/1214/1277 959/1216/1277 1073/1350/1277
f 1002/1278/1281 1073/1350/1281 999/1276/1281
f 1073/1350/1282 960/1218/1282 999/1276/1282
f 1075/1351/1283 1070/1347/1283 1067/1344/1283
f 1070/1347/1274 956/1210/1274 957/1212/1274
f 1075/1351/1284 1074/1352/1284 1070/1347/1284
f 1074/1352/1285 956/1210/1285 1070/1347/1285
f 1076/1353/1286 1074/1352/1286 1075/1351/1286
f 1076/1353/1286 1075/1351/1286 1077/1354/1286
f 1077/1354/1287 1075/1351/1287 1064/1341/1287
f 1064/1341/1268 1075/1351/1268 1067/1344/1268
f 1078/1355/1288 1076/1353/1288 1077/1354/1288
f 1078/1355/1289 1077/1354/1289 1079/1356/1289
f 1077/1354/1287 1064/1341/1287 1063/1340/1287
f 1080/1357/1290 1077/1354/1290 1063/1340/1290
f 1080/1357/1290 1079/1356/1290 1077/1354/1290
f 1081/1358/1291 1079/1356/1291 1080/1357/1291
f 1080/1357/1292 1060/1337/1292 1061/1339/1292
f 1082/1359/1293 1080/1357/1293 1061/1339/1293
f 1080/1357/1294 1063/1340/1294 1060/1337/1294
f 1082/1359/1293 1081/1358/1293 1080/1357/1293
f 1083/1360/1295 1081/1358/1295 1082/1359/1295
f 1082/1359/1296 1061/1339/1296 1058/1335/1296
f 1083/1360/1297 1082/1359/1297 635/842/1297
f 1082/1359/1296 1058/1335/1296 635/842/1296
f 627/836/1298 1083/1360/1298 630/839/1298
f 627/836/1299 1084/1361/1299 1083/1360/1299
f 1083/1360/1295 1084/1361/1295 1081/1358/1295
f 1083/1360/1297 635/842/1297 630/839/1297
f 627/836/1299 619/828/1299 1084/1361/1299
f 617/827/1300 1085/1362/1300 1084/1361/1300
f 1085/1362/1301 1081/1358/1301 1084/1361/1301
f 617/827/1300 1084/1361/1300 619/828/1300
f 1087/1363/1302 1086/1364/1302 1085/1362/1302
f 1086/1364/1303 1088/1365/1303 1085/1362/1303
f 1087/1363/1302 1085/1362/1302 617/827/1302
f 1085/1362/1301 1088/1365/1301 1081/1358/1301
f 1086/1364/1303 1089/1366/1303 1088/1365/1303
f 1089/1366/1304 1079/1356/1304 1088/1365/1304
f 1081/1358/1291 1088/1365/1291 1079/1356/1291
f 1089/1366/1305 951/1199/1305 950/1197/1305
f 952/1201/1306 951/1199/1306 1089/1366/1306
f 952/1201/1307 1089/1366/1307 1086/1364/1307
f 1089/1366/1308 1078/1355/1308 1079/1356/1308
f 1089/1366/1305 950/1197/1305 1078/1355/1305
f 953/1203/1309 1086/1364/1309 1087/1363/1309
f 616/825/1310 953/1203/1310 1087/1363/1310
f 616/825/720 1087/1363/720 617/827/720
f 953/1203/1309 952/1201/1309 1086/1364/1309
f 950/1197/1311 1076/1353/1311 1078/1355/1311
f 950/1197/1311 949/1194/1311 1076/1353/1311
f 949/1194/1312 1074/1352/1312 1076/1353/1312
f 949/1194/1313 955/1196/1313 1074/1352/1313
f 1074/1352/1285 955/1196/1285 956/1210/1285
f 1065/1343/1314 1013/1290/1314 1015/1291/1314
f 1065/1343/1315 1015/1291/1315 1017/1294/1315
f 634/846/1259 635/842/1259 1058/1335/1259
f 645/855/746 646/854/746 1052/1329/746
f 672/883/1316 1047/1325/1316 679/894/1316
f 1047/1325/1240 1044/1321/1240 679/894/1240
f 671/882/1317 1047/1325/1317 672/883/1317
f 1029/1305/1207 1031/1308/1207 1046/1323/1207
f 1044/1321/1318 678/892/1318 679/894/1318
f 1044/1321/1318 684/898/1318 678/892/1318
f 1013/1290/1271 1004/1281/1271 1009/1286/1271
f 851/1091/982 848/1089/982 1011/1288/982
f 1011/1288/1225 848/1089/1225 849/1088/1225
f 1004/1281/1178 1006/1282/1178 1009/1286/1178
f 960/1218/1319 998/1275/1319 999/1276/1319
f 998/1275/1320 961/1220/1320 962/1222/1320
f 960/1218/1319 961/1220/1319 998/1275/1319
f 998/1275/1320 962/1222/1320 995/1271/1320
f 995/1271/1321 962/1222/1321 963/1224/1321
f 857/1097/1322 994/1272/1322 864/1103/1322
f 854/1095/1171 994/1272/1171 857/1097/1171
f 988/1266/1323 967/1232/1323 968/1234/1323
f 966/1230/1163 967/1232/1163 988/1266/1163
f 988/1266/1159 983/1260/1159 984/1261/1159
f 988/1266/1324 968/1234/1324 983/1260/1324
f 968/1234/1325 981/1258/1325 983/1260/1325
f 981/1258/1147 969/1236/1147 970/1238/1147
f 968/1234/1325 969/1236/1325 981/1258/1325
f 620/824/1129 954/1205/1129 616/825/1129
f 616/825/1310 954/1205/1310 953/1203/1310
f 900/1140/1037 944/1255/1037 901/1141/1037
f 944/1188/1326 906/1145/1326 901/1144/1326
f 912/1156/1327 938/1182/1327 941/1184/1327
f 912/1156/1327 941/1184/1327 914/1158/1327
f 914/1158/1328 941/1184/1328 917/1161/1328
f 906/1145/1090 938/1182/1090 905/1150/1090
f 904/1146/1329 938/1182/1329 912/1156/1329
f 904/1146/1329 905/1150/1329 938/1182/1329
f 936/1180/1135 623/832/1135 933/1177/1135
f 894/1135/1044 908/1152/1044 887/1128/1044
f 886/1127/1330 908/1152/1330 810/1048/1330
f 886/1127/1330 887/1128/1330 908/1152/1330
f 879/1118/1331 872/1111/1331 888/1126/1331
f 879/1118/1331 888/1126/1331 883/1123/1331
f 884/1125/1332 886/1127/1332 809/1046/1332
f 809/1046/930 886/1127/930 810/1048/930
f 884/1125/1333 809/1046/1333 814/1049/1333
f 884/1125/1334 814/1049/1334 816/1053/1334
f 878/1119/1335 879/1118/1335 883/1123/1335
f 871/1112/1003 872/1111/1003 879/1118/1003
f 857/1097/1322 864/1103/1322 859/1099/1322
f 844/1086/979 860/1101/979 846/1087/979
f 804/1039/953 766/995/953 763/993/953
f 785/1019/1336 658/867/1336 659/868/1336
f 666/1367/1337 785/1019/1337 1090/1368/1337
f 785/1019/1338 659/868/1338 1090/1368/1338
f 659/868/1339 664/871/1339 1090/1368/1339
f 666/1369/1340 1090/1368/1340 664/871/1340
f 775/1003/1341 783/1017/1341 779/1010/1341
f 777/1007/1342 780/1009/1342 1091/1370/1342
f 666/1371/1343 1091/1370/1343 780/1009/1343
f 1092/1372/1344 777/1007/1344 1091/1370/1344
f 666/1373/1345 1092/1372/1345 1091/1370/1345
f 666/1374/1346 1095/1375/1346 1092/1372/1346
f 1092/1372/1347 1093/1376/1347 777/1007/1347
f 1094/1377/1348 1093/1376/1348 1092/1372/1348
f 1094/1377/1349 1092/1372/1349 1095/1375/1349
f 666/1378/1350 1096/1379/1350 1095/1375/1350
f 1096/1379/1351 1094/1377/1351 1095/1375/1351
f 666/1380/1352 748/982/1352 1096/1379/1352
f 1096/1379/1353 752/983/1353 1094/1377/1353
f 748/982/1354 752/983/1354 1096/1379/1354
f 756/987/1355 1093/1376/1355 1094/1377/1355
f 752/983/865 756/987/865 1094/1377/865
f 756/987/1356 759/990/1356 1093/1376/1356
f 759/990/881 777/1007/881 1093/1376/881
f 772/1004/886 775/1003/886 779/1010/886
f 759/990/882 760/991/882 770/1001/882
f 761/992/1357 770/1001/1357 760/991/1357
f 755/986/951 758/988/951 754/984/951
f 751/980/947 755/1062/947 750/981/947
f 741/966/1358 751/980/1358 747/975/1358
f 741/966/1359 742/964/1359 751/980/1359
f 666/1381/1360 732/956/1360 744/968/1360
f 732/956/1361 733/957/1361 744/968/1361
f 708/920/1362 706/923/1362 736/958/1362
f 707/919/961 736/958/961 706/923/961
f 708/920/1362 736/958/1362 730/953/1362
f 666/1382/1363 728/952/1363 732/956/1363
f 727/949/836 708/920/836 730/953/836
f 705/921/1364 708/920/1364 727/949/1364
f 705/921/1364 727/949/1364 711/925/1364
f 716/930/1365 691/906/1365 696/911/1365
f 682/896/1366 691/906/1366 716/930/1366
f 716/930/1365 696/911/1365 714/927/1365
f 714/927/807 696/911/807 699/914/807
f 682/896/1366 687/902/1366 691/906/1366
f 672/883/1316 679/894/1316 675/888/1316
f 663/872/1246 668/878/1246 662/873/1246
f 649/858/1250 663/872/1250 660/870/1250
f 640/849/744 643/853/744 652/863/744
f 633/844/1367 636/843/1367 642/851/1367
f 628/838/732 631/840/732 638/847/732
o 平面.005
v 0.276023 1.843357 -0.004572
v 2.276023 1.843357 -0.004572
v 0.276023 5.995918 -0.004571
v 2.276023 5.995918 -0.004571
vn -0.0000 -0.0000 -1.0000
vt 0.946432 0.053568
vt 0.493880 0.506120
vt 0.493880 0.053568
vt 0.946432 0.506120
s 0
usemtl マテリアル.001
f 1098/1383/1368 1097/1385/1368 1099/1384/1368
f 1098/1383/1368 1099/1384/1368 1100/1386/1368
