# Blender 4.1.1
# www.blender.org
mtllib enemy.mtl
o Cube.001
v -1.339502 0.176032 -0.793224
v -1.339502 1.663968 -0.793224
v 0.000000 0.176032 -1.239891
v 0.000000 1.663968 -1.239891
v -1.050341 0.027809 -0.793224
v 0.000000 0.009578 -0.804983
v 0.000000 1.657816 -1.242414
v -1.125616 2.054167 -0.793224
v 0.000000 2.195091 -0.804983
v -1.001939 0.176032 -1.239891
v -1.001939 1.663968 -1.239891
v -0.664165 0.009578 -0.804983
v -0.799790 2.195091 -0.804983
v -1.339502 0.176032 -0.606857
v -1.339502 1.663968 -0.606857
v 0.000000 1.663968 -0.606857
v 0.000000 0.176032 -0.606857
v -1.050341 0.027809 -0.606857
v 0.000000 0.009578 -0.606857
v 0.000000 1.796548 -0.606857
v -1.125616 2.054167 -0.606857
v 0.000000 2.195091 -0.606857
v -0.809257 2.195091 -0.606857
v -0.669751 0.009578 -0.606857
v -1.339502 0.176032 0.196571
v 0.000000 1.663968 0.196571
v 0.000000 0.176032 0.196571
v -1.050341 0.027809 0.196571
v 0.000000 0.009578 0.196571
v 0.000000 1.796548 0.196571
v 0.000000 2.195091 0.196571
v -0.809257 2.195091 0.196571
v -0.669751 0.009578 0.196571
v -1.339502 1.663968 0.196571
v -1.125616 2.054167 0.196571
v 1.339502 0.176032 -0.793224
v 1.339502 1.663968 -0.793224
v 1.050341 0.027809 -0.793224
v 1.125616 2.054167 -0.793224
v 1.001939 0.176032 -1.239891
v 1.001939 1.663968 -1.239891
v 0.664165 0.009578 -0.804983
v 0.799790 2.195091 -0.804983
v 1.339502 0.176032 -0.606857
v 1.339502 1.663968 -0.606857
v 1.050341 0.027809 -0.606857
v 1.125616 2.054167 -0.606857
v 0.809257 2.195091 -0.606857
v 0.669751 0.009578 -0.606857
v 1.339502 0.176032 0.196571
v 1.050341 0.027809 0.196571
v 0.809257 2.195091 0.196571
v 0.669751 0.009578 0.196571
v 1.339502 1.663968 0.196571
v 1.125616 2.054167 0.196571
v -1.339502 0.176032 0.793224
v -1.339502 1.663968 0.793224
v 0.000000 0.176032 1.239891
v 0.000000 1.663968 1.239891
v -1.050341 0.027809 0.793224
v 0.000000 0.009578 0.804983
v 0.000000 1.645867 1.221300
v -1.125616 2.054167 0.793224
v 0.000000 2.195091 0.804983
v -1.001939 0.176032 1.239891
v -1.001939 1.663968 1.239891
v -0.664165 0.009578 0.804983
v -0.799790 2.195091 0.804983
v -1.339502 0.176032 0.606857
v -1.339502 1.663968 0.606857
v 0.000000 1.663968 0.606857
v 0.000000 0.176032 0.606857
v -1.050341 0.027809 0.606857
v 0.000000 0.009578 0.606857
v 0.000000 1.796548 0.606857
v -1.125616 2.054167 0.606857
v 0.000000 2.195091 0.606857
v -0.809257 2.195091 0.606857
v -0.669751 0.009578 0.606857
v -1.339502 0.176032 -0.196571
v 0.000000 1.663968 -0.196571
v 0.000000 0.176032 -0.196571
v -1.050341 0.027809 -0.196571
v 0.000000 0.009578 -0.196571
v 0.000000 1.796548 -0.196571
v 0.000000 2.195091 -0.196571
v -0.809257 2.195091 -0.196571
v -0.669751 0.009578 -0.196571
v -1.339502 1.663968 -0.196571
v -1.125616 2.054167 -0.196571
v 1.339502 0.176032 0.793224
v 1.339502 1.663968 0.793224
v 1.050341 0.027809 0.793224
v 1.125616 2.054167 0.793224
v 1.001939 0.176032 1.239891
v 1.001939 1.663968 1.239891
v 0.664165 0.009578 0.804983
v 0.799790 2.195091 0.804983
v 1.339502 0.176032 0.606857
v 1.339502 1.663968 0.606857
v 1.050341 0.027809 0.606857
v 1.125616 2.054167 0.606857
v 0.809257 2.195091 0.606857
v 0.669751 0.009578 0.606857
v 1.339502 0.176032 -0.196571
v 1.050341 0.027809 -0.196571
v 0.809257 2.195091 -0.196571
v 0.669751 0.009578 -0.196571
v 1.339502 1.663968 -0.196571
v 1.125616 2.054167 -0.196571
v -1.505904 0.416012 0.499305
v -1.505904 1.423988 0.499305
v -1.505904 0.416012 -0.499305
v -1.505904 1.423988 -0.499305
v 1.505904 0.416012 0.499305
v 1.505904 1.423988 0.499305
v 1.505904 0.416012 -0.499305
v 1.505904 1.423988 -0.499305
v -1.765936 0.601818 0.315225
v -1.765936 1.238182 0.315225
v -1.765936 0.601818 -0.315225
v -1.765936 1.238182 -0.315225
v 1.765936 0.601818 0.315225
v 1.765936 1.238182 0.315225
v 1.765936 0.601818 -0.315225
v 1.765936 1.238182 -0.315225
v -0.466023 1.455639 0.466023
v -0.292693 2.387685 0.292693
v -0.466023 1.455639 -0.466023
v -0.292693 2.387685 -0.292693
v 0.466023 1.455639 0.466023
v 0.292693 2.387685 0.292693
v 0.466023 1.455639 -0.466023
v 0.292693 2.387685 -0.292693
v -0.466023 2.169058 0.466023
v -0.466023 2.169058 -0.466023
v 0.466023 2.169058 -0.466023
v 0.466023 2.169058 0.466023
v -0.500000 1.383231 -1.343340
v -0.500000 1.346202 -1.380369
v -0.500000 1.297821 -1.400409
v -0.500000 1.271638 -1.402988
v -0.500000 1.245454 -1.400409
v -0.500000 1.197074 -1.380369
v -0.494892 1.403271 -1.294456
v -0.489980 1.395634 -1.319149
v -0.485453 1.383231 -1.341907
v -0.481485 1.366540 -1.361855
v -0.478229 1.346202 -1.378225
v -0.475810 1.322999 -1.390389
v -0.474320 1.297821 -1.397880
v -0.473816 1.271638 -1.400409
v -0.474320 1.245454 -1.397880
v -0.475810 1.220277 -1.390389
v -0.478229 1.197074 -1.378225
v -0.481485 1.176735 -1.361855
v -0.485453 1.160044 -1.341907
v -0.489980 1.147642 -1.319149
v -0.494892 1.140004 -1.294456
v -0.489980 1.403271 -1.292966
v -0.480345 1.395634 -1.316227
v -0.471465 1.383231 -1.337664
v -0.463682 1.366540 -1.356454
v -0.457295 1.346202 -1.371875
v -0.452549 1.322999 -1.383333
v -0.449626 1.297821 -1.390389
v -0.448639 1.271638 -1.392772
v -0.449626 1.245454 -1.390389
v -0.452549 1.220277 -1.383333
v -0.457295 1.197074 -1.371875
v -0.463682 1.176735 -1.356454
v -0.471465 1.160044 -1.337664
v -0.480345 1.147642 -1.316227
v -0.489980 1.140004 -1.292966
v -0.485453 1.403271 -1.290546
v -0.471465 1.395634 -1.311481
v -0.458574 1.383231 -1.330774
v -0.447275 1.366540 -1.347684
v -0.438002 1.346202 -1.361562
v -0.431111 1.322999 -1.371875
v -0.426868 1.297821 -1.378225
v -0.425436 1.271638 -1.380369
v -0.426868 1.245454 -1.378225
v -0.431111 1.220277 -1.371875
v -0.438002 1.197074 -1.361562
v -0.447275 1.176735 -1.347684
v -0.458574 1.160044 -1.330774
v -0.471465 1.147642 -1.311481
v -0.485453 1.140004 -1.290546
v -0.481485 1.403271 -1.287290
v -0.463682 1.395634 -1.305093
v -0.447275 1.383231 -1.321501
v -0.432894 1.366540 -1.335882
v -0.421091 1.346202 -1.347684
v -0.412322 1.322999 -1.356454
v -0.406921 1.297821 -1.361855
v -0.405098 1.271638 -1.363678
v -0.406921 1.245454 -1.361855
v -0.412322 1.220277 -1.356454
v -0.421091 1.197074 -1.347684
v -0.432894 1.176735 -1.335882
v -0.447275 1.160044 -1.321501
v -0.463682 1.147642 -1.305093
v -0.481485 1.140004 -1.287290
v -0.478229 1.403271 -1.283322
v -0.457295 1.395634 -1.297310
v -0.438002 1.383231 -1.310201
v -0.421091 1.366540 -1.321501
v -0.407213 1.346202 -1.330774
v -0.396901 1.322999 -1.337664
v -0.390551 1.297821 -1.341907
v -0.388407 1.271638 -1.343340
v -0.390551 1.245454 -1.341907
v -0.396901 1.220277 -1.337664
v -0.407213 1.197074 -1.330774
v -0.421091 1.176735 -1.321501
v -0.438002 1.160044 -1.310201
v -0.457295 1.147642 -1.297310
v -0.478229 1.140004 -1.283322
v -0.500000 1.405850 -1.268776
v -0.475810 1.403271 -1.278796
v -0.452549 1.395634 -1.288431
v -0.431111 1.383231 -1.297310
v -0.412322 1.366540 -1.305093
v -0.396901 1.346202 -1.311481
v -0.385443 1.322999 -1.316227
v -0.378386 1.297821 -1.319149
v -0.376004 1.271638 -1.320136
v -0.378386 1.245454 -1.319149
v -0.385443 1.220277 -1.316227
v -0.396901 1.197074 -1.311481
v -0.412322 1.176735 -1.305093
v -0.431111 1.160044 -1.297310
v -0.452549 1.147642 -1.288431
v -0.475810 1.140004 -1.278796
v -0.474320 1.403271 -1.273884
v -0.449626 1.395634 -1.278796
v -0.426868 1.383231 -1.283322
v -0.406921 1.366540 -1.287290
v -0.390551 1.346202 -1.290546
v -0.378386 1.322999 -1.292966
v -0.370896 1.297821 -1.294456
v -0.368367 1.271638 -1.294959
v -0.370896 1.245454 -1.294456
v -0.378386 1.220277 -1.292966
v -0.390551 1.197074 -1.290546
v -0.406921 1.176735 -1.287290
v -0.426868 1.160044 -1.283322
v -0.449626 1.147642 -1.278796
v -0.474320 1.140004 -1.273884
v -0.473816 1.403271 -1.268776
v -0.448639 1.395634 -1.268776
v -0.425436 1.383231 -1.268776
v -0.405098 1.366540 -1.268776
v -0.388407 1.346202 -1.268776
v -0.376004 1.322999 -1.268776
v -0.368366 1.297821 -1.268776
v -0.365788 1.271638 -1.268776
v -0.368366 1.245454 -1.268776
v -0.376004 1.220277 -1.268776
v -0.388407 1.197074 -1.268776
v -0.405098 1.176735 -1.268776
v -0.425436 1.160044 -1.268776
v -0.448639 1.147642 -1.268776
v -0.473816 1.140004 -1.268776
v -0.474320 1.403271 -1.263667
v -0.449626 1.395634 -1.258756
v -0.426868 1.383231 -1.254229
v -0.406921 1.366540 -1.250261
v -0.390551 1.346202 -1.247005
v -0.378386 1.322999 -1.244585
v -0.370896 1.297821 -1.243095
v -0.368367 1.271638 -1.242592
v -0.370896 1.245454 -1.243095
v -0.378386 1.220277 -1.244585
v -0.390551 1.197074 -1.247005
v -0.406921 1.176735 -1.250261
v -0.426868 1.160044 -1.254229
v -0.449626 1.147642 -1.258756
v -0.474320 1.140004 -1.263667
v -0.475810 1.403271 -1.258756
v -0.452549 1.395634 -1.249121
v -0.431112 1.383231 -1.240241
v -0.412322 1.366540 -1.232458
v -0.396901 1.346202 -1.226071
v -0.385443 1.322999 -1.221324
v -0.378386 1.297821 -1.218402
v -0.376004 1.271638 -1.217415
v -0.378386 1.245454 -1.218402
v -0.385443 1.220277 -1.221324
v -0.396901 1.197074 -1.226071
v -0.412322 1.176735 -1.232458
v -0.431112 1.160044 -1.240241
v -0.452549 1.147642 -1.249121
v -0.475810 1.140004 -1.258756
v -0.478229 1.403271 -1.254229
v -0.457295 1.395634 -1.240241
v -0.438002 1.383231 -1.227350
v -0.421091 1.366540 -1.216051
v -0.407213 1.346202 -1.206778
v -0.396901 1.322999 -1.199887
v -0.390551 1.297821 -1.195644
v -0.388407 1.271638 -1.194211
v -0.390551 1.245454 -1.195644
v -0.396901 1.220277 -1.199887
v -0.407213 1.197074 -1.206778
v -0.421091 1.176735 -1.216051
v -0.438002 1.160044 -1.227350
v -0.457295 1.147642 -1.240241
v -0.478229 1.140004 -1.254229
v -0.481485 1.403271 -1.250261
v -0.463682 1.395634 -1.232458
v -0.447275 1.383231 -1.216051
v -0.432894 1.366540 -1.201669
v -0.421091 1.346202 -1.189867
v -0.412322 1.322999 -1.181097
v -0.406921 1.297821 -1.175697
v -0.405098 1.271638 -1.173873
v -0.406921 1.245454 -1.175697
v -0.412322 1.220277 -1.181097
v -0.421091 1.197074 -1.189867
v -0.432894 1.176735 -1.201669
v -0.447275 1.160044 -1.216051
v -0.463682 1.147642 -1.232458
v -0.481485 1.140004 -1.250261
v -0.485453 1.403271 -1.247005
v -0.471465 1.395634 -1.226071
v -0.458574 1.383231 -1.206778
v -0.447275 1.366540 -1.189867
v -0.438002 1.346202 -1.175989
v -0.431111 1.322999 -1.165677
v -0.426868 1.297821 -1.159326
v -0.425436 1.271638 -1.157182
v -0.426868 1.245454 -1.159326
v -0.431111 1.220277 -1.165677
v -0.438002 1.197074 -1.175989
v -0.447275 1.176735 -1.189867
v -0.458574 1.160044 -1.206778
v -0.471465 1.147642 -1.226071
v -0.485453 1.140004 -1.247005
v -0.489980 1.403271 -1.244585
v -0.480345 1.395634 -1.221324
v -0.471465 1.383231 -1.199887
v -0.463682 1.366540 -1.181097
v -0.457295 1.346202 -1.165677
v -0.452549 1.322999 -1.154218
v -0.449626 1.297821 -1.147162
v -0.448639 1.271638 -1.144780
v -0.449626 1.245454 -1.147162
v -0.452549 1.220277 -1.154218
v -0.457295 1.197074 -1.165677
v -0.463682 1.176735 -1.181097
v -0.471465 1.160044 -1.199887
v -0.480345 1.147642 -1.221324
v -0.489980 1.140004 -1.244585
v -0.494892 1.403271 -1.243095
v -0.489980 1.395634 -1.218402
v -0.485453 1.383231 -1.195644
v -0.481485 1.366540 -1.175697
v -0.478229 1.346202 -1.159326
v -0.475810 1.322999 -1.147162
v -0.474320 1.297821 -1.139671
v -0.473817 1.271638 -1.137142
v -0.474320 1.245454 -1.139671
v -0.475810 1.220277 -1.147162
v -0.478229 1.197074 -1.159326
v -0.481485 1.176735 -1.175697
v -0.485453 1.160044 -1.195644
v -0.489980 1.147642 -1.218402
v -0.494892 1.140004 -1.243095
v -0.500000 1.403271 -1.242592
v -0.500000 1.395634 -1.217415
v -0.500000 1.383231 -1.194211
v -0.500000 1.366540 -1.173873
v -0.500000 1.346202 -1.157182
v -0.500000 1.322999 -1.144780
v -0.500000 1.297821 -1.137142
v -0.500000 1.271638 -1.134563
v -0.500000 1.245454 -1.137142
v -0.500000 1.220277 -1.144780
v -0.500000 1.197074 -1.157182
v -0.500000 1.176735 -1.173873
v -0.500000 1.160044 -1.194211
v -0.500000 1.147642 -1.217415
v -0.500000 1.140004 -1.242592
v -0.505108 1.403271 -1.243095
v -0.510020 1.395634 -1.218402
v -0.514547 1.383231 -1.195644
v -0.518515 1.366540 -1.175697
v -0.521771 1.346202 -1.159326
v -0.524190 1.322999 -1.147162
v -0.525680 1.297821 -1.139671
v -0.526184 1.271638 -1.137142
v -0.525680 1.245454 -1.139671
v -0.524190 1.220277 -1.147162
v -0.521771 1.197074 -1.159326
v -0.518515 1.176735 -1.175697
v -0.514547 1.160044 -1.195644
v -0.510020 1.147642 -1.218402
v -0.505108 1.140004 -1.243095
v -0.510020 1.403271 -1.244585
v -0.519655 1.395634 -1.221324
v -0.528535 1.383231 -1.199887
v -0.536318 1.366540 -1.181097
v -0.542705 1.346202 -1.165677
v -0.547451 1.322999 -1.154218
v -0.550374 1.297821 -1.147162
v -0.551361 1.271638 -1.144780
v -0.550374 1.245454 -1.147162
v -0.547451 1.220277 -1.154218
v -0.542705 1.197074 -1.165677
v -0.536318 1.176735 -1.181097
v -0.528535 1.160044 -1.199887
v -0.519655 1.147642 -1.221324
v -0.510020 1.140004 -1.244585
v -0.514547 1.403271 -1.247005
v -0.528535 1.395634 -1.226071
v -0.541426 1.383231 -1.206778
v -0.552725 1.366540 -1.189867
v -0.561998 1.346202 -1.175989
v -0.568888 1.322999 -1.165677
v -0.573132 1.297821 -1.159326
v -0.574564 1.271638 -1.157182
v -0.573132 1.245454 -1.159326
v -0.568888 1.220277 -1.165677
v -0.561998 1.197074 -1.175989
v -0.552725 1.176735 -1.189867
v -0.541426 1.160044 -1.206778
v -0.528535 1.147642 -1.226071
v -0.514547 1.140004 -1.247005
v -0.518515 1.403271 -1.250261
v -0.536318 1.395634 -1.232458
v -0.552725 1.383231 -1.216051
v -0.567106 1.366540 -1.201669
v -0.578909 1.346202 -1.189867
v -0.587678 1.322999 -1.181097
v -0.593079 1.297821 -1.175697
v -0.594902 1.271638 -1.173873
v -0.593079 1.245454 -1.175697
v -0.587678 1.220277 -1.181097
v -0.578909 1.197074 -1.189867
v -0.567106 1.176735 -1.201669
v -0.552725 1.160044 -1.216051
v -0.536318 1.147642 -1.232458
v -0.518515 1.140004 -1.250261
v -0.500000 1.137426 -1.268776
v -0.521771 1.403271 -1.254229
v -0.542705 1.395634 -1.240241
v -0.561998 1.383231 -1.227350
v -0.578909 1.366540 -1.216051
v -0.592787 1.346202 -1.206778
v -0.603099 1.322999 -1.199887
v -0.609449 1.297821 -1.195644
v -0.611593 1.271638 -1.194211
v -0.609449 1.245454 -1.195644
v -0.603099 1.220277 -1.199887
v -0.592787 1.197074 -1.206778
v -0.578909 1.176735 -1.216051
v -0.561998 1.160044 -1.227350
v -0.542705 1.147642 -1.240241
v -0.521771 1.140004 -1.254229
v -0.524190 1.403271 -1.258756
v -0.547451 1.395634 -1.249121
v -0.568888 1.383231 -1.240241
v -0.587678 1.366540 -1.232458
v -0.603099 1.346202 -1.226071
v -0.614557 1.322999 -1.221324
v -0.621614 1.297821 -1.218402
v -0.623996 1.271638 -1.217415
v -0.621614 1.245454 -1.218402
v -0.614557 1.220277 -1.221324
v -0.603099 1.197074 -1.226071
v -0.587678 1.176735 -1.232458
v -0.568888 1.160044 -1.240241
v -0.547451 1.147642 -1.249121
v -0.524190 1.140004 -1.258756
v -0.525680 1.403271 -1.263667
v -0.550374 1.395634 -1.258756
v -0.573132 1.383231 -1.254229
v -0.593079 1.366540 -1.250261
v -0.609449 1.346202 -1.247005
v -0.621614 1.322999 -1.244585
v -0.629104 1.297821 -1.243095
v -0.631633 1.271638 -1.242592
v -0.629104 1.245454 -1.243095
v -0.621614 1.220277 -1.244585
v -0.609449 1.197074 -1.247005
v -0.593079 1.176735 -1.250261
v -0.573132 1.160044 -1.254229
v -0.550374 1.147642 -1.258756
v -0.525680 1.140004 -1.263667
v -0.526183 1.403271 -1.268776
v -0.551361 1.395634 -1.268776
v -0.574564 1.383231 -1.268776
v -0.594902 1.366540 -1.268776
v -0.611593 1.346202 -1.268776
v -0.623996 1.322999 -1.268776
v -0.631633 1.297821 -1.268776
v -0.634212 1.271638 -1.268776
v -0.631633 1.245454 -1.268776
v -0.623996 1.220277 -1.268776
v -0.611593 1.197074 -1.268776
v -0.594902 1.176735 -1.268776
v -0.574564 1.160044 -1.268776
v -0.551361 1.147642 -1.268776
v -0.526183 1.140004 -1.268776
v -0.525680 1.403271 -1.273884
v -0.550374 1.395634 -1.278796
v -0.573132 1.383231 -1.283322
v -0.593079 1.366540 -1.287290
v -0.609449 1.346202 -1.290546
v -0.621613 1.322999 -1.292966
v -0.629104 1.297821 -1.294456
v -0.631633 1.271638 -1.294959
v -0.629104 1.245454 -1.294456
v -0.621613 1.220277 -1.292966
v -0.609449 1.197074 -1.290546
v -0.593079 1.176735 -1.287290
v -0.573132 1.160044 -1.283322
v -0.550374 1.147642 -1.278796
v -0.525680 1.140004 -1.273884
v -0.524190 1.403271 -1.278796
v -0.547451 1.395634 -1.288431
v -0.568888 1.383231 -1.297310
v -0.587678 1.366540 -1.305093
v -0.603099 1.346202 -1.311481
v -0.614557 1.322999 -1.316227
v -0.621613 1.297821 -1.319150
v -0.623996 1.271638 -1.320136
v -0.621613 1.245454 -1.319150
v -0.614557 1.220277 -1.316227
v -0.603099 1.197074 -1.311481
v -0.587678 1.176735 -1.305093
v -0.568888 1.160044 -1.297310
v -0.547451 1.147642 -1.288431
v -0.524190 1.140004 -1.278796
v -0.521771 1.403271 -1.283322
v -0.542705 1.395634 -1.297310
v -0.561998 1.383231 -1.310201
v -0.578909 1.366540 -1.321501
v -0.592787 1.346202 -1.330774
v -0.603099 1.322999 -1.337664
v -0.609449 1.297821 -1.341907
v -0.611593 1.271638 -1.343340
v -0.609449 1.245454 -1.341907
v -0.603099 1.220277 -1.337664
v -0.592787 1.197074 -1.330774
v -0.578909 1.176735 -1.321501
v -0.561998 1.160044 -1.310201
v -0.542705 1.147642 -1.297310
v -0.521771 1.140004 -1.283322
v -0.518515 1.403271 -1.287290
v -0.536318 1.395634 -1.305093
v -0.552725 1.383231 -1.321501
v -0.567106 1.366540 -1.335882
v -0.578908 1.346202 -1.347684
v -0.587678 1.322999 -1.356454
v -0.593079 1.297821 -1.361855
v -0.594902 1.271638 -1.363678
v -0.593079 1.245454 -1.361855
v -0.587678 1.220277 -1.356454
v -0.578908 1.197074 -1.347684
v -0.567106 1.176735 -1.335882
v -0.552725 1.160044 -1.321501
v -0.536318 1.147642 -1.305093
v -0.518515 1.140004 -1.287290
v -0.514547 1.403271 -1.290546
v -0.528535 1.395634 -1.311481
v -0.541426 1.383231 -1.330774
v -0.552725 1.366540 -1.347684
v -0.561998 1.346202 -1.361562
v -0.568888 1.322999 -1.371874
v -0.573132 1.297821 -1.378225
v -0.574564 1.271638 -1.380369
v -0.573132 1.245454 -1.378225
v -0.568888 1.220277 -1.371874
v -0.561998 1.197074 -1.361562
v -0.552725 1.176735 -1.347684
v -0.541426 1.160044 -1.330774
v -0.528535 1.147642 -1.311481
v -0.514547 1.140004 -1.290546
v -0.510020 1.403271 -1.292966
v -0.519655 1.395634 -1.316227
v -0.528535 1.383231 -1.337664
v -0.536318 1.366540 -1.356454
v -0.542705 1.346202 -1.371874
v -0.547451 1.322999 -1.383333
v -0.550374 1.297821 -1.390389
v -0.551361 1.271638 -1.392771
v -0.550374 1.245454 -1.390389
v -0.547451 1.220277 -1.383333
v -0.542705 1.197074 -1.371874
v -0.536318 1.176735 -1.356454
v -0.528535 1.160044 -1.337664
v -0.519655 1.147642 -1.316227
v -0.510020 1.140004 -1.292966
v -0.505108 1.403271 -1.294456
v -0.510020 1.395634 -1.319149
v -0.514547 1.383231 -1.341907
v -0.518515 1.366540 -1.361855
v -0.521771 1.346202 -1.378225
v -0.524190 1.322999 -1.390389
v -0.525680 1.297821 -1.397880
v -0.526183 1.271638 -1.400409
v -0.525680 1.245454 -1.397880
v -0.524190 1.220277 -1.390389
v -0.521771 1.197074 -1.378225
v -0.518515 1.176735 -1.361855
v -0.514547 1.160044 -1.341907
v -0.510020 1.147642 -1.319149
v -0.505108 1.140004 -1.294456
v -0.500000 1.403271 -1.294959
v -0.500000 1.395634 -1.320136
v -0.500000 1.366540 -1.363678
v -0.500000 1.322999 -1.392772
v -0.500000 1.220277 -1.392772
v -0.500000 1.176735 -1.363678
v -0.500000 1.160044 -1.343340
v -0.500000 1.147642 -1.320136
v -0.500000 1.140004 -1.294959
v 0.500000 1.383231 -1.343340
v 0.500000 1.346202 -1.380369
v 0.500000 1.297821 -1.400409
v 0.500000 1.271638 -1.402988
v 0.500000 1.245454 -1.400409
v 0.500000 1.197074 -1.380369
v 0.505108 1.403271 -1.294456
v 0.510020 1.395634 -1.319149
v 0.514547 1.383231 -1.341907
v 0.518515 1.366540 -1.361855
v 0.521771 1.346202 -1.378225
v 0.524190 1.322999 -1.390389
v 0.525680 1.297821 -1.397880
v 0.526184 1.271638 -1.400409
v 0.525680 1.245454 -1.397880
v 0.524190 1.220277 -1.390389
v 0.521771 1.197074 -1.378225
v 0.518515 1.176735 -1.361855
v 0.514547 1.160044 -1.341907
v 0.510020 1.147642 -1.319149
v 0.505108 1.140004 -1.294456
v 0.510020 1.403271 -1.292966
v 0.519655 1.395634 -1.316227
v 0.528535 1.383231 -1.337664
v 0.536318 1.366540 -1.356454
v 0.542705 1.346202 -1.371875
v 0.547451 1.322999 -1.383333
v 0.550374 1.297821 -1.390389
v 0.551361 1.271638 -1.392772
v 0.550374 1.245454 -1.390389
v 0.547451 1.220277 -1.383333
v 0.542705 1.197074 -1.371875
v 0.536318 1.176735 -1.356454
v 0.528535 1.160044 -1.337664
v 0.519655 1.147642 -1.316227
v 0.510020 1.140004 -1.292966
v 0.514547 1.403271 -1.290546
v 0.528535 1.395634 -1.311481
v 0.541426 1.383231 -1.330774
v 0.552725 1.366540 -1.347684
v 0.561998 1.346202 -1.361562
v 0.568889 1.322999 -1.371875
v 0.573132 1.297821 -1.378225
v 0.574564 1.271638 -1.380369
v 0.573132 1.245454 -1.378225
v 0.568889 1.220277 -1.371875
v 0.561998 1.197074 -1.361562
v 0.552725 1.176735 -1.347684
v 0.541426 1.160044 -1.330774
v 0.528535 1.147642 -1.311481
v 0.514547 1.140004 -1.290546
v 0.518515 1.403271 -1.287290
v 0.536318 1.395634 -1.305093
v 0.552725 1.383231 -1.321501
v 0.567106 1.366540 -1.335882
v 0.578909 1.346202 -1.347684
v 0.587678 1.322999 -1.356454
v 0.593079 1.297821 -1.361855
v 0.594902 1.271638 -1.363678
v 0.593079 1.245454 -1.361855
v 0.587678 1.220277 -1.356454
v 0.578909 1.197074 -1.347684
v 0.567106 1.176735 -1.335882
v 0.552725 1.160044 -1.321501
v 0.536318 1.147642 -1.305093
v 0.518515 1.140004 -1.287290
v 0.521771 1.403271 -1.283322
v 0.542705 1.395634 -1.297310
v 0.561998 1.383231 -1.310201
v 0.578909 1.366540 -1.321501
v 0.592787 1.346202 -1.330774
v 0.603099 1.322999 -1.337664
v 0.609449 1.297821 -1.341907
v 0.611593 1.271638 -1.343340
v 0.609449 1.245454 -1.341907
v 0.603099 1.220277 -1.337664
v 0.592787 1.197074 -1.330774
v 0.578909 1.176735 -1.321501
v 0.561998 1.160044 -1.310201
v 0.542705 1.147642 -1.297310
v 0.521771 1.140004 -1.283322
v 0.500000 1.405850 -1.268776
v 0.524190 1.403271 -1.278796
v 0.547451 1.395634 -1.288431
v 0.568889 1.383231 -1.297310
v 0.587678 1.366540 -1.305093
v 0.603099 1.346202 -1.311481
v 0.614557 1.322999 -1.316227
v 0.621614 1.297821 -1.319149
v 0.623996 1.271638 -1.320136
v 0.621614 1.245454 -1.319149
v 0.614557 1.220277 -1.316227
v 0.603099 1.197074 -1.311481
v 0.587678 1.176735 -1.305093
v 0.568889 1.160044 -1.297310
v 0.547451 1.147642 -1.288431
v 0.524190 1.140004 -1.278796
v 0.525680 1.403271 -1.273884
v 0.550374 1.395634 -1.278796
v 0.573132 1.383231 -1.283322
v 0.593079 1.366540 -1.287290
v 0.609449 1.346202 -1.290546
v 0.621614 1.322999 -1.292966
v 0.629104 1.297821 -1.294456
v 0.631634 1.271638 -1.294959
v 0.629104 1.245454 -1.294456
v 0.621614 1.220277 -1.292966
v 0.609449 1.197074 -1.290546
v 0.593079 1.176735 -1.287290
v 0.573132 1.160044 -1.283322
v 0.550374 1.147642 -1.278796
v 0.525680 1.140004 -1.273884
v 0.526184 1.403271 -1.268776
v 0.551361 1.395634 -1.268776
v 0.574564 1.383231 -1.268776
v 0.594902 1.366540 -1.268776
v 0.611593 1.346202 -1.268776
v 0.623996 1.322999 -1.268776
v 0.631634 1.297821 -1.268776
v 0.634212 1.271638 -1.268776
v 0.631634 1.245454 -1.268776
v 0.623996 1.220277 -1.268776
v 0.611593 1.197074 -1.268776
v 0.594902 1.176735 -1.268776
v 0.574564 1.160044 -1.268776
v 0.551361 1.147642 -1.268776
v 0.526184 1.140004 -1.268776
v 0.525680 1.403271 -1.263667
v 0.550374 1.395634 -1.258756
v 0.573132 1.383231 -1.254229
v 0.593079 1.366540 -1.250261
v 0.609449 1.346202 -1.247005
v 0.621614 1.322999 -1.244585
v 0.629104 1.297821 -1.243095
v 0.631633 1.271638 -1.242592
v 0.629104 1.245454 -1.243095
v 0.621614 1.220277 -1.244585
v 0.609449 1.197074 -1.247005
v 0.593079 1.176735 -1.250261
v 0.573132 1.160044 -1.254229
v 0.550374 1.147642 -1.258756
v 0.525680 1.140004 -1.263667
v 0.524190 1.403271 -1.258756
v 0.547451 1.395634 -1.249121
v 0.568888 1.383231 -1.240241
v 0.587678 1.366540 -1.232458
v 0.603099 1.346202 -1.226071
v 0.614557 1.322999 -1.221324
v 0.621614 1.297821 -1.218402
v 0.623996 1.271638 -1.217415
v 0.621614 1.245454 -1.218402
v 0.614557 1.220277 -1.221324
v 0.603099 1.197074 -1.226071
v 0.587678 1.176735 -1.232458
v 0.568888 1.160044 -1.240241
v 0.547451 1.147642 -1.249121
v 0.524190 1.140004 -1.258756
v 0.521771 1.403271 -1.254229
v 0.542705 1.395634 -1.240241
v 0.561998 1.383231 -1.227350
v 0.578909 1.366540 -1.216051
v 0.592787 1.346202 -1.206778
v 0.603099 1.322999 -1.199887
v 0.609449 1.297821 -1.195644
v 0.611593 1.271638 -1.194211
v 0.609449 1.245454 -1.195644
v 0.603099 1.220277 -1.199887
v 0.592787 1.197074 -1.206778
v 0.578909 1.176735 -1.216051
v 0.561998 1.160044 -1.227350
v 0.542705 1.147642 -1.240241
v 0.521771 1.140004 -1.254229
v 0.518515 1.403271 -1.250261
v 0.536318 1.395634 -1.232458
v 0.552725 1.383231 -1.216051
v 0.567106 1.366540 -1.201669
v 0.578909 1.346202 -1.189867
v 0.587678 1.322999 -1.181097
v 0.593079 1.297821 -1.175697
v 0.594902 1.271638 -1.173873
v 0.593079 1.245454 -1.175697
v 0.587678 1.220277 -1.181097
v 0.578909 1.197074 -1.189867
v 0.567106 1.176735 -1.201669
v 0.552725 1.160044 -1.216051
v 0.536318 1.147642 -1.232458
v 0.518515 1.140004 -1.250261
v 0.514547 1.403271 -1.247005
v 0.528535 1.395634 -1.226071
v 0.541426 1.383231 -1.206778
v 0.552725 1.366540 -1.189867
v 0.561998 1.346202 -1.175989
v 0.568889 1.322999 -1.165677
v 0.573132 1.297821 -1.159326
v 0.574564 1.271638 -1.157182
v 0.573132 1.245454 -1.159326
v 0.568889 1.220277 -1.165677
v 0.561998 1.197074 -1.175989
v 0.552725 1.176735 -1.189867
v 0.541426 1.160044 -1.206778
v 0.528535 1.147642 -1.226071
v 0.514547 1.140004 -1.247005
v 0.510020 1.403271 -1.244585
v 0.519655 1.395634 -1.221324
v 0.528535 1.383231 -1.199887
v 0.536318 1.366540 -1.181097
v 0.542705 1.346202 -1.165677
v 0.547451 1.322999 -1.154218
v 0.550374 1.297821 -1.147162
v 0.551361 1.271638 -1.144780
v 0.550374 1.245454 -1.147162
v 0.547451 1.220277 -1.154218
v 0.542705 1.197074 -1.165677
v 0.536318 1.176735 -1.181097
v 0.528535 1.160044 -1.199887
v 0.519655 1.147642 -1.221324
v 0.510020 1.140004 -1.244585
v 0.505108 1.403271 -1.243095
v 0.510020 1.395634 -1.218402
v 0.514547 1.383231 -1.195644
v 0.518515 1.366540 -1.175697
v 0.521771 1.346202 -1.159326
v 0.524190 1.322999 -1.147162
v 0.525680 1.297821 -1.139671
v 0.526183 1.271638 -1.137142
v 0.525680 1.245454 -1.139671
v 0.524190 1.220277 -1.147162
v 0.521771 1.197074 -1.159326
v 0.518515 1.176735 -1.175697
v 0.514547 1.160044 -1.195644
v 0.510020 1.147642 -1.218402
v 0.505108 1.140004 -1.243095
v 0.500000 1.403271 -1.242592
v 0.500000 1.395634 -1.217415
v 0.500000 1.383231 -1.194211
v 0.500000 1.366540 -1.173873
v 0.500000 1.346202 -1.157182
v 0.500000 1.322999 -1.144780
v 0.500000 1.297821 -1.137142
v 0.500000 1.271638 -1.134563
v 0.500000 1.245454 -1.137142
v 0.500000 1.220277 -1.144780
v 0.500000 1.197074 -1.157182
v 0.500000 1.176735 -1.173873
v 0.500000 1.160044 -1.194211
v 0.500000 1.147642 -1.217415
v 0.500000 1.140004 -1.242592
v 0.494892 1.403271 -1.243095
v 0.489980 1.395634 -1.218402
v 0.485453 1.383231 -1.195644
v 0.481485 1.366540 -1.175697
v 0.478229 1.346202 -1.159326
v 0.475810 1.322999 -1.147162
v 0.474320 1.297821 -1.139671
v 0.473816 1.271638 -1.137142
v 0.474320 1.245454 -1.139671
v 0.475810 1.220277 -1.147162
v 0.478229 1.197074 -1.159326
v 0.481485 1.176735 -1.175697
v 0.485453 1.160044 -1.195644
v 0.489980 1.147642 -1.218402
v 0.494892 1.140004 -1.243095
v 0.489980 1.403271 -1.244585
v 0.480345 1.395634 -1.221324
v 0.471465 1.383231 -1.199887
v 0.463682 1.366540 -1.181097
v 0.457295 1.346202 -1.165677
v 0.452549 1.322999 -1.154218
v 0.449626 1.297821 -1.147162
v 0.448639 1.271638 -1.144780
v 0.449626 1.245454 -1.147162
v 0.452549 1.220277 -1.154218
v 0.457295 1.197074 -1.165677
v 0.463682 1.176735 -1.181097
v 0.471465 1.160044 -1.199887
v 0.480345 1.147642 -1.221324
v 0.489980 1.140004 -1.244585
v 0.485453 1.403271 -1.247005
v 0.471465 1.395634 -1.226071
v 0.458574 1.383231 -1.206778
v 0.447275 1.366540 -1.189867
v 0.438002 1.346202 -1.175989
v 0.431112 1.322999 -1.165677
v 0.426868 1.297821 -1.159326
v 0.425436 1.271638 -1.157182
v 0.426868 1.245454 -1.159326
v 0.431112 1.220277 -1.165677
v 0.438002 1.197074 -1.175989
v 0.447275 1.176735 -1.189867
v 0.458574 1.160044 -1.206778
v 0.471465 1.147642 -1.226071
v 0.485453 1.140004 -1.247005
v 0.481485 1.403271 -1.250261
v 0.463682 1.395634 -1.232458
v 0.447275 1.383231 -1.216051
v 0.432894 1.366540 -1.201669
v 0.421091 1.346202 -1.189867
v 0.412322 1.322999 -1.181097
v 0.406921 1.297821 -1.175697
v 0.405098 1.271638 -1.173873
v 0.406921 1.245454 -1.175697
v 0.412322 1.220277 -1.181097
v 0.421091 1.197074 -1.189867
v 0.432894 1.176735 -1.201669
v 0.447275 1.160044 -1.216051
v 0.463682 1.147642 -1.232458
v 0.481485 1.140004 -1.250261
v 0.500000 1.137426 -1.268776
v 0.478229 1.403271 -1.254229
v 0.457295 1.395634 -1.240241
v 0.438002 1.383231 -1.227350
v 0.421091 1.366540 -1.216051
v 0.407213 1.346202 -1.206778
v 0.396901 1.322999 -1.199887
v 0.390551 1.297821 -1.195644
v 0.388407 1.271638 -1.194211
v 0.390551 1.245454 -1.195644
v 0.396901 1.220277 -1.199887
v 0.407213 1.197074 -1.206778
v 0.421091 1.176735 -1.216051
v 0.438002 1.160044 -1.227350
v 0.457295 1.147642 -1.240241
v 0.478229 1.140004 -1.254229
v 0.475810 1.403271 -1.258756
v 0.452549 1.395634 -1.249121
v 0.431112 1.383231 -1.240241
v 0.412322 1.366540 -1.232458
v 0.396901 1.346202 -1.226071
v 0.385443 1.322999 -1.221324
v 0.378387 1.297821 -1.218402
v 0.376004 1.271638 -1.217415
v 0.378387 1.245454 -1.218402
v 0.385443 1.220277 -1.221324
v 0.396901 1.197074 -1.226071
v 0.412322 1.176735 -1.232458
v 0.431112 1.160044 -1.240241
v 0.452549 1.147642 -1.249121
v 0.475810 1.140004 -1.258756
v 0.474320 1.403271 -1.263667
v 0.449626 1.395634 -1.258756
v 0.426868 1.383231 -1.254229
v 0.406921 1.366540 -1.250261
v 0.390551 1.346202 -1.247005
v 0.378387 1.322999 -1.244585
v 0.370896 1.297821 -1.243095
v 0.368367 1.271638 -1.242592
v 0.370896 1.245454 -1.243095
v 0.378387 1.220277 -1.244585
v 0.390551 1.197074 -1.247005
v 0.406921 1.176735 -1.250261
v 0.426868 1.160044 -1.254229
v 0.449626 1.147642 -1.258756
v 0.474320 1.140004 -1.263667
v 0.473816 1.403271 -1.268776
v 0.448639 1.395634 -1.268776
v 0.425436 1.383231 -1.268776
v 0.405098 1.366540 -1.268776
v 0.388407 1.346202 -1.268776
v 0.376004 1.322999 -1.268776
v 0.368367 1.297821 -1.268776
v 0.365788 1.271638 -1.268776
v 0.368367 1.245454 -1.268776
v 0.376004 1.220277 -1.268776
v 0.388407 1.197074 -1.268776
v 0.405098 1.176735 -1.268776
v 0.425436 1.160044 -1.268776
v 0.448639 1.147642 -1.268776
v 0.473816 1.140004 -1.268776
v 0.474320 1.403271 -1.273884
v 0.449626 1.395634 -1.278796
v 0.426868 1.383231 -1.283322
v 0.406921 1.366540 -1.287290
v 0.390551 1.346202 -1.290546
v 0.378387 1.322999 -1.292966
v 0.370896 1.297821 -1.294456
v 0.368367 1.271638 -1.294959
v 0.370896 1.245454 -1.294456
v 0.378387 1.220277 -1.292966
v 0.390551 1.197074 -1.290546
v 0.406921 1.176735 -1.287290
v 0.426868 1.160044 -1.283322
v 0.449626 1.147642 -1.278796
v 0.474320 1.140004 -1.273884
v 0.475810 1.403271 -1.278796
v 0.452549 1.395634 -1.288431
v 0.431112 1.383231 -1.297310
v 0.412322 1.366540 -1.305093
v 0.396901 1.346202 -1.311481
v 0.385443 1.322999 -1.316227
v 0.378387 1.297821 -1.319150
v 0.376004 1.271638 -1.320136
v 0.378387 1.245454 -1.319150
v 0.385443 1.220277 -1.316227
v 0.396901 1.197074 -1.311481
v 0.412322 1.176735 -1.305093
v 0.431112 1.160044 -1.297310
v 0.452549 1.147642 -1.288431
v 0.475810 1.140004 -1.278796
v 0.478229 1.403271 -1.283322
v 0.457295 1.395634 -1.297310
v 0.438002 1.383231 -1.310201
v 0.421091 1.366540 -1.321501
v 0.407213 1.346202 -1.330774
v 0.396901 1.322999 -1.337664
v 0.390551 1.297821 -1.341907
v 0.388407 1.271638 -1.343340
v 0.390551 1.245454 -1.341907
v 0.396901 1.220277 -1.337664
v 0.407213 1.197074 -1.330774
v 0.421091 1.176735 -1.321501
v 0.438002 1.160044 -1.310201
v 0.457295 1.147642 -1.297310
v 0.478229 1.140004 -1.283322
v 0.481485 1.403271 -1.287290
v 0.463682 1.395634 -1.305093
v 0.447275 1.383231 -1.321501
v 0.432894 1.366540 -1.335882
v 0.421092 1.346202 -1.347684
v 0.412322 1.322999 -1.356454
v 0.406921 1.297821 -1.361855
v 0.405098 1.271638 -1.363678
v 0.406921 1.245454 -1.361855
v 0.412322 1.220277 -1.356454
v 0.421092 1.197074 -1.347684
v 0.432894 1.176735 -1.335882
v 0.447275 1.160044 -1.321501
v 0.463682 1.147642 -1.305093
v 0.481485 1.140004 -1.287290
v 0.485453 1.403271 -1.290546
v 0.471465 1.395634 -1.311481
v 0.458574 1.383231 -1.330774
v 0.447275 1.366540 -1.347684
v 0.438002 1.346202 -1.361562
v 0.431112 1.322999 -1.371874
v 0.426868 1.297821 -1.378225
v 0.425436 1.271638 -1.380369
v 0.426868 1.245454 -1.378225
v 0.431112 1.220277 -1.371874
v 0.438002 1.197074 -1.361562
v 0.447275 1.176735 -1.347684
v 0.458574 1.160044 -1.330774
v 0.471465 1.147642 -1.311481
v 0.485453 1.140004 -1.290546
v 0.489980 1.403271 -1.292966
v 0.480345 1.395634 -1.316227
v 0.471465 1.383231 -1.337664
v 0.463682 1.366540 -1.356454
v 0.457295 1.346202 -1.371874
v 0.452549 1.322999 -1.383333
v 0.449626 1.297821 -1.390389
v 0.448639 1.271638 -1.392771
v 0.449626 1.245454 -1.390389
v 0.452549 1.220277 -1.383333
v 0.457295 1.197074 -1.371874
v 0.463682 1.176735 -1.356454
v 0.471465 1.160044 -1.337664
v 0.480345 1.147642 -1.316227
v 0.489980 1.140004 -1.292966
v 0.494892 1.403271 -1.294456
v 0.489980 1.395634 -1.319149
v 0.485453 1.383231 -1.341907
v 0.481485 1.366540 -1.361855
v 0.478229 1.346202 -1.378225
v 0.475810 1.322999 -1.390389
v 0.474320 1.297821 -1.397880
v 0.473817 1.271638 -1.400409
v 0.474320 1.245454 -1.397880
v 0.475810 1.220277 -1.390389
v 0.478229 1.197074 -1.378225
v 0.481485 1.176735 -1.361855
v 0.485453 1.160044 -1.341907
v 0.489980 1.147642 -1.319149
v 0.494892 1.140004 -1.294456
v 0.500000 1.403271 -1.294959
v 0.500000 1.395634 -1.320136
v 0.500000 1.366540 -1.363678
v 0.500000 1.322999 -1.392772
v 0.500000 1.220277 -1.392772
v 0.500000 1.176735 -1.363678
v 0.500000 1.160044 -1.343340
v 0.500000 1.147642 -1.320136
v 0.500000 1.140004 -1.294959
vn -0.4069 0.9135 -0.0000
vn -0.0000 0.6335 -0.7737
vn -0.4562 -0.8899 -0.0000
vn 1.0000 -0.0000 -0.0000
vn 0.5813 0.5967 -0.5532
vn 0.8574 0.2903 -0.4249
vn 0.8816 0.2058 -0.4247
vn -0.4970 0.6739 -0.5467
vn -0.0906 0.7401 -0.6664
vn -0.0142 0.7490 -0.6625
vn -0.4313 -0.8413 -0.3259
vn -0.0000 1.0000 -0.0000
vn -1.0000 -0.0000 -0.0000
vn 0.0501 -0.8965 -0.4401
vn 0.0434 -0.9000 -0.4337
vn 0.1112 -0.8988 -0.4240
vn 0.7978 -0.0000 -0.6029
vn -0.0000 -0.0000 1.0000
vn -0.8769 0.4807 -0.0000
vn -0.3929 0.9195 -0.0090
vn -0.3925 0.9193 -0.0278
vn -0.3929 0.9192 -0.0281
vn -0.7978 -0.0000 -0.6029
vn -0.0000 -1.0000 -0.0000
vn -0.0000 -0.0000 -1.0000
vn 0.0468 -0.9989 -0.0008
vn 0.0469 -0.9989 -0.0019
vn 0.0468 -0.9989 -0.0021
vn 0.8769 0.4807 -0.0000
vn 0.4313 -0.8413 -0.3259
vn 0.4562 -0.8899 -0.0000
vn 0.4069 0.9135 -0.0000
vn 0.0478 -0.9989 -0.0000
vn 0.7978 -0.0000 0.6029
vn 0.0474 -0.9989 0.0005
vn 0.0480 -0.9988 -0.0007
vn 0.0481 -0.9988 -0.0006
vn -0.7978 -0.0000 0.6029
vn 0.0075 -0.9303 0.3668
vn 0.0128 -0.9333 0.3588
vn -0.0182 -0.9506 0.3098
vn -0.4582 0.3134 0.8318
vn -0.9409 -0.1273 0.3139
vn -0.1702 0.3722 0.9124
vn -0.0476 -0.9989 -0.0002
vn -0.0478 -0.9989 -0.0000
vn -0.0481 -0.9988 0.0005
vn -0.4054 0.9141 0.0118
vn -0.3950 0.9182 0.0289
vn -0.3929 0.9192 0.0281
vn -0.4313 -0.8413 0.3259
vn -0.7836 0.6213 -0.0000
vn -0.0004 -0.9293 0.3693
vn 0.0530 -0.9299 0.3639
vn -0.0118 -0.9323 0.3615
vn 0.2296 0.7139 0.6616
vn -0.0440 0.6265 0.7782
vn -0.0270 0.6008 0.7989
vn 0.4054 0.9141 -0.0118
vn 0.3950 0.9182 -0.0289
vn 0.3929 0.9192 -0.0281
vn 0.4313 -0.8413 0.3259
vn -0.0530 -0.9299 -0.3639
vn 0.0118 -0.9323 -0.3615
vn 0.0004 -0.9293 -0.3693
vn 0.3929 0.9195 0.0090
vn 0.3925 0.9193 0.0278
vn 0.3929 0.9192 0.0281
vn -0.0472 -0.9989 0.0013
vn -0.0470 -0.9989 0.0016
vn -0.0468 -0.9989 0.0021
vn 0.7310 0.4007 0.5524
vn -0.0000 -0.0000 -0.0000
vn 0.0001 -0.0000 -1.0000
vn -0.0001 -0.0000 1.0000
vn 0.7836 0.6213 -0.0000
vn -0.0000 0.6213 0.7836
vn -0.0000 0.6213 -0.7836
vn 0.0464 -0.8810 -0.4709
vn 0.0938 0.2890 -0.9527
vn 0.0286 -0.9565 -0.2902
vn 0.0976 0.0976 -0.9904
vn 0.0097 0.9951 -0.0980
vn 0.0096 -0.9951 -0.0980
vn 0.0975 -0.0976 -0.9904
vn 0.0286 0.9566 -0.2902
vn 0.0939 -0.2890 -0.9527
vn 0.0464 0.8810 -0.4709
vn 0.0865 -0.4697 -0.8786
vn 0.0623 0.7715 -0.6331
vn 0.0759 -0.6325 -0.7708
vn 0.0759 0.6326 -0.7708
vn 0.0624 -0.7715 -0.6332
vn 0.0866 0.4696 -0.8786
vn 0.1847 -0.7715 -0.6088
vn 0.2563 0.4696 -0.8449
vn 0.1373 -0.8810 -0.4528
vn 0.2779 0.2890 -0.9161
vn 0.0847 -0.9565 -0.2790
vn 0.2889 0.0976 -0.9524
vn 0.0286 0.9951 -0.0943
vn 0.0286 -0.9951 -0.0942
vn 0.2889 -0.0975 -0.9524
vn 0.0846 0.9566 -0.2790
vn 0.2779 -0.2890 -0.9161
vn 0.1373 0.8810 -0.4528
vn 0.2563 -0.4696 -0.8449
vn 0.1847 0.7715 -0.6088
vn 0.2248 -0.6325 -0.7412
vn 0.2248 0.6326 -0.7412
vn 0.1374 0.9566 -0.2571
vn 0.4512 -0.2890 -0.8443
vn 0.2230 0.8810 -0.4173
vn 0.4162 -0.4697 -0.7786
vn 0.2999 0.7715 -0.5611
vn 0.3651 -0.6325 -0.6831
vn 0.3651 0.6326 -0.6830
vn 0.2999 -0.7715 -0.5611
vn 0.4162 0.4696 -0.7786
vn 0.2230 -0.8810 -0.4173
vn 0.4513 0.2890 -0.8443
vn 0.1375 -0.9565 -0.2572
vn 0.4692 0.0976 -0.8777
vn 0.0464 0.9951 -0.0869
vn 0.0464 -0.9951 -0.0868
vn 0.4691 -0.0975 -0.8777
vn 0.5601 0.4697 -0.6824
vn 0.3002 -0.8810 -0.3657
vn 0.6073 0.2890 -0.7400
vn 0.1850 -0.9565 -0.2254
vn 0.6314 0.0975 -0.7693
vn 0.0625 0.9951 -0.0761
vn 0.0625 -0.9951 -0.0761
vn 0.6314 -0.0975 -0.7693
vn 0.1850 0.9566 -0.2254
vn 0.6074 -0.2890 -0.7400
vn 0.3002 0.8810 -0.3658
vn 0.5601 -0.4696 -0.6825
vn 0.4036 0.7715 -0.4918
vn 0.4914 -0.6325 -0.5987
vn 0.4913 0.6326 -0.5987
vn 0.4036 -0.7715 -0.4918
vn 0.7400 -0.2890 -0.6073
vn 0.3658 0.8810 -0.3002
vn 0.6825 -0.4696 -0.5601
vn 0.4918 0.7715 -0.4036
vn 0.5987 -0.6326 -0.4914
vn 0.5987 0.6326 -0.4914
vn 0.4918 -0.7715 -0.4036
vn 0.6825 0.4696 -0.5601
vn 0.3658 -0.8810 -0.3002
vn 0.7400 0.2890 -0.6073
vn 0.2254 -0.9565 -0.1850
vn 0.7693 0.0976 -0.6314
vn 0.0761 0.9951 -0.0625
vn 0.0761 -0.9951 -0.0625
vn 0.7693 -0.0975 -0.6313
vn 0.2254 0.9566 -0.1850
vn 0.4173 -0.8810 -0.2230
vn 0.8443 0.2890 -0.4513
vn 0.2572 -0.9565 -0.1374
vn 0.8777 0.0975 -0.4692
vn 0.0869 0.9951 -0.0464
vn 0.0868 -0.9951 -0.0464
vn 0.8777 -0.0975 -0.4692
vn 0.2571 0.9566 -0.1374
vn 0.8443 -0.2890 -0.4513
vn 0.4173 0.8810 -0.2231
vn 0.7786 -0.4696 -0.4162
vn 0.5611 0.7715 -0.2999
vn 0.6831 -0.6325 -0.3651
vn 0.6830 0.6326 -0.3651
vn 0.5611 -0.7715 -0.2999
vn 0.7786 0.4696 -0.4162
vn 0.4528 0.8810 -0.1374
vn 0.8448 -0.4697 -0.2563
vn 0.6088 0.7715 -0.1847
vn 0.7412 -0.6326 -0.2248
vn 0.7412 0.6326 -0.2248
vn 0.6088 -0.7715 -0.1847
vn 0.8448 0.4696 -0.2563
vn 0.4528 -0.8810 -0.1374
vn 0.9161 0.2890 -0.2779
vn 0.2790 -0.9565 -0.0846
vn 0.9524 0.0975 -0.2889
vn 0.0943 0.9951 -0.0286
vn 0.0942 -0.9951 -0.0286
vn 0.9524 -0.0975 -0.2889
vn 0.2790 0.9566 -0.0846
vn 0.9161 -0.2890 -0.2779
vn 0.9527 0.2890 -0.0939
vn 0.2902 -0.9565 -0.0286
vn 0.9904 0.0975 -0.0976
vn 0.0980 0.9951 -0.0097
vn 0.0980 -0.9951 -0.0097
vn 0.9904 -0.0975 -0.0976
vn 0.2902 0.9566 -0.0286
vn 0.9527 -0.2890 -0.0938
vn 0.4709 0.8810 -0.0464
vn 0.8786 -0.4697 -0.0865
vn 0.6332 0.7715 -0.0623
vn 0.7708 -0.6325 -0.0759
vn 0.7708 0.6326 -0.0759
vn 0.6332 -0.7715 -0.0623
vn 0.8786 0.4697 -0.0865
vn 0.4709 -0.8810 -0.0464
vn 0.8786 -0.4697 0.0865
vn 0.6332 0.7715 0.0623
vn 0.7708 -0.6325 0.0759
vn 0.7708 0.6326 0.0759
vn 0.6332 -0.7715 0.0623
vn 0.8786 0.4696 0.0865
vn 0.4709 -0.8810 0.0464
vn 0.9527 0.2890 0.0939
vn 0.2902 -0.9565 0.0286
vn 0.9904 0.0975 0.0976
vn 0.0980 0.9951 0.0097
vn 0.0980 -0.9951 0.0097
vn 0.9904 -0.0975 0.0976
vn 0.2902 0.9566 0.0286
vn 0.9527 -0.2890 0.0938
vn 0.4709 0.8810 0.0464
vn 0.2790 -0.9565 0.0847
vn 0.9524 0.0975 0.2889
vn 0.0943 0.9951 0.0286
vn 0.0942 -0.9951 0.0286
vn 0.9524 -0.0975 0.2889
vn 0.2790 0.9566 0.0846
vn 0.9161 -0.2890 0.2779
vn 0.4528 0.8810 0.1374
vn 0.8449 -0.4696 0.2563
vn 0.6088 0.7715 0.1847
vn 0.7412 -0.6325 0.2249
vn 0.7412 0.6326 0.2248
vn 0.6088 -0.7715 0.1847
vn 0.8448 0.4697 0.2563
vn 0.4528 -0.8810 0.1374
vn 0.9161 0.2890 0.2779
vn 0.6831 -0.6326 0.3651
vn 0.6831 0.6326 0.3651
vn 0.5611 -0.7715 0.2999
vn 0.7786 0.4696 0.4162
vn 0.4173 -0.8810 0.2230
vn 0.8443 0.2890 0.4513
vn 0.2572 -0.9565 0.1374
vn 0.8777 0.0975 0.4691
vn 0.0869 0.9951 0.0464
vn 0.0868 -0.9951 0.0464
vn 0.8777 -0.0975 0.4692
vn 0.2571 0.9566 0.1374
vn 0.8443 -0.2890 0.4513
vn 0.4173 0.8810 0.2230
vn 0.7786 -0.4696 0.4162
vn 0.5611 0.7715 0.2999
vn 0.0761 0.9951 0.0625
vn 0.0761 -0.9951 0.0625
vn 0.7693 -0.0975 0.6314
vn 0.2254 0.9566 0.1849
vn 0.7400 -0.2890 0.6073
vn 0.3658 0.8810 0.3002
vn 0.6825 -0.4696 0.5601
vn 0.4918 0.7715 0.4036
vn 0.5987 -0.6325 0.4914
vn 0.5987 0.6326 0.4913
vn 0.4918 -0.7715 0.4036
vn 0.6825 0.4696 0.5601
vn 0.3658 -0.8810 0.3002
vn 0.7400 0.2890 0.6073
vn 0.2254 -0.9565 0.1850
vn 0.7693 0.0975 0.6314
vn 0.4913 0.6326 0.5987
vn 0.4036 -0.7715 0.4918
vn 0.5601 0.4696 0.6825
vn 0.3002 -0.8810 0.3658
vn 0.6073 0.2890 0.7400
vn 0.1850 -0.9565 0.2254
vn 0.6314 0.0975 0.7693
vn 0.0625 0.9951 0.0761
vn 0.0625 -0.9951 0.0761
vn 0.6314 -0.0976 0.7693
vn 0.1850 0.9566 0.2254
vn 0.6073 -0.2890 0.7400
vn 0.3002 0.8810 0.3658
vn 0.5601 -0.4696 0.6825
vn 0.4036 0.7715 0.4918
vn 0.4913 -0.6325 0.5987
vn 0.4691 -0.0975 0.8777
vn 0.1374 0.9566 0.2571
vn 0.4513 -0.2890 0.8443
vn 0.2231 0.8810 0.4173
vn 0.4162 -0.4696 0.7786
vn 0.2999 0.7715 0.5611
vn 0.3651 -0.6325 0.6831
vn 0.3651 0.6326 0.6831
vn 0.2999 -0.7715 0.5611
vn 0.4162 0.4696 0.7786
vn 0.2231 -0.8810 0.4173
vn 0.4513 0.2890 0.8443
vn 0.1375 -0.9565 0.2571
vn 0.4691 0.0975 0.8777
vn 0.0464 0.9951 0.0869
vn 0.0464 -0.9951 0.0868
vn 0.1847 -0.7715 0.6088
vn 0.2563 0.4697 0.8448
vn 0.1373 -0.8810 0.4528
vn 0.2779 0.2890 0.9161
vn 0.0846 -0.9565 0.2790
vn 0.2889 0.0975 0.9524
vn 0.0286 0.9951 0.0942
vn 0.0286 -0.9951 0.0942
vn 0.2889 -0.0975 0.9524
vn 0.0846 0.9566 0.2790
vn 0.2779 -0.2890 0.9161
vn 0.1374 0.8810 0.4528
vn 0.2563 -0.4696 0.8448
vn 0.1847 0.7715 0.6088
vn 0.2248 -0.6325 0.7412
vn 0.2248 0.6326 0.7411
vn 0.0286 0.9566 0.2902
vn 0.0938 -0.2890 0.9527
vn 0.0464 0.8810 0.4709
vn 0.0865 -0.4696 0.8786
vn 0.0624 0.7715 0.6332
vn 0.0759 -0.6326 0.7708
vn 0.0759 0.6326 0.7708
vn 0.0624 -0.7715 0.6332
vn 0.0865 0.4696 0.8786
vn 0.0464 -0.8810 0.4709
vn 0.0938 0.2890 0.9527
vn 0.0286 -0.9565 0.2902
vn 0.0976 0.0976 0.9904
vn 0.0097 0.9951 0.0980
vn 0.0096 -0.9951 0.0980
vn 0.0975 -0.0975 0.9904
vn -0.0865 0.4696 0.8786
vn -0.0464 -0.8810 0.4709
vn -0.0938 0.2890 0.9527
vn -0.0286 -0.9565 0.2902
vn -0.0976 0.0975 0.9904
vn -0.0097 0.9951 0.0980
vn -0.0096 -0.9951 0.0980
vn -0.0975 -0.0976 0.9904
vn -0.0286 0.9566 0.2902
vn -0.0938 -0.2890 0.9527
vn -0.0464 0.8810 0.4709
vn -0.0865 -0.4696 0.8786
vn -0.0624 0.7715 0.6332
vn -0.0759 -0.6325 0.7708
vn -0.0759 0.6326 0.7708
vn -0.0624 -0.7715 0.6332
vn -0.2779 -0.2890 0.9161
vn -0.1374 0.8810 0.4528
vn -0.2563 -0.4697 0.8448
vn -0.1847 0.7715 0.6088
vn -0.2248 -0.6326 0.7412
vn -0.2248 0.6326 0.7412
vn -0.1847 -0.7715 0.6088
vn -0.2563 0.4696 0.8449
vn -0.1373 -0.8810 0.4528
vn -0.2779 0.2890 0.9161
vn -0.0846 -0.9565 0.2790
vn -0.2889 0.0975 0.9524
vn -0.0286 0.9951 0.0942
vn -0.0286 -0.9951 0.0942
vn -0.2889 -0.0975 0.9524
vn -0.0846 0.9566 0.2790
vn -0.2231 -0.8810 0.4173
vn -0.4513 0.2890 0.8443
vn -0.1375 -0.9565 0.2571
vn -0.4691 0.0975 0.8777
vn -0.0464 0.9951 0.0869
vn -0.0464 -0.9951 0.0868
vn -0.4691 -0.0975 0.8777
vn -0.1374 0.9566 0.2571
vn -0.4513 -0.2890 0.8443
vn -0.2231 0.8810 0.4173
vn -0.4162 -0.4696 0.7786
vn -0.2999 0.7715 0.5611
vn -0.3651 -0.6325 0.6831
vn -0.3651 0.6326 0.6831
vn -0.2999 -0.7715 0.5611
vn -0.4162 0.4696 0.7786
vn -0.5601 -0.4696 0.6825
vn -0.4036 0.7715 0.4918
vn -0.4913 -0.6325 0.5987
vn -0.4913 0.6326 0.5987
vn -0.4036 -0.7715 0.4918
vn -0.5601 0.4696 0.6825
vn -0.3002 -0.8810 0.3658
vn -0.6073 0.2890 0.7400
vn -0.1850 -0.9565 0.2254
vn -0.6314 0.0976 0.7693
vn -0.0625 0.9951 0.0761
vn -0.0625 -0.9951 0.0761
vn -0.6314 -0.0975 0.7693
vn -0.1850 0.9566 0.2254
vn -0.6073 -0.2890 0.7400
vn -0.3002 0.8810 0.3658
vn -0.2254 -0.9565 0.1850
vn -0.7693 0.0976 0.6314
vn -0.0761 0.9951 0.0625
vn -0.0761 -0.9951 0.0625
vn -0.7693 -0.0975 0.6314
vn -0.2254 0.9566 0.1850
vn -0.7400 -0.2890 0.6073
vn -0.3658 0.8810 0.3002
vn -0.6825 -0.4696 0.5601
vn -0.4918 0.7715 0.4036
vn -0.5987 -0.6326 0.4913
vn -0.5987 0.6326 0.4913
vn -0.4918 -0.7715 0.4036
vn -0.6825 0.4696 0.5601
vn -0.3658 -0.8810 0.3002
vn -0.7400 0.2890 0.6073
vn -0.5611 0.7715 0.2999
vn -0.6831 -0.6325 0.3651
vn -0.6831 0.6326 0.3651
vn -0.5611 -0.7715 0.2999
vn -0.7786 0.4696 0.4162
vn -0.4173 -0.8810 0.2230
vn -0.8443 0.2890 0.4513
vn -0.2572 -0.9565 0.1374
vn -0.8777 0.0975 0.4692
vn -0.0869 0.9951 0.0464
vn -0.0868 -0.9951 0.0464
vn -0.8777 -0.0975 0.4692
vn -0.2571 0.9566 0.1374
vn -0.8443 -0.2890 0.4513
vn -0.4173 0.8810 0.2230
vn -0.7786 -0.4696 0.4162
vn -0.9524 0.0975 0.2889
vn -0.0943 0.9951 0.0286
vn -0.0942 -0.9951 0.0286
vn -0.9524 -0.0975 0.2889
vn -0.2790 0.9566 0.0846
vn -0.9161 -0.2890 0.2779
vn -0.4528 0.8810 0.1374
vn -0.8448 -0.4697 0.2563
vn -0.6088 0.7715 0.1847
vn -0.7412 -0.6326 0.2248
vn -0.7412 0.6326 0.2248
vn -0.6088 -0.7715 0.1847
vn -0.8448 0.4696 0.2563
vn -0.4528 -0.8810 0.1374
vn -0.9161 0.2890 0.2779
vn -0.2790 -0.9565 0.0847
vn -0.7708 -0.6325 0.0759
vn -0.7708 0.6326 0.0759
vn -0.6332 -0.7715 0.0623
vn -0.8786 0.4697 0.0865
vn -0.4709 -0.8810 0.0464
vn -0.9527 0.2890 0.0938
vn -0.2902 -0.9565 0.0286
vn -0.9904 0.0976 0.0976
vn -0.0980 0.9951 0.0096
vn -0.0980 -0.9951 0.0096
vn -0.9904 -0.0975 0.0975
vn -0.2901 0.9566 0.0286
vn -0.9527 -0.2890 0.0938
vn -0.4709 0.8810 0.0464
vn -0.8786 -0.4696 0.0865
vn -0.6332 0.7715 0.0623
vn -0.0980 0.9951 -0.0096
vn -0.0980 -0.9951 -0.0096
vn -0.9904 -0.0976 -0.0975
vn -0.2901 0.9566 -0.0286
vn -0.9527 -0.2890 -0.0939
vn -0.4709 0.8810 -0.0464
vn -0.8786 -0.4696 -0.0865
vn -0.6332 0.7715 -0.0623
vn -0.7708 -0.6325 -0.0759
vn -0.7708 0.6326 -0.0759
vn -0.6332 -0.7715 -0.0623
vn -0.8786 0.4696 -0.0866
vn -0.4709 -0.8810 -0.0464
vn -0.9527 0.2890 -0.0938
vn -0.2902 -0.9565 -0.0286
vn -0.9904 0.0975 -0.0976
vn -0.7412 0.6326 -0.2248
vn -0.6088 -0.7715 -0.1847
vn -0.8448 0.4696 -0.2563
vn -0.4528 -0.8810 -0.1374
vn -0.9161 0.2890 -0.2779
vn -0.2790 -0.9565 -0.0846
vn -0.9524 0.0976 -0.2889
vn -0.0943 0.9951 -0.0286
vn -0.0942 -0.9951 -0.0286
vn -0.9524 -0.0975 -0.2889
vn -0.2790 0.9566 -0.0846
vn -0.9161 -0.2890 -0.2779
vn -0.4528 0.8810 -0.1374
vn -0.8449 -0.4696 -0.2563
vn -0.6088 0.7715 -0.1847
vn -0.7412 -0.6325 -0.2249
vn -0.8777 -0.0975 -0.4692
vn -0.2571 0.9566 -0.1374
vn -0.8443 -0.2890 -0.4513
vn -0.4173 0.8810 -0.2231
vn -0.7786 -0.4696 -0.4162
vn -0.5611 0.7715 -0.2999
vn -0.6831 -0.6326 -0.3651
vn -0.6831 0.6326 -0.3651
vn -0.5611 -0.7715 -0.2999
vn -0.7786 0.4696 -0.4162
vn -0.4173 -0.8810 -0.2230
vn -0.8443 0.2890 -0.4513
vn -0.2572 -0.9565 -0.1374
vn -0.8777 0.0976 -0.4692
vn -0.0869 0.9951 -0.0464
vn -0.0868 -0.9951 -0.0464
vn -0.4918 -0.7715 -0.4036
vn -0.6825 0.4696 -0.5601
vn -0.3658 -0.8810 -0.3002
vn -0.7400 0.2890 -0.6073
vn -0.2254 -0.9565 -0.1850
vn -0.7693 0.0975 -0.6314
vn -0.0761 0.9951 -0.0625
vn -0.0761 -0.9951 -0.0625
vn -0.7693 -0.0975 -0.6313
vn -0.2254 0.9566 -0.1849
vn -0.7400 -0.2890 -0.6073
vn -0.3658 0.8810 -0.3002
vn -0.6824 -0.4696 -0.5601
vn -0.4918 0.7715 -0.4036
vn -0.5987 -0.6325 -0.4914
vn -0.5987 0.6326 -0.4914
vn -0.6073 -0.2890 -0.7400
vn -0.3002 0.8810 -0.3658
vn -0.5601 -0.4696 -0.6825
vn -0.4036 0.7715 -0.4918
vn -0.4914 -0.6325 -0.5987
vn -0.4914 0.6326 -0.5987
vn -0.4036 -0.7715 -0.4918
vn -0.5601 0.4696 -0.6825
vn -0.3002 -0.8810 -0.3657
vn -0.6073 0.2890 -0.7400
vn -0.1850 -0.9565 -0.2254
vn -0.6314 0.0975 -0.7693
vn -0.0625 0.9951 -0.0761
vn -0.0625 -0.9951 -0.0761
vn -0.6314 -0.0975 -0.7693
vn -0.1850 0.9566 -0.2254
vn -0.2230 -0.8810 -0.4173
vn -0.4513 0.2890 -0.8443
vn -0.1375 -0.9565 -0.2571
vn -0.4691 0.0975 -0.8777
vn -0.0464 0.9951 -0.0869
vn -0.0464 -0.9951 -0.0868
vn -0.4691 -0.0975 -0.8777
vn -0.1374 0.9566 -0.2571
vn -0.4513 -0.2890 -0.8443
vn -0.2231 0.8810 -0.4173
vn -0.4162 -0.4696 -0.7786
vn -0.2999 0.7715 -0.5611
vn -0.3651 -0.6325 -0.6831
vn -0.3651 0.6326 -0.6831
vn -0.2999 -0.7715 -0.5611
vn -0.4162 0.4696 -0.7786
vn -0.1373 0.8810 -0.4528
vn -0.2563 -0.4696 -0.8448
vn -0.1847 0.7715 -0.6088
vn -0.2248 -0.6325 -0.7412
vn -0.2249 0.6325 -0.7412
vn -0.1847 -0.7715 -0.6088
vn -0.2563 0.4697 -0.8448
vn -0.1373 -0.8810 -0.4528
vn -0.2779 0.2890 -0.9161
vn -0.0847 -0.9565 -0.2790
vn -0.2889 0.0975 -0.9524
vn -0.0286 0.9951 -0.0943
vn -0.0286 -0.9951 -0.0942
vn -0.2889 -0.0975 -0.9524
vn -0.0846 0.9566 -0.2790
vn -0.2779 -0.2890 -0.9161
vn -0.0938 0.2890 -0.9527
vn -0.0286 -0.9565 -0.2902
vn -0.0976 0.0976 -0.9904
vn -0.0097 0.9951 -0.0980
vn -0.0096 -0.9951 -0.0980
vn -0.0975 -0.0975 -0.9904
vn -0.0286 0.9566 -0.2902
vn -0.0938 -0.2890 -0.9527
vn -0.0464 0.8810 -0.4709
vn -0.0865 -0.4696 -0.8786
vn -0.0623 0.7715 -0.6332
vn -0.0759 -0.6325 -0.7708
vn -0.0759 0.6326 -0.7708
vn -0.0624 -0.7715 -0.6332
vn -0.0866 0.4696 -0.8786
vn -0.0464 -0.8810 -0.4709
vn 0.0939 0.2890 -0.9527
vn 0.0975 0.0975 -0.9904
vn 0.0976 -0.0975 -0.9904
vn 0.0938 -0.2890 -0.9527
vn 0.0866 -0.4696 -0.8786
vn 0.0624 0.7715 -0.6332
vn 0.0623 -0.7715 -0.6331
vn 0.0865 0.4697 -0.8786
vn 0.0846 -0.9565 -0.2790
vn 0.2889 -0.0976 -0.9524
vn 0.2248 -0.6326 -0.7412
vn 0.2248 0.6326 -0.7411
vn 0.4513 -0.2890 -0.8443
vn 0.4162 -0.4696 -0.7786
vn 0.3651 -0.6326 -0.6831
vn 0.3651 0.6326 -0.6831
vn 0.4162 0.4697 -0.7786
vn 0.1374 -0.9565 -0.2572
vn 0.4691 0.0975 -0.8777
vn 0.4692 -0.0976 -0.8777
vn 0.5601 0.4696 -0.6825
vn 0.6074 0.2890 -0.7400
vn 0.6073 -0.2890 -0.7400
vn 0.5601 -0.4697 -0.6824
vn 0.4913 -0.6326 -0.5987
vn 0.5987 -0.6325 -0.4914
vn 0.7693 0.0975 -0.6313
vn 0.7693 -0.0975 -0.6314
vn 0.2254 0.9566 -0.1849
vn 0.4173 -0.8810 -0.2231
vn 0.2572 -0.9565 -0.1375
vn 0.6831 -0.6326 -0.3651
vn 0.6831 0.6326 -0.3651
vn 0.8448 -0.4696 -0.2563
vn 0.7412 -0.6325 -0.2248
vn 0.7411 0.6326 -0.2248
vn 0.8448 0.4697 -0.2563
vn 0.4528 -0.8810 -0.1373
vn 0.9527 0.2890 -0.0938
vn 0.2901 0.9566 -0.0286
vn 0.9527 -0.2890 -0.0939
vn 0.7708 0.6325 -0.0759
vn 0.8786 0.4697 0.0865
vn 0.9527 0.2890 0.0938
vn 0.2901 0.9566 0.0286
vn 0.9527 -0.2890 0.0939
vn 0.2790 -0.9565 0.0846
vn 0.2790 0.9566 0.0847
vn 0.8448 -0.4697 0.2563
vn 0.7412 -0.6326 0.2248
vn 0.7412 0.6326 0.2249
vn 0.8449 0.4696 0.2563
vn 0.6831 -0.6325 0.3651
vn 0.8777 0.0975 0.4692
vn 0.5987 -0.6326 0.4913
vn 0.3657 -0.8810 0.3002
vn 0.7693 0.0976 0.6314
vn 0.6314 0.0976 0.7693
vn 0.6314 -0.0975 0.7693
vn 0.1849 0.9566 0.2254
vn 0.1375 -0.9565 0.2572
vn 0.2563 0.4696 0.8448
vn 0.1373 0.8810 0.4528
vn 0.2563 -0.4697 0.8448
vn 0.2248 -0.6326 0.7412
vn 0.2248 0.6326 0.7412
vn 0.0759 -0.6325 0.7708
vn 0.0975 0.0975 0.9904
vn 0.0976 -0.0976 0.9904
vn -0.0975 0.0976 0.9904
vn -0.0976 -0.0975 0.9904
vn -0.0759 -0.6326 0.7708
vn -0.1373 0.8810 0.4528
vn -0.2563 -0.4696 0.8449
vn -0.2249 -0.6325 0.7412
vn -0.2563 0.4697 0.8448
vn -0.2889 0.0976 0.9524
vn -0.1375 -0.9565 0.2572
vn -0.3651 0.6325 0.6831
vn -0.6314 0.0975 0.7693
vn -0.6314 -0.0976 0.7693
vn -0.1849 0.9566 0.2254
vn -0.7693 0.0975 0.6314
vn -0.7693 -0.0976 0.6314
vn -0.2254 0.9566 0.1849
vn -0.5987 -0.6325 0.4913
vn -0.3657 -0.8810 0.3002
vn -0.6831 -0.6326 0.3651
vn -0.8448 -0.4696 0.2563
vn -0.7412 -0.6325 0.2248
vn -0.7411 0.6326 0.2248
vn -0.8448 0.4697 0.2563
vn -0.2790 -0.9565 0.0846
vn -0.8786 0.4696 0.0865
vn -0.9904 0.0975 0.0975
vn -0.9904 -0.0976 0.0976
vn -0.8786 -0.4697 0.0865
vn -0.9904 -0.0975 -0.0976
vn -0.9527 -0.2890 -0.0938
vn -0.8786 -0.4696 -0.0866
vn -0.8786 0.4696 -0.0865
vn -0.9527 0.2890 -0.0939
vn -0.9904 0.0976 -0.0975
vn -0.8449 0.4696 -0.2563
vn -0.9524 0.0975 -0.2889
vn -0.9524 -0.0976 -0.2889
vn -0.8448 -0.4696 -0.2563
vn -0.7412 -0.6326 -0.2248
vn -0.6831 -0.6325 -0.3651
vn -0.2572 -0.9565 -0.1375
vn -0.8777 0.0975 -0.4691
vn -0.6824 0.4696 -0.5601
vn -0.3658 -0.8810 -0.3001
vn -0.7693 0.0976 -0.6313
vn -0.7693 -0.0975 -0.6314
vn -0.6825 -0.4696 -0.5601
vn -0.4913 0.6326 -0.5987
vn -0.3002 -0.8810 -0.3658
vn -0.1849 0.9566 -0.2254
vn -0.1374 -0.9565 -0.2572
vn -0.2230 0.8810 -0.4173
vn -0.2249 -0.6325 -0.7412
vn -0.2248 0.6326 -0.7412
vn -0.2563 0.4696 -0.8448
vn -0.0846 -0.9565 -0.2790
vn -0.0975 0.0975 -0.9904
vn -0.0976 -0.0976 -0.9904
vn -0.0866 -0.4696 -0.8786
vn -0.0624 0.7715 -0.6331
vn -0.0623 -0.7715 -0.6331
vn -0.0865 0.4696 -0.8786
vn 0.9524 0.0976 -0.2889
vn 0.9904 0.0975 -0.0975
vn 0.9904 -0.0976 -0.0976
vn 0.8448 -0.4696 0.2563
vn 0.4914 -0.6325 0.5987
vn -0.8777 0.0976 0.4691
vn -0.8777 -0.0975 0.4691
vn -0.9524 -0.0976 0.2889
vn -0.7412 -0.6326 0.2249
vn -0.8786 0.4696 0.0866
vn -0.0980 0.9951 0.0097
vn -0.0980 -0.9951 0.0097
vn -0.0980 0.9951 -0.0097
vn -0.0980 -0.9951 -0.0097
vn -0.2902 0.9566 -0.0286
vn -0.3657 -0.8810 -0.3002
vn -0.4913 -0.6325 -0.5987
vn -0.2249 0.6326 -0.7412
vn -0.0866 0.4697 -0.8786
vn 0.0865 0.4696 -0.8786
vn 0.4913 -0.6325 -0.5987
vn 0.3658 -0.8810 -0.3001
vn 0.7693 -0.0976 -0.6314
vn 0.9524 -0.0976 -0.2889
vn 0.9904 0.0976 -0.0976
vn 0.9904 -0.0975 -0.0975
vn 0.7708 -0.6326 -0.0759
vn 0.8786 -0.4696 0.0865
vn 0.8448 0.4696 0.2563
vn 0.5987 -0.6325 0.4913
vn -0.8777 -0.0976 0.4692
vn -0.9524 0.0976 0.2889
vn -0.2902 0.9566 0.0286
vn -0.7412 0.6326 -0.2249
vn -0.8777 0.0976 -0.4691
vn 0.0724 0.7112 -0.6992
vn 0.0142 0.7489 -0.6625
vn 0.3902 0.5010 -0.7725
vn -0.8517 0.2344 -0.4686
vn -0.8816 0.2058 -0.4247
vn -0.6662 0.2371 -0.7071
vn -0.0124 -0.9333 -0.3588
vn -0.0103 -0.9312 -0.3644
vn -0.0079 -0.9302 -0.3669
vn -0.0128 -0.9490 -0.3151
vn 0.0434 -0.9577 -0.2846
vn 0.0380 -0.9605 -0.2756
vn -0.4122 0.9110 0.0095
vn -0.4118 0.9112 0.0099
vn -0.4115 0.9113 -0.0089
vn 0.0482 -0.9988 0.0006
vn 0.0481 -0.9988 0.0006
vn 0.0482 -0.9988 -0.0006
vn 0.0471 -0.9989 0.0020
vn 0.0468 -0.9989 0.0021
vn 0.0477 -0.9989 0.0009
vn -0.1024 -0.9496 0.2961
vn -0.0994 -0.9526 0.2874
vn -0.0635 -0.9426 0.3277
vn 0.0124 -0.9333 0.3588
vn 0.0103 -0.9312 0.3644
vn 0.0079 -0.9302 0.3669
vn 0.1506 0.5915 0.7921
vn 0.1561 0.6206 0.7684
vn -0.0639 0.4983 0.8646
vn -0.1540 0.1625 0.9746
vn -0.5881 -0.1167 0.8003
vn -0.5762 -0.6277 0.5234
vn -0.6567 0.5336 -0.5329
vn 0.1222 0.9925 0.0057
vn 0.1117 0.9876 -0.1102
vn -0.0471 -0.9989 -0.0017
vn -0.0468 -0.9989 -0.0021
vn -0.0472 -0.9989 -0.0013
vn -0.4093 0.9124 -0.0109
vn -0.4118 0.9112 -0.0099
vn -0.3995 0.9167 0.0064
vn -0.0088 -0.9307 0.3658
vn -0.0104 -0.9312 0.3644
vn -0.0109 -0.9315 0.3635
vn 0.0804 -0.9582 0.2746
vn 0.0994 -0.9526 0.2874
vn 0.0421 -0.9472 0.3178
vn -0.0490 0.6281 0.7766
vn -0.0478 0.6219 0.7817
vn 0.0987 0.8015 0.5899
vn 0.5548 0.5842 0.5924
vn 0.5862 0.6348 0.5034
vn 0.3305 0.6365 0.6969
vn 0.4093 0.9124 0.0109
vn 0.4118 0.9112 0.0099
vn 0.3995 0.9167 -0.0064
vn -0.0804 -0.9582 -0.2746
vn -0.0994 -0.9526 -0.2874
vn -0.0421 -0.9472 -0.3178
vn 0.0088 -0.9307 -0.3658
vn 0.0104 -0.9312 -0.3644
vn 0.0109 -0.9315 -0.3635
vn 0.4122 0.9110 -0.0095
vn 0.4118 0.9112 -0.0099
vn 0.4115 0.9113 0.0089
vn -0.0481 -0.9988 -0.0005
vn -0.0480 -0.9988 0.0003
vt 0.035166 0.084012
vt 0.082417 0.081104
vt 0.075322 0.094259
vt 0.184513 0.063130
vt 0.141309 0.091326
vt 0.147437 0.052945
vt 0.111969 0.300727
vt 0.005832 0.274834
vt 0.072996 0.230488
vt 0.257565 0.677143
vt 0.257509 0.627672
vt 0.267885 0.677231
vt 0.299036 0.662075
vt 0.298904 0.677496
vt 0.186929 0.090405
vt 0.196908 0.070763
vt 0.207278 0.084538
vt 0.099460 0.109941
vt 0.081951 0.096327
vt 0.089980 0.084087
vt 0.112752 0.168297
vt 0.103698 0.186802
vt 0.091399 0.177574
vt 0.048185 0.557309
vt 0.184894 0.560471
vt 0.115453 0.627254
vt 0.298371 0.740029
vt 0.267351 0.739764
vt 0.083665 0.447873
vt 0.090355 0.313958
vt 0.020869 0.516165
vt 0.118744 0.505885
vt 0.257032 0.739676
vt 0.325783 0.676944
vt 0.312827 0.661523
vt 0.325783 0.627672
vt 0.119388 0.312465
vt 0.195630 0.172050
vt 0.156529 0.158827
vt 0.215878 0.161358
vt 0.889868 0.497138
vt 0.779065 0.276412
vt 0.944830 0.442176
vt 0.222919 0.147861
vt 0.199920 0.148628
vt 0.232808 0.457782
vt 0.265082 0.307302
vt 0.323257 0.408878
vt 0.071312 0.112659
vt 0.029731 0.112899
vt 0.325783 0.739480
vt 0.312827 0.676944
vt 0.078406 0.113309
vt 0.172866 0.218755
vt 0.200489 0.182184
vt 0.206017 0.206547
vt 0.084632 0.183789
vt 0.201993 0.066112
vt 0.264911 0.279694
vt 0.289378 0.271487
vt 0.288524 0.282830
vt 0.391968 0.435328
vt 0.372214 0.391814
vt 0.394932 0.391523
vt 0.333445 0.195218
vt 0.502445 0.355210
vt 0.233768 0.039977
vt 0.190055 0.057263
vt 0.216425 0.024663
vt 0.217179 0.208538
vt 0.227410 0.167475
vt 0.261103 0.187090
vt 0.119381 0.058995
vt 0.235107 0.270174
vt 0.264614 0.266908
vt 0.152952 0.039121
vt 0.146047 0.304542
vt 0.187477 0.281806
vt 0.192285 0.295863
vt 0.231526 0.150544
vt 0.140972 0.443392
vt 0.100481 0.325944
vt 0.134684 0.336776
vt 0.201138 0.330061
vt 0.133180 0.497216
vt 0.098673 0.444589
vt 0.127254 0.198798
vt 0.095709 0.197422
vt 0.214888 0.691259
vt 0.214721 0.739105
vt 0.213265 0.740505
vt 0.225204 0.690991
vt 0.256614 0.705602
vt 0.111871 0.476227
vt 0.357534 0.465154
vt 0.325054 0.559344
vt 0.293510 0.534435
vt 0.124541 0.229953
vt 0.254591 0.627672
vt 0.223581 0.628477
vt 0.944830 0.110648
vt 0.944314 0.000209
vt 0.999791 0.055686
vt 0.213265 0.628745
vt 0.299453 0.705628
vt 0.312409 0.690207
vt 0.312409 0.739480
vt 0.041068 0.200043
vt 0.126992 0.187598
vt 0.161773 0.188013
vt 0.146020 0.823777
vt 0.166882 0.870810
vt 0.148444 0.860957
vt 0.063804 0.824948
vt 0.120553 0.795365
vt 0.106970 0.838531
vt 0.099034 0.482559
vt 0.299453 0.690207
vt 0.312409 0.627672
vt 0.174850 0.227359
vt 0.188164 0.282076
vt 0.558339 0.497138
vt 0.668627 0.275896
vt 0.724104 0.331374
vt 0.213366 0.080978
vt 0.277292 0.146635
vt 0.191945 0.296331
vt 0.237467 0.284191
vt 0.177230 0.000209
vt 0.108470 0.048745
vt 0.485708 0.499706
vt 0.379056 0.469449
vt 0.502445 0.438191
vt 0.723588 0.220935
vt 0.172680 0.228803
vt 0.140223 0.291393
vt 0.203352 0.534246
vt 0.160829 0.180115
vt 0.372903 0.433179
vt 0.169413 0.218637
vt 0.257032 0.627873
vt 0.326201 0.681598
vt 0.326201 0.627672
vt 0.326351 0.628167
vt 0.312827 0.739480
vt 0.164804 0.187539
vt 0.161992 0.179903
vt 0.256214 0.690186
vt 0.328773 0.681066
vt 0.326768 0.681314
vt 0.326768 0.627672
vt 0.299453 0.627672
vt 0.280872 0.174849
vt 0.133455 0.222964
vt 0.049872 0.227587
vt 0.572585 0.532254
vt 0.502862 0.532580
vt 0.537887 0.497555
vt 0.996060 0.566953
vt 0.766973 0.726642
vt 0.961361 0.532254
vt 0.801672 0.761341
vt 0.731949 0.761666
vt 0.502862 0.110132
vt 0.557824 0.055170
vt 0.889352 0.055170
vt 0.996060 0.955728
vt 0.766648 0.796365
vt 0.572260 0.990753
vt 0.537561 0.956054
vt 0.537561 0.567279
vt 0.077387 0.781782
vt 0.133011 0.779248
vt 0.024571 0.795448
vt 0.080119 0.757386
vt 0.044453 0.062648
vt 0.169024 0.742848
vt 0.141494 0.627672
vt 0.212847 0.671495
vt 0.162497 0.817585
vt 0.000209 0.692093
vt 0.097671 0.699025
vt 0.203869 0.803886
vt 0.212847 0.863938
vt 0.001363 0.769687
vt 0.370061 0.646912
vt 0.368574 0.648610
vt 0.368203 0.647853
vt 0.378328 0.645321
vt 0.379502 0.646645
vt 0.378271 0.646558
vt 0.366106 0.649867
vt 0.365824 0.649331
vt 0.377072 0.646545
vt 0.377040 0.645314
vt 0.388703 0.648972
vt 0.391543 0.650659
vt 0.388429 0.649556
vt 0.363233 0.651033
vt 0.375874 0.646604
vt 0.375762 0.645384
vt 0.386127 0.647507
vt 0.385771 0.648303
vt 0.374652 0.646744
vt 0.374458 0.645557
vt 0.384180 0.646617
vt 0.383840 0.647577
vt 0.373368 0.646976
vt 0.373103 0.645847
vt 0.382524 0.646041
vt 0.382233 0.647117
vt 0.371983 0.647327
vt 0.371649 0.646282
vt 0.381028 0.645667
vt 0.380810 0.646821
vt 0.370425 0.647837
vt 0.379646 0.645436
vt 0.372239 0.648328
vt 0.370728 0.648737
vt 0.379401 0.647775
vt 0.368901 0.649367
vt 0.378230 0.647715
vt 0.366340 0.650422
vt 0.377099 0.647705
vt 0.391223 0.651252
vt 0.388153 0.650131
vt 0.363388 0.651342
vt 0.375965 0.647753
vt 0.385461 0.649091
vt 0.374808 0.647866
vt 0.383557 0.648509
vt 0.373578 0.648049
vt 0.382000 0.648146
vt 0.380641 0.647915
vt 0.385212 0.649874
vt 0.374925 0.648934
vt 0.383333 0.649419
vt 0.373741 0.649078
vt 0.381818 0.649139
vt 0.372455 0.649301
vt 0.380511 0.648962
vt 0.370983 0.649627
vt 0.379320 0.648858
vt 0.369146 0.650133
vt 0.378206 0.648807
vt 0.366531 0.650996
vt 0.377120 0.648801
vt 0.391014 0.651613
vt 0.387920 0.650714
vt 0.363509 0.651681
vt 0.376037 0.648848
vt 0.379263 0.649892
vt 0.369336 0.650899
vt 0.378185 0.649860
vt 0.366679 0.651583
vt 0.377139 0.649863
vt 0.390829 0.651989
vt 0.387728 0.651303
vt 0.363612 0.652046
vt 0.376095 0.649896
vt 0.385016 0.650651
vt 0.375020 0.649964
vt 0.383161 0.650310
vt 0.373876 0.650078
vt 0.381675 0.650103
vt 0.372621 0.650251
vt 0.380417 0.649968
vt 0.371169 0.650507
vt 0.375094 0.650966
vt 0.383036 0.651184
vt 0.373979 0.651052
vt 0.381581 0.651042
vt 0.372746 0.651182
vt 0.380344 0.650949
vt 0.371302 0.651372
vt 0.379223 0.650897
vt 0.369504 0.651661
vt 0.378173 0.650879
vt 0.366788 0.652179
vt 0.377157 0.650888
vt 0.390669 0.652377
vt 0.387575 0.651895
vt 0.363689 0.652438
vt 0.376141 0.650913
vt 0.384870 0.651422
vt 0.369596 0.652425
vt 0.379200 0.651880
vt 0.378170 0.651875
vt 0.366915 0.652769
vt 0.377174 0.651887
vt 0.390536 0.652772
vt 0.387461 0.652487
vt 0.363841 0.653119
vt 0.376177 0.651908
vt 0.384771 0.652188
vt 0.375149 0.651946
vt 0.382952 0.652046
vt 0.374053 0.652009
vt 0.381519 0.651964
vt 0.372839 0.652100
vt 0.380299 0.651908
vt 0.371400 0.652227
vt 0.382907 0.652900
vt 0.375188 0.652914
vt 0.374101 0.652953
vt 0.381488 0.652874
vt 0.372893 0.653009
vt 0.380279 0.652853
vt 0.371466 0.653075
vt 0.379192 0.652848
vt 0.369680 0.653187
vt 0.378175 0.652855
vt 0.366948 0.653369
vt 0.377190 0.652871
vt 0.390516 0.652894
vt 0.387440 0.653087
vt 0.363873 0.653241
vt 0.376205 0.652888
vt 0.384710 0.652953
vt 0.379200 0.653808
vt 0.378187 0.653827
vt 0.366945 0.653976
vt 0.377206 0.653847
vt 0.390547 0.653309
vt 0.387456 0.653695
vt 0.363852 0.653653
vt 0.376225 0.653860
vt 0.384687 0.653718
vt 0.375211 0.653875
vt 0.382899 0.653749
vt 0.374127 0.653892
vt 0.381486 0.653777
vt 0.372919 0.653913
vt 0.380282 0.653791
vt 0.371499 0.653923
vt 0.369698 0.653954
vt 0.375219 0.654836
vt 0.374130 0.654833
vt 0.381514 0.654678
vt 0.372917 0.654820
vt 0.380308 0.654728
vt 0.371494 0.654776
vt 0.379224 0.654767
vt 0.369680 0.654723
vt 0.378208 0.654799
vt 0.366904 0.654587
vt 0.377223 0.654824
vt 0.390560 0.654026
vt 0.387451 0.654304
vt 0.363808 0.654073
vt 0.376237 0.654833
vt 0.384705 0.654485
vt 0.382929 0.654594
vt 0.369617 0.655493
vt 0.366886 0.655198
vt 0.378237 0.655778
vt 0.377241 0.655807
vt 0.390535 0.654438
vt 0.387484 0.654905
vt 0.363775 0.654800
vt 0.376243 0.655814
vt 0.384787 0.655247
vt 0.375213 0.655805
vt 0.382991 0.655440
vt 0.374111 0.655781
vt 0.381573 0.655582
vt 0.372884 0.655733
vt 0.380358 0.655669
vt 0.371453 0.655635
vt 0.379263 0.655732
vt 0.372819 0.656658
vt 0.381665 0.656495
vt 0.380433 0.656622
vt 0.371378 0.656505
vt 0.379321 0.656711
vt 0.369517 0.656265
vt 0.378275 0.656772
vt 0.366774 0.655800
vt 0.377259 0.656807
vt 0.390545 0.654845
vt 0.387554 0.655499
vt 0.363761 0.654926
vt 0.376242 0.656811
vt 0.384908 0.656004
vt 0.375191 0.656790
vt 0.383092 0.656294
vt 0.374069 0.656742
vt 0.390593 0.655241
vt 0.387661 0.656084
vt 0.363626 0.655625
vt 0.366680 0.656407
vt 0.376233 0.657831
vt 0.385049 0.656764
vt 0.375153 0.657797
vt 0.383244 0.657156
vt 0.374002 0.657724
vt 0.381793 0.657423
vt 0.372729 0.657597
vt 0.380536 0.657594
vt 0.371234 0.657384
vt 0.379397 0.657711
vt 0.369392 0.657045
vt 0.378324 0.657789
vt 0.377280 0.657831
vt 0.381960 0.658368
vt 0.380671 0.658591
vt 0.372592 0.658563
vt 0.371073 0.658274
vt 0.379496 0.658741
vt 0.369197 0.657827
vt 0.378385 0.658838
vt 0.366492 0.656994
vt 0.377302 0.658889
vt 0.390640 0.655351
vt 0.387861 0.656648
vt 0.363595 0.655742
vt 0.376217 0.658886
vt 0.385260 0.657519
vt 0.375097 0.658837
vt 0.383431 0.658027
vt 0.373906 0.658736
vt 0.376191 0.659986
vt 0.385507 0.658279
vt 0.375019 0.659919
vt 0.383680 0.658914
vt 0.373777 0.659784
vt 0.382174 0.659339
vt 0.372414 0.659558
vt 0.380843 0.659621
vt 0.370858 0.659185
vt 0.379621 0.659810
vt 0.368951 0.658615
vt 0.378461 0.659932
vt 0.366260 0.657574
vt 0.377328 0.659992
vt 0.390876 0.655964
vt 0.388051 0.657221
vt 0.363416 0.656104
vt 0.372186 0.660590
vt 0.370582 0.660121
vt 0.379779 0.660930
vt 0.368647 0.659408
vt 0.378555 0.661081
vt 0.365984 0.658145
vt 0.377357 0.661154
vt 0.391001 0.656304
vt 0.388285 0.657776
vt 0.363208 0.656448
vt 0.376154 0.661143
vt 0.385813 0.659039
vt 0.374916 0.661055
vt 0.383988 0.659815
vt 0.373610 0.660881
vt 0.382443 0.660340
vt 0.381059 0.660693
vt 0.386208 0.659785
vt 0.374782 0.662260
vt 0.384358 0.660728
vt 0.373395 0.662036
vt 0.382776 0.661376
vt 0.371897 0.661666
vt 0.381329 0.661817
vt 0.370237 0.661082
vt 0.379975 0.662114
vt 0.368271 0.660205
vt 0.378672 0.662302
vt 0.365705 0.658724
vt 0.377391 0.662391
vt 0.391142 0.656611
vt 0.388565 0.658309
vt 0.362894 0.657015
vt 0.376103 0.662375
vt 0.380221 0.663378
vt 0.367826 0.661000
vt 0.378817 0.663614
vt 0.365336 0.659253
vt 0.377430 0.663724
vt 0.391312 0.656881
vt 0.388895 0.658815
vt 0.362822 0.657103
vt 0.376036 0.663700
vt 0.386658 0.660528
vt 0.374609 0.663551
vt 0.384823 0.661665
vt 0.373121 0.663264
vt 0.383190 0.662457
vt 0.371534 0.662795
vt 0.381667 0.663007
vt 0.369809 0.662072
vt 0.374384 0.664951
vt 0.385387 0.662617
vt 0.372772 0.664582
vt 0.383705 0.663589
vt 0.371078 0.663986
vt 0.382091 0.664277
vt 0.369282 0.663091
vt 0.380531 0.664745
vt 0.367291 0.661790
vt 0.379000 0.665042
vt 0.364912 0.659756
vt 0.377478 0.665178
vt 0.391384 0.656947
vt 0.389305 0.659262
vt 0.362556 0.657343
vt 0.375946 0.665145
vt 0.387195 0.661254
vt 0.366648 0.662565
vt 0.380924 0.666239
vt 0.379231 0.666618
vt 0.364461 0.660253
vt 0.377535 0.666790
vt 0.391632 0.657108
vt 0.389767 0.659673
vt 0.362153 0.657703
vt 0.375826 0.666744
vt 0.387835 0.661956
vt 0.374093 0.666488
vt 0.386076 0.663582
vt 0.372323 0.666010
vt 0.384346 0.664777
vt 0.370502 0.665249
vt 0.382626 0.665644
vt 0.368631 0.664139
vt 0.373709 0.668202
vt 0.371742 0.667575
vt 0.385151 0.666027
vt 0.369772 0.666594
vt 0.383308 0.667127
vt 0.367829 0.665208
vt 0.381431 0.667894
vt 0.365889 0.663310
vt 0.379529 0.668386
vt 0.363950 0.660697
vt 0.377605 0.668607
vt 0.391997 0.657315
vt 0.390268 0.660061
vt 0.361938 0.657866
vt 0.375664 0.668542
vt 0.388595 0.662618
vt 0.386917 0.664552
vt 0.363366 0.661051
vt 0.379919 0.670408
vt 0.377693 0.670695
vt 0.392178 0.657391
vt 0.390822 0.660381
vt 0.361853 0.657894
vt 0.375443 0.670603
vt 0.389481 0.663215
vt 0.373196 0.670142
vt 0.387947 0.665506
vt 0.370980 0.669306
vt 0.386172 0.667346
vt 0.368838 0.668026
vt 0.384184 0.668745
vt 0.366838 0.666286
vt 0.382094 0.669758
vt 0.365003 0.664002
vt 0.387456 0.668696
vt 0.367628 0.669548
vt 0.385366 0.670565
vt 0.365610 0.667346
vt 0.382985 0.671903
vt 0.363961 0.664611
vt 0.380439 0.672771
vt 0.362725 0.661331
vt 0.377803 0.673148
vt 0.392334 0.657411
vt 0.391428 0.660618
vt 0.361619 0.657926
vt 0.375136 0.673017
vt 0.390505 0.663713
vt 0.372496 0.672380
vt 0.389204 0.666413
vt 0.369964 0.671242
vt 0.381143 0.675596
vt 0.377946 0.676091
vt 0.392449 0.657384
vt 0.392075 0.660755
vt 0.361427 0.657909
vt 0.362037 0.661518
vt 0.374704 0.675915
vt 0.391672 0.664066
vt 0.371516 0.675025
vt 0.390749 0.667223
vt 0.368583 0.673423
vt 0.389146 0.670095
vt 0.366038 0.671152
vt 0.386912 0.672550
vt 0.364090 0.668339
vt 0.384197 0.674406
vt 0.362749 0.665095
vt 0.363899 0.672816
vt 0.391370 0.671477
vt 0.389017 0.674718
vt 0.362225 0.669168
vt 0.385945 0.677456
vt 0.361361 0.665394
vt 0.382101 0.679079
vt 0.361311 0.661591
vt 0.378130 0.679666
vt 0.392501 0.657324
vt 0.392750 0.660772
vt 0.361296 0.657854
vt 0.374104 0.679500
vt 0.392985 0.664222
vt 0.370074 0.678280
vt 0.392587 0.667814
vt 0.366677 0.675856
vt 0.392983 0.646116
vt 0.392985 0.649770
vt 0.392274 0.646186
vt 0.361886 0.650290
vt 0.361647 0.646823
vt 0.362324 0.646842
vt 0.376427 0.627672
vt 0.373338 0.632068
vt 0.372256 0.628571
vt 0.391587 0.642676
vt 0.392947 0.642406
vt 0.370315 0.633277
vt 0.368646 0.630403
vt 0.392223 0.638627
vt 0.390318 0.639472
vt 0.365496 0.632884
vt 0.367616 0.635114
vt 0.388369 0.636663
vt 0.390420 0.635095
vt 0.365394 0.637502
vt 0.363283 0.636146
vt 0.387878 0.631958
vt 0.385908 0.634407
vt 0.361832 0.639691
vt 0.363723 0.640360
vt 0.383022 0.632768
vt 0.384460 0.629723
vt 0.362734 0.643515
vt 0.361420 0.643354
vt 0.380670 0.628204
vt 0.379883 0.631801
vt 0.376591 0.631559
vt 0.386795 0.638231
vt 0.384508 0.636550
vt 0.367036 0.638908
vt 0.365263 0.641192
vt 0.382009 0.635362
vt 0.363904 0.643883
vt 0.379385 0.634706
vt 0.362975 0.646981
vt 0.376709 0.634562
vt 0.392864 0.649716
vt 0.391599 0.646367
vt 0.361943 0.650233
vt 0.374058 0.634907
vt 0.390396 0.643146
vt 0.371514 0.635753
vt 0.388788 0.640448
vt 0.369148 0.637104
vt 0.374569 0.637273
vt 0.390971 0.646665
vt 0.389345 0.643741
vt 0.372387 0.637889
vt 0.387581 0.641476
vt 0.370289 0.638898
vt 0.385589 0.639730
vt 0.368311 0.640283
vt 0.383479 0.638455
vt 0.366492 0.642104
vt 0.381284 0.637582
vt 0.364938 0.644388
vt 0.379046 0.637116
vt 0.363583 0.647219
vt 0.376798 0.637024
vt 0.392803 0.649723
vt 0.362063 0.650199
vt 0.369314 0.641606
vt 0.367516 0.643069
vt 0.380754 0.639512
vt 0.365821 0.644993
vt 0.378806 0.639172
vt 0.364138 0.647541
vt 0.376869 0.639109
vt 0.392479 0.649778
vt 0.390395 0.647017
vt 0.362221 0.650212
vt 0.374945 0.639297
vt 0.388467 0.644425
vt 0.373038 0.639759
vt 0.386585 0.642537
vt 0.371157 0.640527
vt 0.384652 0.641148
vt 0.382707 0.640166
vt 0.373533 0.641420
vt 0.387729 0.645162
vt 0.385777 0.643591
vt 0.371829 0.642014
vt 0.383918 0.642481
vt 0.370107 0.642865
vt 0.382118 0.641716
vt 0.368351 0.644044
vt 0.380359 0.641218
vt 0.366576 0.645662
vt 0.378631 0.640964
vt 0.364637 0.647929
vt 0.376925 0.640922
vt 0.392230 0.649865
vt 0.389877 0.647427
vt 0.362409 0.650282
vt 0.375230 0.641066
vt 0.367218 0.646372
vt 0.380059 0.642749
vt 0.378501 0.642557
vt 0.365080 0.648370
vt 0.376971 0.642529
vt 0.392153 0.649917
vt 0.389437 0.647917
vt 0.362607 0.650410
vt 0.375450 0.642642
vt 0.387080 0.645925
vt 0.373916 0.642918
vt 0.385136 0.644619
vt 0.372355 0.643384
vt 0.383343 0.643733
vt 0.370740 0.644061
vt 0.381662 0.643134
vt 0.369036 0.645015
vt 0.386561 0.646712
vt 0.384599 0.645630
vt 0.374214 0.644284
vt 0.372775 0.644659
vt 0.382891 0.644914
vt 0.371246 0.645199
vt 0.381304 0.644446
vt 0.369597 0.645972
vt 0.379831 0.644142
vt 0.367753 0.647105
vt 0.378403 0.643998
vt 0.365493 0.648822
vt 0.377009 0.643980
vt 0.391774 0.650262
vt 0.389026 0.648415
vt 0.362982 0.650703
vt 0.375622 0.644069
vt 0.391706 0.650343
vt 0.363061 0.650765
vt 0.337955 0.646912
vt 0.336468 0.648610
vt 0.336097 0.647853
vt 0.346222 0.645321
vt 0.347396 0.646645
vt 0.346165 0.646558
vt 0.333999 0.649867
vt 0.333718 0.649331
vt 0.344966 0.646545
vt 0.344934 0.645314
vt 0.356597 0.648972
vt 0.359437 0.650659
vt 0.356323 0.649556
vt 0.331127 0.651033
vt 0.343768 0.646604
vt 0.343655 0.645384
vt 0.354021 0.647507
vt 0.353664 0.648303
vt 0.342545 0.646744
vt 0.342352 0.645557
vt 0.352073 0.646617
vt 0.351734 0.647577
vt 0.341262 0.646976
vt 0.340997 0.645847
vt 0.350417 0.646041
vt 0.350127 0.647116
vt 0.339877 0.647327
vt 0.339543 0.646282
vt 0.348922 0.645667
vt 0.348704 0.646821
vt 0.338318 0.647837
vt 0.347540 0.645436
vt 0.340133 0.648328
vt 0.338621 0.648737
vt 0.347295 0.647775
vt 0.336795 0.649367
vt 0.346123 0.647715
vt 0.334234 0.650422
vt 0.344993 0.647705
vt 0.359117 0.651252
vt 0.356047 0.650131
vt 0.331282 0.651341
vt 0.343859 0.647753
vt 0.353355 0.649091
vt 0.342702 0.647866
vt 0.351451 0.648509
vt 0.341472 0.648049
vt 0.349894 0.648146
vt 0.348535 0.647915
vt 0.353105 0.649874
vt 0.342819 0.648934
vt 0.351227 0.649419
vt 0.341634 0.649078
vt 0.349712 0.649139
vt 0.340349 0.649301
vt 0.348405 0.648962
vt 0.338877 0.649627
vt 0.347214 0.648858
vt 0.337039 0.650133
vt 0.346100 0.648807
vt 0.334424 0.650996
vt 0.345014 0.648801
vt 0.358908 0.651613
vt 0.355814 0.650714
vt 0.331403 0.651680
vt 0.343931 0.648848
vt 0.347157 0.649892
vt 0.337230 0.650899
vt 0.346078 0.649860
vt 0.334573 0.651582
vt 0.345033 0.649863
vt 0.358722 0.651989
vt 0.355621 0.651303
vt 0.331506 0.652046
vt 0.343989 0.649896
vt 0.352910 0.650651
vt 0.342914 0.649964
vt 0.351055 0.650310
vt 0.341770 0.650078
vt 0.349569 0.650103
vt 0.340514 0.650251
vt 0.348310 0.649968
vt 0.339063 0.650507
vt 0.342988 0.650966
vt 0.350930 0.651184
vt 0.341872 0.651052
vt 0.349475 0.651042
vt 0.340640 0.651182
vt 0.348238 0.650949
vt 0.339196 0.651372
vt 0.347117 0.650897
vt 0.337397 0.651661
vt 0.346067 0.650879
vt 0.334682 0.652179
vt 0.345051 0.650888
vt 0.358563 0.652377
vt 0.355469 0.651895
vt 0.331582 0.652438
vt 0.344035 0.650913
vt 0.352764 0.651422
vt 0.337490 0.652425
vt 0.347093 0.651880
vt 0.346064 0.651875
vt 0.334808 0.652769
vt 0.345067 0.651887
vt 0.358430 0.652772
vt 0.355355 0.652487
vt 0.331735 0.653119
vt 0.344071 0.651908
vt 0.352664 0.652188
vt 0.343043 0.651946
vt 0.350846 0.652046
vt 0.341947 0.652009
vt 0.349413 0.651964
vt 0.340733 0.652100
vt 0.348193 0.651908
vt 0.339294 0.652227
vt 0.350801 0.652900
vt 0.343082 0.652914
vt 0.341995 0.652953
vt 0.349381 0.652874
vt 0.340787 0.653009
vt 0.348173 0.652853
vt 0.339359 0.653075
vt 0.347086 0.652848
vt 0.337574 0.653187
vt 0.346069 0.652855
vt 0.334842 0.653369
vt 0.345084 0.652871
vt 0.358410 0.652894
vt 0.355334 0.653087
vt 0.331767 0.653241
vt 0.344099 0.652888
vt 0.352604 0.652953
vt 0.347094 0.653808
vt 0.346081 0.653827
vt 0.334838 0.653975
vt 0.345100 0.653847
vt 0.358441 0.653309
vt 0.355350 0.653695
vt 0.331746 0.653653
vt 0.344119 0.653860
vt 0.352581 0.653718
vt 0.343105 0.653875
vt 0.350792 0.653749
vt 0.342021 0.653892
vt 0.349380 0.653777
vt 0.340813 0.653913
vt 0.348176 0.653791
vt 0.339393 0.653923
vt 0.337592 0.653954
vt 0.343113 0.654836
vt 0.342024 0.654833
vt 0.349408 0.654678
vt 0.340810 0.654820
vt 0.348202 0.654728
vt 0.339388 0.654776
vt 0.347117 0.654767
vt 0.337574 0.654723
vt 0.346102 0.654799
vt 0.334798 0.654586
vt 0.345117 0.654824
vt 0.358454 0.654026
vt 0.355345 0.654304
vt 0.331702 0.654073
vt 0.344131 0.654833
vt 0.352599 0.654485
vt 0.350822 0.654594
vt 0.337511 0.655493
vt 0.334779 0.655198
vt 0.346130 0.655778
vt 0.345134 0.655807
vt 0.358429 0.654438
vt 0.355378 0.654905
vt 0.331668 0.654800
vt 0.344137 0.655814
vt 0.352681 0.655247
vt 0.343106 0.655805
vt 0.350885 0.655440
vt 0.342005 0.655781
vt 0.349467 0.655582
vt 0.340778 0.655733
vt 0.348252 0.655669
vt 0.339347 0.655635
vt 0.347157 0.655732
vt 0.340713 0.656658
vt 0.349559 0.656495
vt 0.348327 0.656622
vt 0.339272 0.656505
vt 0.347214 0.656711
vt 0.337411 0.656265
vt 0.346169 0.656771
vt 0.334667 0.655800
vt 0.345153 0.656807
vt 0.358439 0.654845
vt 0.355447 0.655499
vt 0.331655 0.654926
vt 0.344136 0.656811
vt 0.352802 0.656004
vt 0.343085 0.656790
vt 0.350986 0.656294
vt 0.341962 0.656742
vt 0.358487 0.655241
vt 0.355555 0.656084
vt 0.331520 0.655625
vt 0.334574 0.656407
vt 0.344127 0.657831
vt 0.352943 0.656764
vt 0.343047 0.657797
vt 0.351137 0.657156
vt 0.341896 0.657724
vt 0.349686 0.657423
vt 0.340623 0.657597
vt 0.348430 0.657594
vt 0.339127 0.657384
vt 0.347291 0.657711
vt 0.337285 0.657045
vt 0.346218 0.657789
vt 0.345174 0.657831
vt 0.349854 0.658368
vt 0.348565 0.658591
vt 0.340486 0.658563
vt 0.338967 0.658274
vt 0.347390 0.658741
vt 0.337091 0.657826
vt 0.346279 0.658838
vt 0.334386 0.656994
vt 0.345196 0.658889
vt 0.358534 0.655351
vt 0.355754 0.656648
vt 0.331489 0.655742
vt 0.344110 0.658886
vt 0.353154 0.657519
vt 0.342990 0.658837
vt 0.351325 0.658027
vt 0.341800 0.658736
vt 0.344084 0.659986
vt 0.353401 0.658279
vt 0.342913 0.659919
vt 0.351574 0.658914
vt 0.341671 0.659784
vt 0.350068 0.659339
vt 0.340308 0.659558
vt 0.348737 0.659621
vt 0.338751 0.659185
vt 0.347515 0.659810
vt 0.336845 0.658615
vt 0.346355 0.659932
vt 0.334154 0.657574
vt 0.345222 0.659992
vt 0.358770 0.655964
vt 0.355945 0.657221
vt 0.331310 0.656104
vt 0.340080 0.660590
vt 0.338476 0.660121
vt 0.347672 0.660930
vt 0.336541 0.659408
vt 0.346449 0.661081
vt 0.333878 0.658145
vt 0.345251 0.661154
vt 0.358895 0.656304
vt 0.356179 0.657776
vt 0.331102 0.656448
vt 0.344047 0.661143
vt 0.353707 0.659039
vt 0.342810 0.661055
vt 0.351882 0.659815
vt 0.341503 0.660881
vt 0.350336 0.660340
vt 0.348953 0.660693
vt 0.354102 0.659785
vt 0.342676 0.662260
vt 0.352252 0.660728
vt 0.341289 0.662036
vt 0.350669 0.661376
vt 0.339791 0.661666
vt 0.349223 0.661817
vt 0.338130 0.661082
vt 0.347869 0.662114
vt 0.336165 0.660205
vt 0.346566 0.662302
vt 0.333599 0.658724
vt 0.345284 0.662391
vt 0.359036 0.656611
vt 0.356459 0.658309
vt 0.330788 0.657015
vt 0.343997 0.662375
vt 0.348115 0.663378
vt 0.335720 0.661000
vt 0.346711 0.663614
vt 0.333230 0.659253
vt 0.345324 0.663724
vt 0.359205 0.656881
vt 0.356789 0.658815
vt 0.330716 0.657103
vt 0.343929 0.663700
vt 0.354552 0.660528
vt 0.342502 0.663551
vt 0.352716 0.661665
vt 0.341015 0.663264
vt 0.351084 0.662457
vt 0.339428 0.662795
vt 0.349561 0.663007
vt 0.337703 0.662072
vt 0.342278 0.664951
vt 0.353281 0.662617
vt 0.340665 0.664582
vt 0.351598 0.663588
vt 0.338972 0.663986
vt 0.349985 0.664277
vt 0.337175 0.663091
vt 0.348424 0.664745
vt 0.335185 0.661790
vt 0.346893 0.665042
vt 0.332806 0.659756
vt 0.345372 0.665178
vt 0.359277 0.656947
vt 0.357199 0.659262
vt 0.330450 0.657343
vt 0.343839 0.665145
vt 0.355088 0.661254
vt 0.334542 0.662565
vt 0.348818 0.666239
vt 0.347125 0.666618
vt 0.332355 0.660253
vt 0.345429 0.666790
vt 0.359526 0.657108
vt 0.357661 0.659673
vt 0.330047 0.657703
vt 0.343719 0.666744
vt 0.355728 0.661956
vt 0.341986 0.666488
vt 0.353969 0.663582
vt 0.340217 0.666010
vt 0.352240 0.664777
vt 0.338396 0.665249
vt 0.350520 0.665644
vt 0.336525 0.664139
vt 0.341602 0.668202
vt 0.339636 0.667575
vt 0.353044 0.666027
vt 0.337666 0.666594
vt 0.351201 0.667127
vt 0.335722 0.665208
vt 0.349325 0.667894
vt 0.333783 0.663310
vt 0.347422 0.668386
vt 0.331844 0.660697
vt 0.345499 0.668607
vt 0.359890 0.657315
vt 0.358161 0.660061
vt 0.329832 0.657866
vt 0.343558 0.668542
vt 0.356488 0.662618
vt 0.354811 0.664552
vt 0.331259 0.661051
vt 0.347812 0.670408
vt 0.345587 0.670695
vt 0.360072 0.657391
vt 0.358716 0.660381
vt 0.329747 0.657894
vt 0.343337 0.670603
vt 0.357374 0.663215
vt 0.341089 0.670142
vt 0.355841 0.665506
vt 0.338874 0.669306
vt 0.354066 0.667346
vt 0.336731 0.668026
vt 0.352078 0.668745
vt 0.334731 0.666286
vt 0.349987 0.669758
vt 0.332897 0.664002
vt 0.355350 0.668696
vt 0.335521 0.669548
vt 0.353259 0.670565
vt 0.333504 0.667346
vt 0.350879 0.671903
vt 0.331855 0.664611
vt 0.348333 0.672771
vt 0.330619 0.661330
vt 0.345697 0.673148
vt 0.360228 0.657411
vt 0.359322 0.660618
vt 0.329513 0.657926
vt 0.343029 0.673017
vt 0.358398 0.663713
vt 0.340390 0.672380
vt 0.357098 0.666413
vt 0.337858 0.671242
vt 0.349037 0.675596
vt 0.345839 0.676091
vt 0.360343 0.657384
vt 0.359969 0.660755
vt 0.329321 0.657909
vt 0.329930 0.661517
vt 0.342598 0.675915
vt 0.359565 0.664066
vt 0.339410 0.675025
vt 0.358643 0.667223
vt 0.336477 0.673423
vt 0.357040 0.670095
vt 0.333932 0.671152
vt 0.354806 0.672550
vt 0.331984 0.668339
vt 0.352091 0.674406
vt 0.330643 0.665095
vt 0.331793 0.672816
vt 0.359264 0.671477
vt 0.356911 0.674718
vt 0.330119 0.669168
vt 0.353838 0.677456
vt 0.329255 0.665394
vt 0.349995 0.679079
vt 0.329205 0.661591
vt 0.346024 0.679666
vt 0.360395 0.657324
vt 0.360643 0.660772
vt 0.329190 0.657854
vt 0.341997 0.679500
vt 0.360879 0.664222
vt 0.337967 0.678280
vt 0.360481 0.667814
vt 0.334571 0.675856
vt 0.360877 0.646116
vt 0.360879 0.649770
vt 0.360168 0.646186
vt 0.329780 0.650290
vt 0.329540 0.646823
vt 0.330218 0.646842
vt 0.344321 0.627672
vt 0.341232 0.632068
vt 0.340149 0.628571
vt 0.359481 0.642676
vt 0.360841 0.642406
vt 0.338209 0.633276
vt 0.336540 0.630403
vt 0.360117 0.638627
vt 0.358212 0.639472
vt 0.333390 0.632884
vt 0.335510 0.635114
vt 0.356263 0.636663
vt 0.358313 0.635095
vt 0.333288 0.637502
vt 0.331177 0.636146
vt 0.355772 0.631958
vt 0.353802 0.634407
vt 0.329726 0.639691
vt 0.331617 0.640359
vt 0.350916 0.632768
vt 0.352354 0.629723
vt 0.330628 0.643515
vt 0.329314 0.643354
vt 0.348563 0.628204
vt 0.347777 0.631801
vt 0.344484 0.631559
vt 0.354689 0.638231
vt 0.352402 0.636550
vt 0.334930 0.638908
vt 0.333157 0.641192
vt 0.349903 0.635362
vt 0.331798 0.643883
vt 0.347279 0.634705
vt 0.330869 0.646981
vt 0.344602 0.634562
vt 0.360757 0.649716
vt 0.359493 0.646367
vt 0.329837 0.650233
vt 0.341952 0.634907
vt 0.358290 0.643146
vt 0.339408 0.635753
vt 0.356682 0.640448
vt 0.337041 0.637104
vt 0.342462 0.637273
vt 0.358865 0.646665
vt 0.357238 0.643741
vt 0.340281 0.637889
vt 0.355475 0.641476
vt 0.338183 0.638898
vt 0.353483 0.639730
vt 0.336205 0.640283
vt 0.351373 0.638455
vt 0.334386 0.642104
vt 0.349178 0.637582
vt 0.332832 0.644388
vt 0.346940 0.637116
vt 0.331477 0.647219
vt 0.344692 0.637024
vt 0.360696 0.649723
vt 0.329957 0.650199
vt 0.337208 0.641606
vt 0.335410 0.643069
vt 0.348648 0.639512
vt 0.333715 0.644993
vt 0.346700 0.639172
vt 0.332032 0.647541
vt 0.344763 0.639109
vt 0.360373 0.649778
vt 0.358289 0.647017
vt 0.330115 0.650212
vt 0.342839 0.639297
vt 0.356361 0.644425
vt 0.340932 0.639759
vt 0.354479 0.642537
vt 0.339051 0.640526
vt 0.352545 0.641148
vt 0.350601 0.640166
vt 0.341427 0.641420
vt 0.355623 0.645162
vt 0.353671 0.643591
vt 0.339722 0.642014
vt 0.351812 0.642481
vt 0.338001 0.642865
vt 0.350011 0.641716
vt 0.336245 0.644044
vt 0.348252 0.641218
vt 0.334470 0.645662
vt 0.346525 0.640964
vt 0.332531 0.647928
vt 0.344819 0.640922
vt 0.360124 0.649865
vt 0.357771 0.647427
vt 0.330302 0.650282
vt 0.343123 0.641066
vt 0.335112 0.646372
vt 0.347953 0.642749
vt 0.346395 0.642557
vt 0.332974 0.648370
vt 0.344865 0.642529
vt 0.360047 0.649917
vt 0.357331 0.647917
vt 0.330501 0.650410
vt 0.343344 0.642642
vt 0.354974 0.645925
vt 0.341810 0.642918
vt 0.353030 0.644619
vt 0.340249 0.643384
vt 0.351237 0.643733
vt 0.338634 0.644061
vt 0.349556 0.643134
vt 0.336929 0.645015
vt 0.354455 0.646712
vt 0.352492 0.645630
vt 0.342108 0.644284
vt 0.340669 0.644659
vt 0.350784 0.644914
vt 0.339140 0.645199
vt 0.349198 0.644446
vt 0.337491 0.645972
vt 0.347725 0.644142
vt 0.335647 0.647104
vt 0.346297 0.643998
vt 0.333387 0.648822
vt 0.344903 0.643980
vt 0.359668 0.650262
vt 0.356920 0.648415
vt 0.330876 0.650703
vt 0.343516 0.644069
vt 0.359600 0.650343
vt 0.330955 0.650765
vt 0.000209 0.457434
vt 0.502862 0.441661
vt 0.250801 0.063661
vt 0.434619 0.610065
vt 0.961035 0.990753
vt 0.069741 0.023638
s 0
usemtl マテリアル
f 35/1/1 23/2/1 21/3/1
f 43/4/2 4/5/2 9/6/2
f 73/7/3 80/8/3 83/9/3
f 16/10/4 7/11/4 20/12/4
f 20/12/4 9/13/4 22/14/4
f 41/15/5 39/16/6 37/17/7
f 11/18/8 8/19/9 13/20/10
f 10/21/11 5/22/11 1/23/11
f 87/24/12 77/25/12 86/26/12
f 20/12/4 31/27/4 30/28/4
f 70/29/13 80/8/13 69/30/13
f 90/31/1 78/32/1 87/24/1
f 16/10/4 30/28/4 26/33/4
f 17/34/4 6/35/4 3/36/4
f 60/37/3 69/30/3 73/7/3
f 42/38/14 3/39/15 38/40/16
f 112/41/12 118/42/12 114/43/12
f 41/15/17 36/44/17 40/45/17
f 59/46/18 95/47/18 96/48/18
f 35/1/19 15/49/19 34/50/19
f 27/51/4 19/52/4 17/34/4
f 8/19/20 23/2/21 13/20/22
f 11/18/23 1/23/23 2/53/23
f 29/54/24 49/55/24 53/56/24
f 4/5/25 10/21/25 11/18/25
f 38/40/26 49/55/27 42/38/28
f 2/53/13 14/57/13 15/49/13
f 47/58/29 37/17/29 39/16/29
f 38/40/30 40/45/30 36/44/30
f 93/59/31 99/60/31 91/61/31
f 102/62/29 92/63/29 100/64/29
f 100/64/4 105/65/4 109/66/4
f 55/67/32 48/68/32 52/69/32
f 108/70/33 46/71/33 106/72/33
f 96/48/34 91/61/34 92/63/34
f 4/5/2 13/20/2 9/73/2
f 93/59/35 104/74/36 101/75/37
f 22/76/12 43/4/12 9/6/12
f 67/77/24 74/78/24 61/79/24
f 37/17/4 44/80/4 36/44/4
f 66/81/38 56/82/38 65/83/38
f 67/77/39 58/84/40 65/83/41
f 68/85/42 57/86/43 59/46/44
f 5/22/45 24/87/46 18/88/47
f 71/89/13 62/90/13 59/91/13
f 75/92/4 64/93/4 62/90/4
f 78/32/48 63/94/49 68/85/50
f 98/95/12 77/96/12 64/97/12
f 60/37/51 65/83/51 56/82/51
f 83/9/46 24/87/46 88/98/46
f 86/99/4 75/92/4 85/100/4
f 114/101/13 111/102/13 112/103/13
f 85/100/4 71/89/4 81/104/4
f 61/105/4 72/106/4 58/107/4
f 18/88/3 25/108/3 14/57/3
f 12/109/24 19/110/24 24/87/24
f 15/49/13 25/108/13 34/50/13
f 130/111/52 135/112/52 128/113/52
f 128/114/12 134/115/12 130/116/12
f 90/31/19 70/29/19 76/117/19
f 74/118/4 82/119/4 72/106/4
f 84/120/24 104/74/24 74/121/24
f 112/122/18 115/123/18 116/124/18
f 45/125/4 50/126/4 44/80/4
f 61/127/53 97/128/54 95/47/55
f 96/48/56 98/95/57 64/97/58
f 101/75/31 105/65/31 99/60/31
f 48/68/59 39/16/60 43/4/61
f 52/69/12 22/76/12 31/129/12
f 95/47/62 93/59/62 91/61/62
f 13/20/12 22/130/12 9/73/12
f 107/131/12 77/96/12 103/132/12
f 110/133/32 103/132/32 102/62/32
f 116/124/4 117/134/4 118/42/4
f 84/135/24 79/136/24 88/98/24
f 92/63/4 99/60/4 100/64/4
f 77/25/12 68/85/12 64/137/12
f 55/67/29 45/125/29 47/58/29
f 110/133/29 100/64/29 109/66/29
f 12/109/63 10/21/64 6/138/65
f 94/139/66 103/132/67 98/95/68
f 38/40/31 44/80/31 46/71/31
f 60/37/69 79/136/70 67/77/71
f 29/140/24 24/87/24 19/110/24
f 16/10/13 4/141/13 7/11/13
f 20/12/4 7/11/4 9/13/4
f 20/12/4 22/14/4 31/27/4
f 16/10/4 20/12/4 30/28/4
f 17/34/4 19/52/4 6/35/4
f 9/142/4 7/143/4 4/144/4
f 27/51/4 29/145/4 19/52/4
f 42/38/24 19/146/24 6/147/24
f 71/89/4 75/92/4 62/90/4
f 75/92/4 77/148/4 64/93/4
f 86/99/4 77/148/4 75/92/4
f 85/100/4 75/92/4 71/89/4
f 61/105/4 74/118/4 72/106/4
f 59/149/4 62/150/4 64/151/4
f 74/118/4 84/152/4 82/119/4
f 96/48/72 92/63/72 94/139/72
f 59/46/18 65/83/18 58/84/18
f 46/71/73 51/153/73 106/72/73
f 97/128/24 74/121/24 104/74/24
f 108/70/73 53/56/73 49/55/73
f 24/87/74 33/154/75 88/98/18
f 83/9/73 28/155/73 18/88/73
f 122/156/13 119/157/13 120/158/13
f 120/159/12 126/160/12 122/161/12
f 124/162/4 125/163/4 126/160/4
f 57/86/13 69/30/13 56/82/13
f 117/134/24 111/164/24 113/165/24
f 118/42/25 113/166/25 114/101/25
f 117/134/24 115/123/24 111/164/24
f 120/167/18 123/168/18 124/162/18
f 21/3/19 2/53/19 15/49/19
f 46/71/31 50/126/31 51/153/31
f 76/117/19 57/86/19 63/94/19
f 125/163/24 119/169/24 121/170/24
f 126/160/25 121/171/25 122/156/25
f 125/163/24 123/168/24 119/169/24
f 5/22/3 14/57/3 1/23/3
f 132/172/76 137/173/76 134/115/76
f 128/174/77 138/175/77 132/172/77
f 32/176/12 22/130/12 23/2/12
f 133/177/24 127/178/24 129/179/24
f 134/115/78 136/180/78 130/111/78
f 138/175/18 127/181/18 131/182/18
f 137/173/4 131/182/4 133/177/4
f 136/180/25 133/177/25 129/183/25
f 135/112/13 129/183/13 127/184/13
f 133/177/24 131/182/24 127/178/24
f 138/175/18 135/185/18 127/181/18
f 137/173/4 138/175/4 131/182/4
f 136/180/25 137/173/25 133/177/25
f 135/112/13 136/180/13 129/183/13
f 618/186/79 158/187/79 619/188/79
f 141/189/80 150/190/80 151/191/80
f 619/188/81 159/192/81 620/193/81
f 141/189/82 152/194/82 142/195/82
f 612/196/83 220/197/83 145/198/83
f 446/199/84 620/193/84 159/192/84
f 142/195/85 153/200/85 143/201/85
f 613/202/86 145/198/86 146/203/86
f 143/201/87 154/204/87 616/205/87
f 139/206/88 146/203/88 147/207/88
f 616/205/89 155/208/89 144/209/89
f 614/210/90 147/207/90 148/211/90
f 144/209/91 156/212/91 617/213/91
f 140/214/92 148/211/92 149/215/92
f 617/213/93 157/216/93 618/186/93
f 615/217/94 149/215/94 150/190/94
f 157/216/95 171/218/95 172/219/95
f 149/215/96 165/220/96 150/190/96
f 158/187/97 172/219/97 173/221/97
f 151/191/98 165/220/98 166/222/98
f 158/187/99 174/223/99 159/192/99
f 151/191/100 167/224/100 152/194/100
f 145/198/101 220/225/101 160/226/101
f 446/227/102 159/192/102 174/223/102
f 152/194/103 168/228/103 153/200/103
f 145/198/104 161/229/104 146/203/104
f 153/200/105 169/230/105 154/204/105
f 146/203/106 162/231/106 147/207/106
f 154/204/107 170/232/107 155/208/107
f 147/207/108 163/233/108 148/211/108
f 155/208/109 171/218/109 156/212/109
f 148/211/110 164/234/110 149/215/110
f 160/226/111 176/235/111 161/229/111
f 168/228/112 184/236/112 169/230/112
f 161/229/113 177/237/113 162/231/113
f 170/232/114 184/236/114 185/238/114
f 162/231/115 178/239/115 163/233/115
f 171/218/116 185/238/116 186/240/116
f 163/233/117 179/241/117 164/234/117
f 172/219/118 186/240/118 187/242/118
f 164/234/119 180/243/119 165/220/119
f 172/219/120 188/244/120 173/221/120
f 165/220/121 181/245/121 166/222/121
f 173/221/122 189/246/122 174/223/122
f 166/222/123 182/247/123 167/224/123
f 160/226/124 220/248/124 175/249/124
f 446/250/125 174/223/125 189/246/125
f 168/228/126 182/247/126 183/251/126
f 179/241/127 195/252/127 180/243/127
f 187/242/128 203/253/128 188/244/128
f 181/245/129 195/252/129 196/254/129
f 188/244/130 204/255/130 189/246/130
f 182/247/131 196/254/131 197/256/131
f 175/249/132 220/257/132 190/258/132
f 446/259/133 189/246/133 204/255/133
f 182/247/134 198/260/134 183/251/134
f 175/249/135 191/261/135 176/235/135
f 183/251/136 199/262/136 184/236/136
f 176/235/137 192/263/137 177/237/137
f 185/238/138 199/262/138 200/264/138
f 177/237/139 193/265/139 178/239/139
f 185/238/140 201/266/140 186/240/140
f 178/239/141 194/267/141 179/241/141
f 186/240/142 202/268/142 187/242/142
f 198/260/143 214/269/143 199/262/143
f 191/261/144 207/270/144 192/263/144
f 200/264/145 214/269/145 215/271/145
f 192/263/146 208/272/146 193/265/146
f 200/264/147 216/273/147 201/266/147
f 194/267/148 208/272/148 209/274/148
f 201/266/149 217/275/149 202/268/149
f 194/267/150 210/276/150 195/252/150
f 203/253/151 217/275/151 218/277/151
f 196/254/152 210/276/152 211/278/152
f 203/253/153 219/279/153 204/255/153
f 197/256/154 211/278/154 212/280/154
f 190/258/155 220/281/155 205/282/155
f 446/283/156 204/255/156 219/279/156
f 197/256/157 213/284/157 198/260/157
f 190/258/158 206/285/158 191/261/158
f 217/275/159 234/286/159 218/277/159
f 211/278/160 226/287/160 227/288/160
f 219/279/161 234/286/161 235/289/161
f 212/280/162 227/288/162 228/290/162
f 205/282/163 220/291/163 221/292/163
f 446/293/164 219/279/164 235/289/164
f 212/280/165 229/294/165 213/284/165
f 205/282/166 222/295/166 206/285/166
f 213/284/167 230/296/167 214/269/167
f 206/285/168 223/297/168 207/270/168
f 215/271/169 230/296/169 231/298/169
f 207/270/170 224/299/170 208/272/170
f 215/271/171 232/300/171 216/273/171
f 209/274/172 224/299/172 225/301/172
f 216/273/173 233/302/173 217/275/173
f 209/274/174 226/287/174 210/276/174
f 222/295/175 238/303/175 223/297/175
f 231/298/176 245/304/176 246/305/176
f 223/297/177 239/306/177 224/299/177
f 231/298/178 247/307/178 232/300/178
f 225/301/179 239/306/179 240/308/179
f 233/302/180 247/307/180 248/309/180
f 225/301/181 241/310/181 226/287/181
f 234/286/182 248/309/182 249/311/182
f 227/288/183 241/310/183 242/312/183
f 234/286/184 250/313/184 235/289/184
f 228/290/185 242/312/185 243/314/185
f 221/292/186 220/315/186 236/316/186
f 446/317/187 235/289/187 250/313/187
f 228/290/188 244/318/188 229/294/188
f 222/295/189 236/316/189 237/319/189
f 229/294/190 245/304/190 230/296/190
f 242/312/191 256/320/191 257/321/191
f 249/311/192 265/322/192 250/313/192
f 243/314/193 257/321/193 258/323/193
f 236/316/194 220/324/194 251/325/194
f 446/326/195 250/313/195 265/322/195
f 243/314/196 259/327/196 244/318/196
f 237/319/197 251/325/197 252/328/197
f 244/318/198 260/329/198 245/304/198
f 237/319/199 253/330/199 238/303/199
f 246/305/200 260/329/200 261/331/200
f 238/303/201 254/332/201 239/306/201
f 246/305/202 262/333/202 247/307/202
f 240/308/203 254/332/203 255/334/203
f 248/309/204 262/333/204 263/335/204
f 240/308/205 256/320/205 241/310/205
f 248/309/206 264/336/206 249/311/206
f 261/331/207 275/337/207 276/338/207
f 253/330/208 269/339/208 254/332/208
f 261/331/209 277/340/209 262/333/209
f 255/334/210 269/339/210 270/341/210
f 263/335/211 277/340/211 278/342/211
f 255/334/212 271/343/212 256/320/212
f 263/335/213 279/344/213 264/336/213
f 257/321/214 271/343/214 272/345/214
f 264/336/215 280/346/215 265/322/215
f 258/323/216 272/345/216 273/347/216
f 251/325/217 220/348/217 266/349/217
f 446/350/218 265/322/218 280/346/218
f 258/323/219 274/351/219 259/327/219
f 251/325/220 267/352/220 252/328/220
f 259/327/221 275/337/221 260/329/221
f 252/328/222 268/353/222 253/330/222
f 280/346/223 294/354/223 295/355/223
f 273/347/224 287/356/224 288/357/224
f 266/349/225 220/358/225 281/359/225
f 446/360/226 280/346/226 295/355/226
f 273/347/227 289/361/227 274/351/227
f 266/349/228 282/362/228 267/352/228
f 274/351/229 290/363/229 275/337/229
f 268/353/230 282/362/230 283/364/230
f 276/338/231 290/363/231 291/365/231
f 268/353/232 284/366/232 269/339/232
f 276/338/233 292/367/233 277/340/233
f 270/341/234 284/366/234 285/368/234
f 278/342/235 292/367/235 293/369/235
f 270/341/236 286/370/236 271/343/236
f 278/342/237 294/354/237 279/344/237
f 272/345/238 286/370/238 287/356/238
f 291/365/239 307/371/239 292/367/239
f 285/368/240 299/372/240 300/373/240
f 293/369/241 307/371/241 308/374/241
f 285/368/242 301/375/242 286/370/242
f 293/369/243 309/376/243 294/354/243
f 287/356/244 301/375/244 302/377/244
f 294/354/245 310/378/245 295/355/245
f 288/357/246 302/377/246 303/379/246
f 281/359/247 220/380/247 296/381/247
f 446/382/248 295/355/248 310/378/248
f 288/357/249 304/383/249 289/361/249
f 281/359/250 297/384/250 282/362/250
f 289/361/251 305/385/251 290/363/251
f 283/364/252 297/384/252 298/386/252
f 291/365/253 305/385/253 306/387/253
f 283/364/254 299/372/254 284/366/254
f 296/381/255 220/388/255 311/389/255
f 446/390/256 310/378/256 325/391/256
f 303/379/257 319/392/257 304/383/257
f 296/381/258 312/393/258 297/384/258
f 304/383/259 320/394/259 305/385/259
f 297/384/260 313/395/260 298/386/260
f 306/387/261 320/394/261 321/396/261
f 298/386/262 314/397/262 299/372/262
f 306/387/263 322/398/263 307/371/263
f 300/373/264 314/397/264 315/399/264
f 307/371/265 323/400/265 308/374/265
f 300/373/266 316/401/266 301/375/266
f 309/376/267 323/400/267 324/402/267
f 302/377/268 316/401/268 317/403/268
f 310/378/269 324/402/269 325/391/269
f 303/379/270 317/403/270 318/404/270
f 315/399/271 329/405/271 330/406/271
f 323/400/272 337/407/272 338/408/272
f 315/399/273 331/409/273 316/401/273
f 323/400/274 339/410/274 324/402/274
f 317/403/275 331/409/275 332/411/275
f 324/402/276 340/412/276 325/391/276
f 318/404/277 332/411/277 333/413/277
f 311/389/278 220/414/278 326/415/278
f 446/416/279 325/391/279 340/412/279
f 318/404/280 334/417/280 319/392/280
f 312/393/281 326/415/281 327/418/281
f 319/392/282 335/419/282 320/394/282
f 313/395/283 327/418/283 328/420/283
f 321/396/284 335/419/284 336/421/284
f 313/395/285 329/405/285 314/397/285
f 321/396/286 337/407/286 322/398/286
f 333/413/287 349/422/287 334/417/287
f 326/415/288 342/423/288 327/418/288
f 334/417/289 350/424/289 335/419/289
f 327/418/290 343/425/290 328/420/290
f 336/421/291 350/424/291 351/426/291
f 328/420/292 344/427/292 329/405/292
f 336/421/293 352/428/293 337/407/293
f 330/406/294 344/427/294 345/429/294
f 338/408/295 352/428/295 353/430/295
f 330/406/296 346/431/296 331/409/296
f 338/408/297 354/432/297 339/410/297
f 332/411/298 346/431/298 347/433/298
f 339/410/299 355/434/299 340/412/299
f 333/413/300 347/433/300 348/435/300
f 326/415/301 220/436/301 341/437/301
f 446/438/302 340/412/302 355/434/302
f 353/430/303 367/439/303 368/440/303
f 345/429/304 361/441/304 346/431/304
f 353/430/305 369/442/305 354/432/305
f 347/433/306 361/441/306 362/443/306
f 354/432/307 370/444/307 355/434/307
f 348/435/308 362/443/308 363/445/308
f 341/437/309 220/446/309 356/447/309
f 446/448/310 355/434/310 370/444/310
f 348/435/311 364/449/311 349/422/311
f 341/437/312 357/450/312 342/423/312
f 349/422/313 365/451/313 350/424/313
f 342/423/314 358/452/314 343/425/314
f 351/426/315 365/451/315 366/453/315
f 343/425/316 359/454/316 344/427/316
f 351/426/317 367/439/317 352/428/317
f 345/429/318 359/454/318 360/455/318
f 356/447/319 372/456/319 357/450/319
f 364/449/320 380/457/320 365/451/320
f 358/452/321 372/456/321 373/458/321
f 366/453/322 380/457/322 381/459/322
f 358/452/323 374/460/323 359/454/323
f 366/453/324 382/461/324 367/439/324
f 360/455/325 374/460/325 375/462/325
f 368/440/326 382/461/326 383/463/326
f 360/455/327 376/464/327 361/441/327
f 368/440/328 384/465/328 369/442/328
f 362/443/329 376/464/329 377/466/329
f 370/444/330 384/465/330 385/467/330
f 363/445/331 377/466/331 378/468/331
f 356/447/332 220/469/332 371/470/332
f 446/471/333 370/444/333 385/467/333
f 363/445/334 379/472/334 364/449/334
f 375/462/335 391/473/335 376/464/335
f 383/463/336 399/474/336 384/465/336
f 377/466/337 391/473/337 392/475/337
f 384/465/338 400/476/338 385/467/338
f 378/468/339 392/475/339 393/477/339
f 371/470/340 220/478/340 386/479/340
f 446/480/341 385/467/341 400/476/341
f 378/468/342 394/481/342 379/472/342
f 371/470/343 387/482/343 372/456/343
f 379/472/344 395/483/344 380/457/344
f 372/456/345 388/484/345 373/458/345
f 381/459/346 395/483/346 396/485/346
f 373/458/347 389/486/347 374/460/347
f 381/459/348 397/487/348 382/461/348
f 375/462/349 389/486/349 390/488/349
f 383/463/350 397/487/350 398/489/350
f 394/481/351 410/490/351 395/483/351
f 387/482/352 403/491/352 388/484/352
f 396/485/353 410/490/353 411/492/353
f 388/484/354 404/493/354 389/486/354
f 396/485/355 412/494/355 397/487/355
f 390/488/356 404/493/356 405/495/356
f 398/489/357 412/494/357 413/496/357
f 390/488/358 406/497/358 391/473/358
f 398/489/359 414/498/359 399/474/359
f 392/475/360 406/497/360 407/499/360
f 399/474/361 415/500/361 400/476/361
f 393/477/362 407/499/362 408/501/362
f 386/479/363 220/502/363 401/503/363
f 446/504/364 400/476/364 415/500/364
f 393/477/365 409/505/365 394/481/365
f 387/482/366 401/503/366 402/506/366
f 413/496/367 429/507/367 414/498/367
f 407/499/368 421/508/368 422/509/368
f 415/500/369 429/507/369 430/510/369
f 408/501/370 422/509/370 423/511/370
f 401/503/371 220/512/371 416/513/371
f 446/514/372 415/500/372 430/510/372
f 408/501/373 424/515/373 409/505/373
f 402/506/374 416/513/374 417/516/374
f 409/505/375 425/517/375 410/490/375
f 402/506/376 418/518/376 403/491/376
f 411/492/377 425/517/377 426/519/377
f 403/491/378 419/520/378 404/493/378
f 411/492/379 427/521/379 412/494/379
f 405/495/380 419/520/380 420/522/380
f 413/496/381 427/521/381 428/523/381
f 405/495/382 421/508/382 406/497/382
f 426/519/383 440/524/383 441/525/383
f 418/518/384 434/526/384 419/520/384
f 426/519/385 442/527/385 427/521/385
f 420/522/386 434/526/386 435/528/386
f 428/523/387 442/527/387 443/529/387
f 420/522/388 436/530/388 421/508/388
f 428/523/389 444/531/389 429/507/389
f 422/509/390 436/530/390 437/532/390
f 430/510/391 444/531/391 445/533/391
f 423/511/392 437/532/392 438/534/392
f 416/513/393 220/535/393 431/536/393
f 446/537/394 430/510/394 445/533/394
f 423/511/395 439/538/395 424/515/395
f 416/513/396 432/539/396 417/516/396
f 424/515/397 440/524/397 425/517/397
f 417/516/398 433/540/398 418/518/398
f 444/531/399 461/541/399 445/533/399
f 438/534/400 453/542/400 454/543/400
f 431/536/401 220/544/401 447/545/401
f 446/546/402 445/533/402 461/541/402
f 438/534/403 455/547/403 439/538/403
f 431/536/404 448/548/404 432/539/404
f 439/538/405 456/549/405 440/524/405
f 432/539/406 449/550/406 433/540/406
f 441/525/407 456/549/407 457/551/407
f 433/540/408 450/552/408 434/526/408
f 441/525/409 458/553/409 442/527/409
f 435/528/410 450/552/410 451/554/410
f 443/529/411 458/553/411 459/555/411
f 435/528/412 452/556/412 436/530/412
f 443/529/413 460/557/413 444/531/413
f 437/532/414 452/556/414 453/542/414
f 449/550/415 465/558/415 450/552/415
f 457/551/416 473/559/416 458/553/416
f 450/552/417 466/560/417 451/554/417
f 459/555/418 473/559/418 474/561/418
f 451/554/419 467/562/419 452/556/419
f 459/555/420 475/563/420 460/557/420
f 453/542/421 467/562/421 468/564/421
f 460/557/422 476/565/422 461/541/422
f 454/543/423 468/564/423 469/566/423
f 447/545/424 220/567/424 462/568/424
f 446/569/425 461/541/425 476/565/425
f 454/543/426 470/570/426 455/547/426
f 447/545/427 463/571/427 448/548/427
f 455/547/428 471/572/428 456/549/428
f 448/548/429 464/573/429 449/550/429
f 457/551/430 471/572/430 472/574/430
f 469/566/431 483/575/431 484/576/431
f 462/568/432 220/577/432 477/578/432
f 446/579/433 476/565/433 491/580/433
f 469/566/434 485/581/434 470/570/434
f 462/568/435 478/582/435 463/571/435
f 470/570/436 486/583/436 471/572/436
f 463/571/437 479/584/437 464/573/437
f 472/574/438 486/583/438 487/585/438
f 464/573/439 480/586/439 465/558/439
f 472/574/440 488/587/440 473/559/440
f 466/560/441 480/586/441 481/588/441
f 474/561/442 488/587/442 489/589/442
f 466/560/443 482/590/443 467/562/443
f 474/561/444 490/591/444 475/563/444
f 468/564/445 482/590/445 483/575/445
f 475/563/446 491/580/446 476/565/446
f 487/585/447 503/592/447 488/587/447
f 481/588/448 495/593/448 496/594/448
f 489/589/449 503/592/449 504/595/449
f 481/588/450 497/596/450 482/590/450
f 489/589/451 505/597/451 490/591/451
f 483/575/452 497/596/452 498/598/452
f 490/591/453 506/599/453 491/580/453
f 484/576/454 498/598/454 499/600/454
f 477/578/455 220/601/455 492/602/455
f 446/603/456 491/580/456 506/599/456
f 484/576/457 500/604/457 485/581/457
f 477/578/458 493/605/458 478/582/458
f 485/581/459 501/606/459 486/583/459
f 479/584/460 493/605/460 494/607/460
f 487/585/461 501/606/461 502/608/461
f 479/584/462 495/593/462 480/586/462
f 492/609/463 220/610/463 507/611/463
f 446/612/464 506/613/464 521/614/464
f 499/615/465 515/616/465 500/617/465
f 492/609/466 508/618/466 493/619/466
f 500/617/467 516/620/467 501/621/467
f 494/622/468 508/618/468 509/623/468
f 502/624/469 516/620/469 517/625/469
f 494/622/470 510/626/470 495/627/470
f 502/624/471 518/628/471 503/629/471
f 496/630/472 510/626/472 511/631/472
f 504/632/473 518/628/473 519/633/473
f 496/630/474 512/634/474 497/635/474
f 504/632/475 520/636/475 505/637/475
f 498/638/476 512/634/476 513/639/476
f 505/637/477 521/614/477 506/613/477
f 499/615/478 513/639/478 514/640/478
f 511/631/479 525/641/479 526/642/479
f 519/633/480 533/643/480 534/644/480
f 511/631/481 527/645/481 512/634/481
f 519/633/482 535/646/482 520/636/482
f 513/639/483 527/645/483 528/647/483
f 520/636/484 536/648/484 521/614/484
f 514/640/485 528/647/485 529/649/485
f 507/611/486 220/650/486 522/651/486
f 446/652/487 521/614/487 536/648/487
f 514/640/488 530/653/488 515/616/488
f 507/611/489 523/654/489 508/618/489
f 515/616/490 531/655/490 516/620/490
f 509/623/491 523/654/491 524/656/491
f 517/625/492 531/655/492 532/657/492
f 509/623/493 525/641/493 510/626/493
f 517/625/494 533/643/494 518/628/494
f 529/649/495 545/658/495 530/653/495
f 523/654/496 537/659/496 538/660/496
f 530/653/497 546/661/497 531/655/497
f 523/654/498 539/662/498 524/656/498
f 532/657/499 546/661/499 547/663/499
f 524/656/500 540/664/500 525/641/500
f 532/657/501 548/665/501 533/643/501
f 526/642/502 540/664/502 541/666/502
f 534/644/503 548/665/503 549/667/503
f 526/642/504 542/668/504 527/645/504
f 535/646/505 549/667/505 550/669/505
f 528/647/506 542/668/506 543/670/506
f 535/646/507 551/671/507 536/648/507
f 529/649/508 543/670/508 544/672/508
f 522/651/509 220/673/509 537/659/509
f 446/674/510 536/648/510 551/671/510
f 549/667/511 563/675/511 564/676/511
f 541/666/512 557/677/512 542/668/512
f 549/667/513 565/678/513 550/669/513
f 543/670/514 557/677/514 558/679/514
f 550/669/515 566/680/515 551/671/515
f 544/672/516 558/679/516 559/681/516
f 537/659/517 220/682/517 552/683/517
f 446/684/518 551/671/518 566/680/518
f 544/672/519 560/685/519 545/658/519
f 537/659/520 553/686/520 538/660/520
f 545/658/521 561/687/521 546/661/521
f 539/662/522 553/686/522 554/688/522
f 547/663/523 561/687/523 562/689/523
f 539/662/524 555/690/524 540/664/524
f 547/663/525 563/675/525 548/665/525
f 541/666/526 555/690/526 556/691/526
f 560/685/527 576/692/527 561/687/527
f 554/688/528 568/693/528 569/694/528
f 562/689/529 576/692/529 577/695/529
f 554/688/530 570/696/530 555/690/530
f 562/689/531 578/697/531 563/675/531
f 556/691/532 570/696/532 571/698/532
f 564/676/533 578/697/533 579/699/533
f 556/691/534 572/700/534 557/677/534
f 564/676/535 580/701/535 565/678/535
f 558/679/536 572/700/536 573/702/536
f 565/678/537 581/703/537 566/680/537
f 559/681/538 573/702/538 574/704/538
f 552/683/539 220/705/539 567/706/539
f 446/707/540 566/680/540 581/703/540
f 559/681/541 575/708/541 560/685/541
f 552/683/542 568/693/542 553/686/542
f 579/699/543 595/709/543 580/701/543
f 573/702/544 587/710/544 588/711/544
f 580/701/545 596/712/545 581/703/545
f 574/704/546 588/711/546 589/713/546
f 567/706/547 220/714/547 582/715/547
f 446/716/548 581/703/548 596/712/548
f 574/704/549 590/717/549 575/708/549
f 568/693/550 582/715/550 583/718/550
f 575/708/551 591/719/551 576/692/551
f 568/693/552 584/720/552 569/694/552
f 577/695/553 591/719/553 592/721/553
f 569/694/554 585/722/554 570/696/554
f 577/695/555 593/723/555 578/697/555
f 571/698/556 585/722/556 586/724/556
f 579/699/557 593/723/557 594/725/557
f 571/698/558 587/710/558 572/700/558
f 584/720/559 598/726/559 599/727/559
f 592/721/560 606/728/560 607/729/560
f 584/720/561 600/730/561 585/722/561
f 592/721/562 608/731/562 593/723/562
f 586/724/563 600/730/563 601/732/563
f 594/725/564 608/731/564 609/733/564
f 586/724/565 602/734/565 587/710/565
f 594/725/566 610/735/566 595/709/566
f 588/711/567 602/734/567 603/736/567
f 596/712/568 610/735/568 611/737/568
f 589/713/569 603/736/569 604/738/569
f 582/715/570 220/739/570 597/740/570
f 446/741/571 596/712/571 611/737/571
f 589/713/572 605/742/572 590/717/572
f 582/715/573 598/726/573 583/718/573
f 590/717/574 606/728/574 591/719/574
f 603/736/575 615/217/575 141/189/575
f 610/735/576 620/193/576 611/737/576
f 604/738/577 141/189/577 142/195/577
f 597/740/578 220/743/578 612/196/578
f 446/744/579 611/737/579 620/193/579
f 604/738/580 143/201/580 605/742/580
f 598/726/581 612/196/581 613/202/581
f 605/742/582 616/205/582 606/728/582
f 599/727/583 613/202/583 139/206/583
f 606/728/584 144/209/584 607/729/584
f 600/730/585 139/206/585 614/210/585
f 607/729/586 617/213/586 608/731/586
f 601/732/587 614/210/587 140/214/587
f 609/733/588 617/213/588 618/186/588
f 602/734/589 140/214/589 615/217/589
f 609/733/590 619/188/590 610/735/590
f 618/186/79 157/216/79 158/187/79
f 141/189/591 615/217/591 150/190/591
f 619/188/81 158/187/81 159/192/81
f 141/189/592 151/191/592 152/194/592
f 142/195/593 152/194/593 153/200/593
f 613/202/86 612/196/86 145/198/86
f 143/201/594 153/200/594 154/204/594
f 139/206/88 613/202/88 146/203/88
f 616/205/595 154/204/595 155/208/595
f 614/210/596 139/206/596 147/207/596
f 144/209/91 155/208/91 156/212/91
f 140/214/92 614/210/92 148/211/92
f 617/213/597 156/212/597 157/216/597
f 615/217/598 140/214/598 149/215/598
f 157/216/95 156/212/95 171/218/95
f 149/215/96 164/234/96 165/220/96
f 158/187/97 157/216/97 172/219/97
f 151/191/98 150/190/98 165/220/98
f 158/187/599 173/221/599 174/223/599
f 151/191/100 166/222/100 167/224/100
f 152/194/600 167/224/600 168/228/600
f 145/198/104 160/226/104 161/229/104
f 153/200/105 168/228/105 169/230/105
f 146/203/106 161/229/106 162/231/106
f 154/204/107 169/230/107 170/232/107
f 147/207/108 162/231/108 163/233/108
f 155/208/601 170/232/601 171/218/601
f 148/211/602 163/233/602 164/234/602
f 160/226/111 175/249/111 176/235/111
f 168/228/603 183/251/603 184/236/603
f 161/229/113 176/235/113 177/237/113
f 170/232/604 169/230/604 184/236/604
f 162/231/115 177/237/115 178/239/115
f 171/218/605 170/232/605 185/238/605
f 163/233/606 178/239/606 179/241/606
f 172/219/118 171/218/118 186/240/118
f 164/234/607 179/241/607 180/243/607
f 172/219/120 187/242/120 188/244/120
f 165/220/121 180/243/121 181/245/121
f 173/221/608 188/244/608 189/246/608
f 166/222/609 181/245/609 182/247/609
f 168/228/610 167/224/610 182/247/610
f 179/241/611 194/267/611 195/252/611
f 187/242/128 202/268/128 203/253/128
f 181/245/612 180/243/612 195/252/612
f 188/244/130 203/253/130 204/255/130
f 182/247/131 181/245/131 196/254/131
f 182/247/134 197/256/134 198/260/134
f 175/249/135 190/258/135 191/261/135
f 183/251/613 198/260/613 199/262/613
f 176/235/137 191/261/137 192/263/137
f 185/238/614 184/236/614 199/262/614
f 177/237/139 192/263/139 193/265/139
f 185/238/615 200/264/615 201/266/615
f 178/239/141 193/265/141 194/267/141
f 186/240/142 201/266/142 202/268/142
f 198/260/143 213/284/143 214/269/143
f 191/261/144 206/285/144 207/270/144
f 200/264/145 199/262/145 214/269/145
f 192/263/146 207/270/146 208/272/146
f 200/264/616 215/271/616 216/273/616
f 194/267/148 193/265/148 208/272/148
f 201/266/149 216/273/149 217/275/149
f 194/267/150 209/274/150 210/276/150
f 203/253/151 202/268/151 217/275/151
f 196/254/152 195/252/152 210/276/152
f 203/253/153 218/277/153 219/279/153
f 197/256/617 196/254/617 211/278/617
f 197/256/618 212/280/618 213/284/618
f 190/258/619 205/282/619 206/285/619
f 217/275/620 233/302/620 234/286/620
f 211/278/160 210/276/160 226/287/160
f 219/279/621 218/277/621 234/286/621
f 212/280/162 211/278/162 227/288/162
f 212/280/165 228/290/165 229/294/165
f 205/282/166 221/292/166 222/295/166
f 213/284/167 229/294/167 230/296/167
f 206/285/168 222/295/168 223/297/168
f 215/271/169 214/269/169 230/296/169
f 207/270/170 223/297/170 224/299/170
f 215/271/622 231/298/622 232/300/622
f 209/274/623 208/272/623 224/299/623
f 216/273/173 232/300/173 233/302/173
f 209/274/174 225/301/174 226/287/174
f 222/295/175 237/319/175 238/303/175
f 231/298/624 230/296/624 245/304/624
f 223/297/177 238/303/177 239/306/177
f 231/298/625 246/305/625 247/307/625
f 225/301/626 224/299/626 239/306/626
f 233/302/180 232/300/180 247/307/180
f 225/301/627 240/308/627 241/310/627
f 234/286/628 233/302/628 248/309/628
f 227/288/183 226/287/183 241/310/183
f 234/286/184 249/311/184 250/313/184
f 228/290/185 227/288/185 242/312/185
f 228/290/188 243/314/188 244/318/188
f 222/295/189 221/292/189 236/316/189
f 229/294/190 244/318/190 245/304/190
f 242/312/629 241/310/629 256/320/629
f 249/311/192 264/336/192 265/322/192
f 243/314/193 242/312/193 257/321/193
f 243/314/196 258/323/196 259/327/196
f 237/319/630 236/316/630 251/325/630
f 244/318/631 259/327/631 260/329/631
f 237/319/199 252/328/199 253/330/199
f 246/305/200 245/304/200 260/329/200
f 238/303/201 253/330/201 254/332/201
f 246/305/202 261/331/202 262/333/202
f 240/308/632 239/306/632 254/332/632
f 248/309/204 247/307/204 262/333/204
f 240/308/205 255/334/205 256/320/205
f 248/309/206 263/335/206 264/336/206
f 261/331/207 260/329/207 275/337/207
f 253/330/208 268/353/208 269/339/208
f 261/331/209 276/338/209 277/340/209
f 255/334/210 254/332/210 269/339/210
f 263/335/211 262/333/211 277/340/211
f 255/334/633 270/341/633 271/343/633
f 263/335/213 278/342/213 279/344/213
f 257/321/634 256/320/634 271/343/634
f 264/336/215 279/344/215 280/346/215
f 258/323/216 257/321/216 272/345/216
f 258/323/219 273/347/219 274/351/219
f 251/325/635 266/349/635 267/352/635
f 259/327/636 274/351/636 275/337/636
f 252/328/222 267/352/222 268/353/222
f 280/346/637 279/344/637 294/354/637
f 273/347/224 272/345/224 287/356/224
f 273/347/227 288/357/227 289/361/227
f 266/349/638 281/359/638 282/362/638
f 274/351/229 289/361/229 290/363/229
f 268/353/230 267/352/230 282/362/230
f 276/338/639 275/337/639 290/363/639
f 268/353/232 283/364/232 284/366/232
f 276/338/640 291/365/640 292/367/640
f 270/341/641 269/339/641 284/366/641
f 278/342/235 277/340/235 292/367/235
f 270/341/642 285/368/642 286/370/642
f 278/342/237 293/369/237 294/354/237
f 272/345/238 271/343/238 286/370/238
f 291/365/643 306/387/643 307/371/643
f 285/368/240 284/366/240 299/372/240
f 293/369/241 292/367/241 307/371/241
f 285/368/242 300/373/242 301/375/242
f 293/369/243 308/374/243 309/376/243
f 287/356/244 286/370/244 301/375/244
f 294/354/245 309/376/245 310/378/245
f 288/357/644 287/356/644 302/377/644
f 288/357/249 303/379/249 304/383/249
f 281/359/250 296/381/250 297/384/250
f 289/361/251 304/383/251 305/385/251
f 283/364/252 282/362/252 297/384/252
f 291/365/253 290/363/253 305/385/253
f 283/364/254 298/386/254 299/372/254
f 303/379/257 318/404/257 319/392/257
f 296/381/258 311/389/258 312/393/258
f 304/383/259 319/392/259 320/394/259
f 297/384/260 312/393/260 313/395/260
f 306/387/261 305/385/261 320/394/261
f 298/386/262 313/395/262 314/397/262
f 306/387/645 321/396/645 322/398/645
f 300/373/264 299/372/264 314/397/264
f 307/371/265 322/398/265 323/400/265
f 300/373/266 315/399/266 316/401/266
f 309/376/646 308/374/646 323/400/646
f 302/377/268 301/375/268 316/401/268
f 310/378/269 309/376/269 324/402/269
f 303/379/647 302/377/647 317/403/647
f 315/399/271 314/397/271 329/405/271
f 323/400/272 322/398/272 337/407/272
f 315/399/273 330/406/273 331/409/273
f 323/400/274 338/408/274 339/410/274
f 317/403/275 316/401/275 331/409/275
f 324/402/276 339/410/276 340/412/276
f 318/404/648 317/403/648 332/411/648
f 318/404/649 333/413/649 334/417/649
f 312/393/650 311/389/650 326/415/650
f 319/392/282 334/417/282 335/419/282
f 313/395/283 312/393/283 327/418/283
f 321/396/284 320/394/284 335/419/284
f 313/395/285 328/420/285 329/405/285
f 321/396/286 336/421/286 337/407/286
f 333/413/287 348/435/287 349/422/287
f 326/415/288 341/437/288 342/423/288
f 334/417/289 349/422/289 350/424/289
f 327/418/290 342/423/290 343/425/290
f 336/421/291 335/419/291 350/424/291
f 328/420/292 343/425/292 344/427/292
f 336/421/293 351/426/293 352/428/293
f 330/406/294 329/405/294 344/427/294
f 338/408/295 337/407/295 352/428/295
f 330/406/296 345/429/296 346/431/296
f 338/408/297 353/430/297 354/432/297
f 332/411/298 331/409/298 346/431/298
f 339/410/651 354/432/651 355/434/651
f 333/413/300 332/411/300 347/433/300
f 353/430/303 352/428/303 367/439/303
f 345/429/652 360/455/652 361/441/652
f 353/430/305 368/440/305 369/442/305
f 347/433/306 346/431/306 361/441/306
f 354/432/307 369/442/307 370/444/307
f 348/435/308 347/433/308 362/443/308
f 348/435/311 363/445/311 364/449/311
f 341/437/312 356/447/312 357/450/312
f 349/422/313 364/449/313 365/451/313
f 342/423/653 357/450/653 358/452/653
f 351/426/654 350/424/654 365/451/654
f 343/425/316 358/452/316 359/454/316
f 351/426/655 366/453/655 367/439/655
f 345/429/656 344/427/656 359/454/656
f 356/447/319 371/470/319 372/456/319
f 364/449/320 379/472/320 380/457/320
f 358/452/321 357/450/321 372/456/321
f 366/453/322 365/451/322 380/457/322
f 358/452/323 373/458/323 374/460/323
f 366/453/657 381/459/657 382/461/657
f 360/455/325 359/454/325 374/460/325
f 368/440/326 367/439/326 382/461/326
f 360/455/327 375/462/327 376/464/327
f 368/440/328 383/463/328 384/465/328
f 362/443/329 361/441/329 376/464/329
f 370/444/330 369/442/330 384/465/330
f 363/445/658 362/443/658 377/466/658
f 363/445/659 378/468/659 379/472/659
f 375/462/335 390/488/335 391/473/335
f 383/463/336 398/489/336 399/474/336
f 377/466/337 376/464/337 391/473/337
f 384/465/338 399/474/338 400/476/338
f 378/468/660 377/466/660 392/475/660
f 378/468/661 393/477/661 394/481/661
f 371/470/343 386/479/343 387/482/343
f 379/472/344 394/481/344 395/483/344
f 372/456/345 387/482/345 388/484/345
f 381/459/346 380/457/346 395/483/346
f 373/458/347 388/484/347 389/486/347
f 381/459/662 396/485/662 397/487/662
f 375/462/349 374/460/349 389/486/349
f 383/463/350 382/461/350 397/487/350
f 394/481/351 409/505/351 410/490/351
f 387/482/663 402/506/663 403/491/663
f 396/485/664 395/483/664 410/490/664
f 388/484/354 403/491/354 404/493/354
f 396/485/665 411/492/665 412/494/665
f 390/488/356 389/486/356 404/493/356
f 398/489/357 397/487/357 412/494/357
f 390/488/666 405/495/666 406/497/666
f 398/489/359 413/496/359 414/498/359
f 392/475/360 391/473/360 406/497/360
f 399/474/361 414/498/361 415/500/361
f 393/477/667 392/475/667 407/499/667
f 393/477/365 408/501/365 409/505/365
f 387/482/366 386/479/366 401/503/366
f 413/496/367 428/523/367 429/507/367
f 407/499/368 406/497/368 421/508/368
f 415/500/668 414/498/668 429/507/668
f 408/501/370 407/499/370 422/509/370
f 408/501/373 423/511/373 424/515/373
f 402/506/374 401/503/374 416/513/374
f 409/505/375 424/515/375 425/517/375
f 402/506/376 417/516/376 418/518/376
f 411/492/377 410/490/377 425/517/377
f 403/491/378 418/518/378 419/520/378
f 411/492/379 426/519/379 427/521/379
f 405/495/669 404/493/669 419/520/669
f 413/496/381 412/494/381 427/521/381
f 405/495/382 420/522/382 421/508/382
f 426/519/383 425/517/383 440/524/383
f 418/518/384 433/540/384 434/526/384
f 426/519/385 441/525/385 442/527/385
f 420/522/386 419/520/386 434/526/386
f 428/523/387 427/521/387 442/527/387
f 420/522/388 435/528/388 436/530/388
f 428/523/389 443/529/389 444/531/389
f 422/509/390 421/508/390 436/530/390
f 430/510/391 429/507/391 444/531/391
f 423/511/670 422/509/670 437/532/670
f 423/511/671 438/534/671 439/538/671
f 416/513/672 431/536/672 432/539/672
f 424/515/397 439/538/397 440/524/397
f 417/516/398 432/539/398 433/540/398
f 444/531/399 460/557/399 461/541/399
f 438/534/673 437/532/673 453/542/673
f 438/534/674 454/543/674 455/547/674
f 431/536/675 447/545/675 448/548/675
f 439/538/405 455/547/405 456/549/405
f 432/539/406 448/548/406 449/550/406
f 441/525/407 440/524/407 456/549/407
f 433/540/408 449/550/408 450/552/408
f 441/525/676 457/551/676 458/553/676
f 435/528/410 434/526/410 450/552/410
f 443/529/411 442/527/411 458/553/411
f 435/528/412 451/554/412 452/556/412
f 443/529/677 459/555/677 460/557/677
f 437/532/414 436/530/414 452/556/414
f 449/550/415 464/573/415 465/558/415
f 457/551/678 472/574/678 473/559/678
f 450/552/417 465/558/417 466/560/417
f 459/555/418 458/553/418 473/559/418
f 451/554/419 466/560/419 467/562/419
f 459/555/420 474/561/420 475/563/420
f 453/542/421 452/556/421 467/562/421
f 460/557/422 475/563/422 476/565/422
f 454/543/423 453/542/423 468/564/423
f 454/543/426 469/566/426 470/570/426
f 447/545/427 462/568/427 463/571/427
f 455/547/428 470/570/428 471/572/428
f 448/548/429 463/571/429 464/573/429
f 457/551/430 456/549/430 471/572/430
f 469/566/431 468/564/431 483/575/431
f 469/566/434 484/576/434 485/581/434
f 462/568/435 477/578/435 478/582/435
f 470/570/436 485/581/436 486/583/436
f 463/571/437 478/582/437 479/584/437
f 472/574/679 471/572/679 486/583/679
f 464/573/439 479/584/439 480/586/439
f 472/574/680 487/585/680 488/587/680
f 466/560/681 465/558/681 480/586/681
f 474/561/442 473/559/442 488/587/442
f 466/560/682 481/588/682 482/590/682
f 474/561/444 489/589/444 490/591/444
f 468/564/445 467/562/445 482/590/445
f 475/563/683 490/591/683 491/580/683
f 487/585/447 502/608/447 503/592/447
f 481/588/448 480/586/448 495/593/448
f 489/589/449 488/587/449 503/592/449
f 481/588/684 496/594/684 497/596/684
f 489/589/451 504/595/451 505/597/451
f 483/575/452 482/590/452 497/596/452
f 490/591/453 505/597/453 506/599/453
f 484/576/685 483/575/685 498/598/685
f 484/576/686 499/600/686 500/604/686
f 477/578/458 492/602/458 493/605/458
f 485/581/459 500/604/459 501/606/459
f 479/584/460 478/582/460 493/605/460
f 487/585/687 486/583/687 501/606/687
f 479/584/462 494/607/462 495/593/462
f 499/615/688 514/640/688 515/616/688
f 492/609/466 507/611/466 508/618/466
f 500/617/689 515/616/689 516/620/689
f 494/622/468 493/619/468 508/618/468
f 502/624/690 501/621/690 516/620/690
f 494/622/470 509/623/470 510/626/470
f 502/624/471 517/625/471 518/628/471
f 496/630/472 495/627/472 510/626/472
f 504/632/473 503/629/473 518/628/473
f 496/630/691 511/631/691 512/634/691
f 504/632/475 519/633/475 520/636/475
f 498/638/692 497/635/692 512/634/692
f 505/637/477 520/636/477 521/614/477
f 499/615/693 498/638/693 513/639/693
f 511/631/479 510/626/479 525/641/479
f 519/633/480 518/628/480 533/643/480
f 511/631/694 526/642/694 527/645/694
f 519/633/482 534/644/482 535/646/482
f 513/639/483 512/634/483 527/645/483
f 520/636/484 535/646/484 536/648/484
f 514/640/695 513/639/695 528/647/695
f 514/640/696 529/649/696 530/653/696
f 507/611/489 522/651/489 523/654/489
f 515/616/490 530/653/490 531/655/490
f 509/623/491 508/618/491 523/654/491
f 517/625/697 516/620/697 531/655/697
f 509/623/493 524/656/493 525/641/493
f 517/625/698 532/657/698 533/643/698
f 529/649/495 544/672/495 545/658/495
f 523/654/496 522/651/496 537/659/496
f 530/653/497 545/658/497 546/661/497
f 523/654/498 538/660/498 539/662/498
f 532/657/499 531/655/499 546/661/499
f 524/656/500 539/662/500 540/664/500
f 532/657/699 547/663/699 548/665/699
f 526/642/502 525/641/502 540/664/502
f 534/644/503 533/643/503 548/665/503
f 526/642/504 541/666/504 542/668/504
f 535/646/505 534/644/505 549/667/505
f 528/647/506 527/645/506 542/668/506
f 535/646/700 550/669/700 551/671/700
f 529/649/701 528/647/701 543/670/701
f 549/667/511 548/665/511 563/675/511
f 541/666/702 556/691/702 557/677/702
f 549/667/703 564/676/703 565/678/703
f 543/670/514 542/668/514 557/677/514
f 550/669/515 565/678/515 566/680/515
f 544/672/704 543/670/704 558/679/704
f 544/672/705 559/681/705 560/685/705
f 537/659/520 552/683/520 553/686/520
f 545/658/521 560/685/521 561/687/521
f 539/662/522 538/660/522 553/686/522
f 547/663/706 546/661/706 561/687/706
f 539/662/524 554/688/524 555/690/524
f 547/663/525 562/689/525 563/675/525
f 541/666/526 540/664/526 555/690/526
f 560/685/527 575/708/527 576/692/527
f 554/688/528 553/686/528 568/693/528
f 562/689/529 561/687/529 576/692/529
f 554/688/530 569/694/530 570/696/530
f 562/689/531 577/695/531 578/697/531
f 556/691/707 555/690/707 570/696/707
f 564/676/533 563/675/533 578/697/533
f 556/691/534 571/698/534 572/700/534
f 564/676/708 579/699/708 580/701/708
f 558/679/536 557/677/536 572/700/536
f 565/678/537 580/701/537 581/703/537
f 559/681/538 558/679/538 573/702/538
f 559/681/541 574/704/541 575/708/541
f 552/683/709 567/706/709 568/693/709
f 579/699/543 594/725/543 595/709/543
f 573/702/544 572/700/544 587/710/544
f 580/701/710 595/709/710 596/712/710
f 574/704/546 573/702/546 588/711/546
f 574/704/549 589/713/549 590/717/549
f 568/693/550 567/706/550 582/715/550
f 575/708/551 590/717/551 591/719/551
f 568/693/711 583/718/711 584/720/711
f 577/695/553 576/692/553 591/719/553
f 569/694/554 584/720/554 585/722/554
f 577/695/555 592/721/555 593/723/555
f 571/698/556 570/696/556 585/722/556
f 579/699/557 578/697/557 593/723/557
f 571/698/558 586/724/558 587/710/558
f 584/720/559 583/718/559 598/726/559
f 592/721/560 591/719/560 606/728/560
f 584/720/561 599/727/561 600/730/561
f 592/721/712 607/729/712 608/731/712
f 586/724/713 585/722/713 600/730/713
f 594/725/564 593/723/564 608/731/564
f 586/724/714 601/732/714 602/734/714
f 594/725/566 609/733/566 610/735/566
f 588/711/567 587/710/567 602/734/567
f 596/712/715 595/709/715 610/735/715
f 589/713/569 588/711/569 603/736/569
f 589/713/572 604/738/572 605/742/572
f 582/715/573 597/740/573 598/726/573
f 590/717/574 605/742/574 606/728/574
f 603/736/575 602/734/575 615/217/575
f 610/735/576 619/188/576 620/193/576
f 604/738/716 603/736/716 141/189/716
f 604/738/717 142/195/717 143/201/717
f 598/726/581 597/740/581 612/196/581
f 605/742/582 143/201/582 616/205/582
f 599/727/583 598/726/583 613/202/583
f 606/728/718 616/205/718 144/209/718
f 600/730/719 599/727/719 139/206/719
f 607/729/586 144/209/586 617/213/586
f 601/732/587 600/730/587 614/210/587
f 609/733/720 608/731/720 617/213/720
f 602/734/721 601/732/721 140/214/721
f 609/733/590 618/186/590 619/188/590
f 1100/745/79 640/746/79 1101/747/79
f 623/748/80 632/749/80 633/750/80
f 1101/747/81 641/751/81 1102/752/81
f 623/748/82 634/753/82 624/754/82
f 1094/755/83 702/756/83 627/757/83
f 928/758/84 1102/752/84 641/751/84
f 624/754/85 635/759/85 625/760/85
f 1095/761/86 627/757/86 628/762/86
f 625/760/87 636/763/87 1098/764/87
f 621/765/88 628/762/88 629/766/88
f 1098/764/89 637/767/89 626/768/89
f 1096/769/90 629/766/90 630/770/90
f 626/768/91 638/771/91 1099/772/91
f 622/773/92 630/770/92 631/774/92
f 1099/772/93 639/775/93 1100/745/93
f 1097/776/94 631/774/94 632/749/94
f 639/775/95 653/777/95 654/778/95
f 631/774/96 647/779/96 632/749/96
f 640/746/97 654/778/97 655/780/97
f 633/750/98 647/779/98 648/781/98
f 640/746/99 656/782/99 641/751/99
f 633/750/100 649/783/100 634/753/100
f 627/757/101 702/784/101 642/785/101
f 928/786/102 641/751/102 656/782/102
f 634/753/103 650/787/103 635/759/103
f 627/757/104 643/788/104 628/762/104
f 635/759/105 651/789/105 636/763/105
f 628/762/106 644/790/106 629/766/106
f 636/763/107 652/791/107 637/767/107
f 629/766/108 645/792/108 630/770/108
f 637/767/109 653/777/109 638/771/109
f 630/770/110 646/793/110 631/774/110
f 642/785/111 658/794/111 643/788/111
f 650/787/112 666/795/112 651/789/112
f 643/788/113 659/796/113 644/790/113
f 652/791/114 666/795/114 667/797/114
f 644/790/115 660/798/115 645/792/115
f 653/777/116 667/797/116 668/799/116
f 645/792/117 661/800/117 646/793/117
f 654/778/118 668/799/118 669/801/118
f 646/793/119 662/802/119 647/779/119
f 654/778/120 670/803/120 655/780/120
f 647/779/121 663/804/121 648/781/121
f 655/780/122 671/805/122 656/782/122
f 648/781/123 664/806/123 649/783/123
f 642/785/124 702/807/124 657/808/124
f 928/809/125 656/782/125 671/805/125
f 650/787/126 664/806/126 665/810/126
f 661/800/127 677/811/127 662/802/127
f 669/801/128 685/812/128 670/803/128
f 663/804/129 677/811/129 678/813/129
f 670/803/130 686/814/130 671/805/130
f 664/806/131 678/813/131 679/815/131
f 657/808/132 702/816/132 672/817/132
f 928/818/133 671/805/133 686/814/133
f 664/806/134 680/819/134 665/810/134
f 657/808/135 673/820/135 658/794/135
f 665/810/136 681/821/136 666/795/136
f 658/794/137 674/822/137 659/796/137
f 667/797/138 681/821/138 682/823/138
f 659/796/139 675/824/139 660/798/139
f 667/797/140 683/825/140 668/799/140
f 660/798/141 676/826/141 661/800/141
f 668/799/142 684/827/142 669/801/142
f 680/819/143 696/828/143 681/821/143
f 673/820/144 689/829/144 674/822/144
f 682/823/145 696/828/145 697/830/145
f 674/822/146 690/831/146 675/824/146
f 682/823/147 698/832/147 683/825/147
f 676/826/148 690/831/148 691/833/148
f 683/825/149 699/834/149 684/827/149
f 676/826/150 692/835/150 677/811/150
f 685/812/151 699/834/151 700/836/151
f 678/813/152 692/835/152 693/837/152
f 685/812/153 701/838/153 686/814/153
f 679/815/154 693/837/154 694/839/154
f 672/817/155 702/840/155 687/841/155
f 928/842/156 686/814/156 701/838/156
f 679/815/618 695/843/618 680/819/618
f 672/817/158 688/844/158 673/820/158
f 699/834/159 716/845/159 700/836/159
f 693/837/160 708/846/160 709/847/160
f 701/838/161 716/845/161 717/848/161
f 694/839/162 709/847/162 710/849/162
f 687/841/163 702/850/163 703/851/163
f 928/852/164 701/838/164 717/848/164
f 694/839/165 711/853/165 695/843/165
f 687/841/166 704/854/166 688/844/166
f 695/843/167 712/855/167 696/828/167
f 688/844/168 705/856/168 689/829/168
f 697/830/169 712/855/169 713/857/169
f 689/829/170 706/858/170 690/831/170
f 697/830/171 714/859/171 698/832/171
f 691/833/172 706/858/172 707/860/172
f 698/832/173 715/861/173 699/834/173
f 691/833/174 708/846/174 692/835/174
f 704/854/175 720/862/175 705/856/175
f 713/857/176 727/863/176 728/864/176
f 705/856/177 721/865/177 706/858/177
f 713/857/178 729/866/178 714/859/178
f 707/860/179 721/865/179 722/867/179
f 715/861/180 729/866/180 730/868/180
f 707/860/181 723/869/181 708/846/181
f 716/845/182 730/868/182 731/870/182
f 709/847/183 723/869/183 724/871/183
f 716/845/184 732/872/184 717/848/184
f 710/849/722 724/871/722 725/873/722
f 703/851/186 702/874/186 718/875/186
f 928/876/187 717/848/187 732/872/187
f 710/849/188 726/877/188 711/853/188
f 704/854/189 718/875/189 719/878/189
f 711/853/190 727/863/190 712/855/190
f 724/871/191 738/879/191 739/880/191
f 731/870/192 747/881/192 732/872/192
f 725/873/723 739/880/723 740/882/723
f 718/875/194 702/883/194 733/884/194
f 928/885/195 732/872/195 747/881/195
f 725/873/724 741/886/724 726/877/724
f 719/878/197 733/884/197 734/887/197
f 726/877/198 742/888/198 727/863/198
f 719/878/199 735/889/199 720/862/199
f 728/864/200 742/888/200 743/890/200
f 720/862/201 736/891/201 721/865/201
f 728/864/202 744/892/202 729/866/202
f 722/867/203 736/891/203 737/893/203
f 730/868/204 744/892/204 745/894/204
f 722/867/205 738/879/205 723/869/205
f 730/868/206 746/895/206 731/870/206
f 743/890/207 757/896/207 758/897/207
f 735/889/208 751/898/208 736/891/208
f 743/890/209 759/899/209 744/892/209
f 737/893/210 751/898/210 752/900/210
f 745/894/211 759/899/211 760/901/211
f 737/893/212 753/902/212 738/879/212
f 745/894/213 761/903/213 746/895/213
f 739/880/214 753/902/214 754/904/214
f 746/895/215 762/905/215 747/881/215
f 740/882/216 754/904/216 755/906/216
f 733/884/217 702/907/217 748/908/217
f 928/909/218 747/881/218 762/905/218
f 740/882/219 756/910/219 741/886/219
f 733/884/220 749/911/220 734/887/220
f 741/886/221 757/896/221 742/888/221
f 734/887/222 750/912/222 735/889/222
f 762/905/223 776/913/223 777/914/223
f 755/906/224 769/915/224 770/916/224
f 748/908/225 702/917/225 763/918/225
f 928/919/226 762/905/226 777/914/226
f 755/906/227 771/920/227 756/910/227
f 748/908/228 764/921/228 749/911/228
f 756/910/229 772/922/229 757/896/229
f 750/912/230 764/921/230 765/923/230
f 758/897/725 772/922/725 773/924/725
f 750/912/232 766/925/232 751/898/232
f 758/897/233 774/926/233 759/899/233
f 752/900/234 766/925/234 767/927/234
f 760/901/235 774/926/235 775/928/235
f 752/900/236 768/929/236 753/902/236
f 760/901/237 776/913/237 761/903/237
f 754/904/238 768/929/238 769/915/238
f 773/924/239 789/930/239 774/926/239
f 767/927/240 781/931/240 782/932/240
f 775/928/241 789/930/241 790/933/241
f 767/927/242 783/934/242 768/929/242
f 775/928/243 791/935/243 776/913/243
f 769/915/244 783/934/244 784/936/244
f 776/913/245 792/937/245 777/914/245
f 770/916/246 784/936/246 785/938/246
f 763/918/247 702/939/247 778/940/247
f 928/941/248 777/914/248 792/937/248
f 770/916/249 786/942/249 771/920/249
f 763/918/250 779/943/250 764/921/250
f 771/920/251 787/944/251 772/922/251
f 765/923/252 779/943/252 780/945/252
f 773/924/253 787/944/253 788/946/253
f 765/923/254 781/931/254 766/925/254
f 778/940/255 702/947/255 793/948/255
f 928/949/256 792/937/256 807/950/256
f 785/938/257 801/951/257 786/942/257
f 778/940/258 794/952/258 779/943/258
f 786/942/259 802/953/259 787/944/259
f 779/943/260 795/954/260 780/945/260
f 788/946/261 802/953/261 803/955/261
f 780/945/262 796/956/262 781/931/262
f 788/946/263 804/957/263 789/930/263
f 782/932/264 796/956/264 797/958/264
f 789/930/265 805/959/265 790/933/265
f 782/932/266 798/960/266 783/934/266
f 791/935/267 805/959/267 806/961/267
f 784/936/268 798/960/268 799/962/268
f 792/937/269 806/961/269 807/950/269
f 785/938/647 799/962/647 800/963/647
f 797/958/271 811/964/271 812/965/271
f 805/959/272 819/966/272 820/967/272
f 797/958/273 813/968/273 798/960/273
f 805/959/274 821/969/274 806/961/274
f 799/962/275 813/968/275 814/970/275
f 806/961/276 822/971/276 807/950/276
f 800/963/277 814/970/277 815/972/277
f 793/948/278 702/973/278 808/974/278
f 928/975/279 807/950/279 822/971/279
f 800/963/280 816/976/280 801/951/280
f 794/952/281 808/974/281 809/977/281
f 801/951/282 817/978/282 802/953/282
f 795/954/283 809/977/283 810/979/283
f 803/955/284 817/978/284 818/980/284
f 795/954/285 811/964/285 796/956/285
f 803/955/726 819/966/726 804/957/726
f 815/972/287 831/981/287 816/976/287
f 808/974/288 824/982/288 809/977/288
f 816/976/289 832/983/289 817/978/289
f 809/977/290 825/984/290 810/979/290
f 818/980/291 832/983/291 833/985/291
f 810/979/292 826/986/292 811/964/292
f 818/980/293 834/987/293 819/966/293
f 812/965/294 826/986/294 827/988/294
f 820/967/295 834/987/295 835/989/295
f 812/965/296 828/990/296 813/968/296
f 820/967/297 836/991/297 821/969/297
f 814/970/298 828/990/298 829/992/298
f 821/969/299 837/993/299 822/971/299
f 815/972/300 829/992/300 830/994/300
f 808/974/301 702/995/301 823/996/301
f 928/997/302 822/971/302 837/993/302
f 835/989/303 849/998/303 850/999/303
f 827/988/304 843/1000/304 828/990/304
f 835/989/305 851/1001/305 836/991/305
f 829/992/306 843/1000/306 844/1002/306
f 836/991/307 852/1003/307 837/993/307
f 830/994/308 844/1002/308 845/1004/308
f 823/996/309 702/1005/309 838/1006/309
f 928/1007/310 837/993/310 852/1003/310
f 830/994/311 846/1008/311 831/981/311
f 823/996/312 839/1009/312 824/982/312
f 831/981/313 847/1010/313 832/983/313
f 824/982/314 840/1011/314 825/984/314
f 833/985/315 847/1010/315 848/1012/315
f 825/984/316 841/1013/316 826/986/316
f 833/985/317 849/998/317 834/987/317
f 827/988/318 841/1013/318 842/1014/318
f 838/1006/319 854/1015/319 839/1009/319
f 846/1008/320 862/1016/320 847/1010/320
f 840/1011/321 854/1015/321 855/1017/321
f 848/1012/322 862/1016/322 863/1018/322
f 840/1011/323 856/1019/323 841/1013/323
f 848/1012/324 864/1020/324 849/998/324
f 842/1014/325 856/1019/325 857/1021/325
f 850/999/326 864/1020/326 865/1022/326
f 842/1014/327 858/1023/327 843/1000/327
f 850/999/328 866/1024/328 851/1001/328
f 844/1002/329 858/1023/329 859/1025/329
f 852/1003/330 866/1024/330 867/1026/330
f 845/1004/331 859/1025/331 860/1027/331
f 838/1006/332 702/1028/332 853/1029/332
f 928/1030/333 852/1003/333 867/1026/333
f 845/1004/334 861/1031/334 846/1008/334
f 857/1021/335 873/1032/335 858/1023/335
f 865/1022/336 881/1033/336 866/1024/336
f 859/1025/337 873/1032/337 874/1034/337
f 866/1024/338 882/1035/338 867/1026/338
f 860/1027/339 874/1034/339 875/1036/339
f 853/1029/340 702/1037/340 868/1038/340
f 928/1039/341 867/1026/341 882/1035/341
f 860/1027/342 876/1040/342 861/1031/342
f 853/1029/343 869/1041/343 854/1015/343
f 861/1031/344 877/1042/344 862/1016/344
f 854/1015/345 870/1043/345 855/1017/345
f 863/1018/346 877/1042/346 878/1044/346
f 855/1017/347 871/1045/347 856/1019/347
f 863/1018/348 879/1046/348 864/1020/348
f 857/1021/349 871/1045/349 872/1047/349
f 865/1022/350 879/1046/350 880/1048/350
f 876/1040/351 892/1049/351 877/1042/351
f 869/1041/352 885/1050/352 870/1043/352
f 878/1044/353 892/1049/353 893/1051/353
f 870/1043/354 886/1052/354 871/1045/354
f 878/1044/355 894/1053/355 879/1046/355
f 872/1047/356 886/1052/356 887/1054/356
f 880/1048/357 894/1053/357 895/1055/357
f 872/1047/358 888/1056/358 873/1032/358
f 880/1048/359 896/1057/359 881/1033/359
f 874/1034/360 888/1056/360 889/1058/360
f 881/1033/361 897/1059/361 882/1035/361
f 875/1036/362 889/1058/362 890/1060/362
f 868/1038/363 702/1061/363 883/1062/363
f 928/1063/364 882/1035/364 897/1059/364
f 875/1036/365 891/1064/365 876/1040/365
f 869/1041/366 883/1062/366 884/1065/366
f 895/1055/367 911/1066/367 896/1057/367
f 889/1058/368 903/1067/368 904/1068/368
f 897/1059/369 911/1066/369 912/1069/369
f 890/1060/370 904/1068/370 905/1070/370
f 883/1062/371 702/1071/371 898/1072/371
f 928/1073/372 897/1059/372 912/1069/372
f 890/1060/373 906/1074/373 891/1064/373
f 884/1065/374 898/1072/374 899/1075/374
f 891/1064/375 907/1076/375 892/1049/375
f 884/1065/376 900/1077/376 885/1050/376
f 893/1051/377 907/1076/377 908/1078/377
f 885/1050/378 901/1079/378 886/1052/378
f 893/1051/379 909/1080/379 894/1053/379
f 887/1054/380 901/1079/380 902/1081/380
f 895/1055/381 909/1080/381 910/1082/381
f 887/1054/382 903/1067/382 888/1056/382
f 908/1078/383 922/1083/383 923/1084/383
f 900/1077/384 916/1085/384 901/1079/384
f 908/1078/385 924/1086/385 909/1080/385
f 902/1081/386 916/1085/386 917/1087/386
f 910/1082/387 924/1086/387 925/1088/387
f 902/1081/388 918/1089/388 903/1067/388
f 910/1082/389 926/1090/389 911/1066/389
f 904/1068/390 918/1089/390 919/1091/390
f 912/1069/391 926/1090/391 927/1092/391
f 905/1070/392 919/1091/392 920/1093/392
f 898/1072/393 702/1094/393 913/1095/393
f 928/1096/394 912/1069/394 927/1092/394
f 905/1070/395 921/1097/395 906/1074/395
f 898/1072/396 914/1098/396 899/1075/396
f 906/1074/397 922/1083/397 907/1076/397
f 899/1075/398 915/1099/398 900/1077/398
f 926/1090/399 943/1100/399 927/1092/399
f 920/1093/400 935/1101/400 936/1102/400
f 913/1095/401 702/1103/401 929/1104/401
f 928/1105/402 927/1092/402 943/1100/402
f 920/1093/403 937/1106/403 921/1097/403
f 913/1095/404 930/1107/404 914/1098/404
f 921/1097/405 938/1108/405 922/1083/405
f 914/1098/406 931/1109/406 915/1099/406
f 923/1084/407 938/1108/407 939/1110/407
f 915/1099/408 932/1111/408 916/1085/408
f 923/1084/676 940/1112/676 924/1086/676
f 917/1087/410 932/1111/410 933/1113/410
f 925/1088/411 940/1112/411 941/1114/411
f 917/1087/412 934/1115/412 918/1089/412
f 925/1088/413 942/1116/413 926/1090/413
f 919/1091/414 934/1115/414 935/1101/414
f 931/1109/415 947/1117/415 932/1111/415
f 939/1110/416 955/1118/416 940/1112/416
f 932/1111/417 948/1119/417 933/1113/417
f 941/1114/418 955/1118/418 956/1120/418
f 933/1113/419 949/1121/419 934/1115/419
f 941/1114/420 957/1122/420 942/1116/420
f 935/1101/421 949/1121/421 950/1123/421
f 942/1116/422 958/1124/422 943/1100/422
f 936/1102/727 950/1123/727 951/1125/727
f 929/1104/424 702/1126/424 944/1127/424
f 928/1128/425 943/1100/425 958/1124/425
f 936/1102/728 952/1129/728 937/1106/728
f 929/1104/427 945/1130/427 930/1107/427
f 937/1106/428 953/1131/428 938/1108/428
f 930/1107/429 946/1132/429 931/1109/429
f 939/1110/430 953/1131/430 954/1133/430
f 951/1125/431 965/1134/431 966/1135/431
f 944/1127/432 702/1136/432 959/1137/432
f 928/1138/433 958/1124/433 973/1139/433
f 951/1125/729 967/1140/729 952/1129/729
f 944/1127/435 960/1141/435 945/1130/435
f 952/1129/436 968/1142/436 953/1131/436
f 945/1130/437 961/1143/437 946/1132/437
f 954/1133/679 968/1142/679 969/1144/679
f 946/1132/439 962/1145/439 947/1117/439
f 954/1133/730 970/1146/730 955/1118/730
f 948/1119/441 962/1145/441 963/1147/441
f 956/1120/442 970/1146/442 971/1148/442
f 948/1119/443 964/1149/443 949/1121/443
f 956/1120/444 972/1150/444 957/1122/444
f 950/1123/445 964/1149/445 965/1134/445
f 957/1122/446 973/1139/446 958/1124/446
f 969/1144/447 985/1151/447 970/1146/447
f 963/1147/448 977/1152/448 978/1153/448
f 971/1148/449 985/1151/449 986/1154/449
f 963/1147/731 979/1155/731 964/1149/731
f 971/1148/451 987/1156/451 972/1150/451
f 965/1134/452 979/1155/452 980/1157/452
f 972/1150/453 988/1158/453 973/1139/453
f 966/1135/454 980/1157/454 981/1159/454
f 959/1137/732 702/1160/732 974/1161/732
f 928/1162/733 973/1139/733 988/1158/733
f 966/1135/457 982/1163/457 967/1140/457
f 959/1137/458 975/1164/458 960/1141/458
f 967/1140/459 983/1165/459 968/1142/459
f 961/1143/460 975/1164/460 976/1166/460
f 969/1144/461 983/1165/461 984/1167/461
f 961/1143/462 977/1152/462 962/1145/462
f 974/1168/734 702/1169/734 989/1170/734
f 928/1171/735 988/1172/735 1003/1173/735
f 981/1174/465 997/1175/465 982/1176/465
f 974/1168/736 990/1177/736 975/1178/736
f 982/1176/467 998/1179/467 983/1180/467
f 976/1181/468 990/1177/468 991/1182/468
f 984/1183/469 998/1179/469 999/1184/469
f 976/1181/470 992/1185/470 977/1186/470
f 984/1183/471 1000/1187/471 985/1188/471
f 978/1189/472 992/1185/472 993/1190/472
f 986/1191/473 1000/1187/473 1001/1192/473
f 978/1189/474 994/1193/474 979/1194/474
f 986/1191/475 1002/1195/475 987/1196/475
f 980/1197/476 994/1193/476 995/1198/476
f 987/1196/477 1003/1173/477 988/1172/477
f 981/1174/478 995/1198/478 996/1199/478
f 993/1190/479 1007/1200/479 1008/1201/479
f 1001/1192/480 1015/1202/480 1016/1203/480
f 993/1190/481 1009/1204/481 994/1193/481
f 1001/1192/482 1017/1205/482 1002/1195/482
f 995/1198/483 1009/1204/483 1010/1206/483
f 1002/1195/484 1018/1207/484 1003/1173/484
f 996/1199/485 1010/1206/485 1011/1208/485
f 989/1170/486 702/1209/486 1004/1210/486
f 928/1211/487 1003/1173/487 1018/1207/487
f 996/1199/488 1012/1212/488 997/1175/488
f 989/1170/489 1005/1213/489 990/1177/489
f 997/1175/490 1013/1214/490 998/1179/490
f 991/1182/491 1005/1213/491 1006/1215/491
f 999/1184/492 1013/1214/492 1014/1216/492
f 991/1182/493 1007/1200/493 992/1185/493
f 999/1184/494 1015/1202/494 1000/1187/494
f 1011/1208/495 1027/1217/495 1012/1212/495
f 1005/1213/496 1019/1218/496 1020/1219/496
f 1012/1212/497 1028/1220/497 1013/1214/497
f 1005/1213/498 1021/1221/498 1006/1215/498
f 1014/1216/499 1028/1220/499 1029/1222/499
f 1006/1215/500 1022/1223/500 1007/1200/500
f 1014/1216/501 1030/1224/501 1015/1202/501
f 1008/1201/502 1022/1223/502 1023/1225/502
f 1016/1203/503 1030/1224/503 1031/1226/503
f 1008/1201/504 1024/1227/504 1009/1204/504
f 1017/1205/505 1031/1226/505 1032/1228/505
f 1010/1206/506 1024/1227/506 1025/1229/506
f 1017/1205/507 1033/1230/507 1018/1207/507
f 1011/1208/508 1025/1229/508 1026/1231/508
f 1004/1210/509 702/1232/509 1019/1218/509
f 928/1233/510 1018/1207/510 1033/1230/510
f 1031/1226/511 1045/1234/511 1046/1235/511
f 1023/1225/512 1039/1236/512 1024/1227/512
f 1031/1226/737 1047/1237/737 1032/1228/737
f 1025/1229/514 1039/1236/514 1040/1238/514
f 1032/1228/515 1048/1239/515 1033/1230/515
f 1026/1231/516 1040/1238/516 1041/1240/516
f 1019/1218/517 702/1241/517 1034/1242/517
f 928/1243/518 1033/1230/518 1048/1239/518
f 1026/1231/519 1042/1244/519 1027/1217/519
f 1019/1218/520 1035/1245/520 1020/1219/520
f 1027/1217/521 1043/1246/521 1028/1220/521
f 1021/1221/522 1035/1245/522 1036/1247/522
f 1029/1222/523 1043/1246/523 1044/1248/523
f 1021/1221/524 1037/1249/524 1022/1223/524
f 1029/1222/525 1045/1234/525 1030/1224/525
f 1023/1225/526 1037/1249/526 1038/1250/526
f 1042/1244/527 1058/1251/527 1043/1246/527
f 1036/1247/528 1050/1252/528 1051/1253/528
f 1044/1248/529 1058/1251/529 1059/1254/529
f 1036/1247/530 1052/1255/530 1037/1249/530
f 1044/1248/738 1060/1256/738 1045/1234/738
f 1038/1250/532 1052/1255/532 1053/1257/532
f 1046/1235/533 1060/1256/533 1061/1258/533
f 1038/1250/534 1054/1259/534 1039/1236/534
f 1046/1235/535 1062/1260/535 1047/1237/535
f 1040/1238/536 1054/1259/536 1055/1261/536
f 1047/1237/537 1063/1262/537 1048/1239/537
f 1041/1240/538 1055/1261/538 1056/1263/538
f 1034/1242/539 702/1264/539 1049/1265/539
f 928/1266/540 1048/1239/540 1063/1262/540
f 1041/1240/541 1057/1267/541 1042/1244/541
f 1034/1242/542 1050/1252/542 1035/1245/542
f 1061/1258/543 1077/1268/543 1062/1260/543
f 1055/1261/544 1069/1269/544 1070/1270/544
f 1062/1260/545 1078/1271/545 1063/1262/545
f 1056/1263/546 1070/1270/546 1071/1272/546
f 1049/1265/547 702/1273/547 1064/1274/547
f 928/1275/548 1063/1262/548 1078/1271/548
f 1056/1263/549 1072/1276/549 1057/1267/549
f 1050/1252/550 1064/1274/550 1065/1277/550
f 1057/1267/551 1073/1278/551 1058/1251/551
f 1050/1252/552 1066/1279/552 1051/1253/552
f 1059/1254/553 1073/1278/553 1074/1280/553
f 1051/1253/554 1067/1281/554 1052/1255/554
f 1059/1254/555 1075/1282/555 1060/1256/555
f 1053/1257/556 1067/1281/556 1068/1283/556
f 1061/1258/557 1075/1282/557 1076/1284/557
f 1053/1257/558 1069/1269/558 1054/1259/558
f 1066/1279/559 1080/1285/559 1081/1286/559
f 1074/1280/560 1088/1287/560 1089/1288/560
f 1066/1279/561 1082/1289/561 1067/1281/561
f 1074/1280/562 1090/1290/562 1075/1282/562
f 1068/1283/739 1082/1289/739 1083/1291/739
f 1076/1284/564 1090/1290/564 1091/1292/564
f 1068/1283/714 1084/1293/714 1069/1269/714
f 1076/1284/566 1092/1294/566 1077/1268/566
f 1070/1270/567 1084/1293/567 1085/1295/567
f 1078/1271/568 1092/1294/568 1093/1296/568
f 1071/1272/569 1085/1295/569 1086/1297/569
f 1064/1274/570 702/1298/570 1079/1299/570
f 928/1300/571 1078/1271/571 1093/1296/571
f 1071/1272/572 1087/1301/572 1072/1276/572
f 1064/1274/573 1080/1285/573 1065/1277/573
f 1072/1276/574 1088/1287/574 1073/1278/574
f 1085/1295/575 1097/776/575 623/748/575
f 1092/1294/576 1102/752/576 1093/1296/576
f 1086/1297/577 623/748/577 624/754/577
f 1079/1299/578 702/1302/578 1094/755/578
f 928/1303/579 1093/1296/579 1102/752/579
f 1086/1297/580 625/760/580 1087/1301/580
f 1080/1285/581 1094/755/581 1095/761/581
f 1087/1301/582 1098/764/582 1088/1287/582
f 1081/1286/583 1095/761/583 621/765/583
f 1088/1287/584 626/768/584 1089/1288/584
f 1082/1289/585 621/765/585 1096/769/585
f 1089/1288/586 1099/772/586 1090/1290/586
f 1083/1291/587 1096/769/587 622/773/587
f 1091/1292/588 1099/772/588 1100/745/588
f 1084/1293/740 622/773/740 1097/776/740
f 1091/1292/590 1101/747/590 1092/1294/590
f 1100/745/79 639/775/79 640/746/79
f 623/748/591 1097/776/591 632/749/591
f 1101/747/81 640/746/81 641/751/81
f 623/748/592 633/750/592 634/753/592
f 624/754/593 634/753/593 635/759/593
f 1095/761/86 1094/755/86 627/757/86
f 625/760/594 635/759/594 636/763/594
f 621/765/88 1095/761/88 628/762/88
f 1098/764/595 636/763/595 637/767/595
f 1096/769/596 621/765/596 629/766/596
f 626/768/91 637/767/91 638/771/91
f 622/773/92 1096/769/92 630/770/92
f 1099/772/597 638/771/597 639/775/597
f 1097/776/741 622/773/741 631/774/741
f 639/775/95 638/771/95 653/777/95
f 631/774/96 646/793/96 647/779/96
f 640/746/97 639/775/97 654/778/97
f 633/750/98 632/749/98 647/779/98
f 640/746/599 655/780/599 656/782/599
f 633/750/100 648/781/100 649/783/100
f 634/753/600 649/783/600 650/787/600
f 627/757/104 642/785/104 643/788/104
f 635/759/105 650/787/105 651/789/105
f 628/762/106 643/788/106 644/790/106
f 636/763/107 651/789/107 652/791/107
f 629/766/108 644/790/108 645/792/108
f 637/767/601 652/791/601 653/777/601
f 630/770/602 645/792/602 646/793/602
f 642/785/111 657/808/111 658/794/111
f 650/787/603 665/810/603 666/795/603
f 643/788/113 658/794/113 659/796/113
f 652/791/604 651/789/604 666/795/604
f 644/790/115 659/796/115 660/798/115
f 653/777/116 652/791/116 667/797/116
f 645/792/606 660/798/606 661/800/606
f 654/778/118 653/777/118 668/799/118
f 646/793/607 661/800/607 662/802/607
f 654/778/120 669/801/120 670/803/120
f 647/779/121 662/802/121 663/804/121
f 655/780/608 670/803/608 671/805/608
f 648/781/609 663/804/609 664/806/609
f 650/787/610 649/783/610 664/806/610
f 661/800/611 676/826/611 677/811/611
f 669/801/128 684/827/128 685/812/128
f 663/804/612 662/802/612 677/811/612
f 670/803/130 685/812/130 686/814/130
f 664/806/131 663/804/131 678/813/131
f 664/806/134 679/815/134 680/819/134
f 657/808/135 672/817/135 673/820/135
f 665/810/613 680/819/613 681/821/613
f 658/794/137 673/820/137 674/822/137
f 667/797/614 666/795/614 681/821/614
f 659/796/139 674/822/139 675/824/139
f 667/797/742 682/823/742 683/825/742
f 660/798/141 675/824/141 676/826/141
f 668/799/142 683/825/142 684/827/142
f 680/819/143 695/843/143 696/828/143
f 673/820/144 688/844/144 689/829/144
f 682/823/145 681/821/145 696/828/145
f 674/822/146 689/829/146 690/831/146
f 682/823/616 697/830/616 698/832/616
f 676/826/148 675/824/148 690/831/148
f 683/825/149 698/832/149 699/834/149
f 676/826/150 691/833/150 692/835/150
f 685/812/743 684/827/743 699/834/743
f 678/813/152 677/811/152 692/835/152
f 685/812/153 700/836/153 701/838/153
f 679/815/617 678/813/617 693/837/617
f 679/815/744 694/839/744 695/843/744
f 672/817/619 687/841/619 688/844/619
f 699/834/620 715/861/620 716/845/620
f 693/837/160 692/835/160 708/846/160
f 701/838/621 700/836/621 716/845/621
f 694/839/162 693/837/162 709/847/162
f 694/839/165 710/849/165 711/853/165
f 687/841/166 703/851/166 704/854/166
f 695/843/167 711/853/167 712/855/167
f 688/844/168 704/854/168 705/856/168
f 697/830/169 696/828/169 712/855/169
f 689/829/170 705/856/170 706/858/170
f 697/830/622 713/857/622 714/859/622
f 691/833/623 690/831/623 706/858/623
f 698/832/173 714/859/173 715/861/173
f 691/833/174 707/860/174 708/846/174
f 704/854/175 719/878/175 720/862/175
f 713/857/624 712/855/624 727/863/624
f 705/856/177 720/862/177 721/865/177
f 713/857/625 728/864/625 729/866/625
f 707/860/626 706/858/626 721/865/626
f 715/861/180 714/859/180 729/866/180
f 707/860/627 722/867/627 723/869/627
f 716/845/628 715/861/628 730/868/628
f 709/847/183 708/846/183 723/869/183
f 716/845/184 731/870/184 732/872/184
f 710/849/185 709/847/185 724/871/185
f 710/849/745 725/873/745 726/877/745
f 704/854/189 703/851/189 718/875/189
f 711/853/190 726/877/190 727/863/190
f 724/871/629 723/869/629 738/879/629
f 731/870/192 746/895/192 747/881/192
f 725/873/746 724/871/746 739/880/746
f 725/873/747 740/882/747 741/886/747
f 719/878/630 718/875/630 733/884/630
f 726/877/631 741/886/631 742/888/631
f 719/878/199 734/887/199 735/889/199
f 728/864/200 727/863/200 742/888/200
f 720/862/201 735/889/201 736/891/201
f 728/864/748 743/890/748 744/892/748
f 722/867/203 721/865/203 736/891/203
f 730/868/204 729/866/204 744/892/204
f 722/867/205 737/893/205 738/879/205
f 730/868/206 745/894/206 746/895/206
f 743/890/749 742/888/749 757/896/749
f 735/889/208 750/912/208 751/898/208
f 743/890/209 758/897/209 759/899/209
f 737/893/210 736/891/210 751/898/210
f 745/894/211 744/892/211 759/899/211
f 737/893/633 752/900/633 753/902/633
f 745/894/213 760/901/213 761/903/213
f 739/880/634 738/879/634 753/902/634
f 746/895/215 761/903/215 762/905/215
f 740/882/216 739/880/216 754/904/216
f 740/882/219 755/906/219 756/910/219
f 733/884/635 748/908/635 749/911/635
f 741/886/636 756/910/636 757/896/636
f 734/887/222 749/911/222 750/912/222
f 762/905/637 761/903/637 776/913/637
f 755/906/224 754/904/224 769/915/224
f 755/906/227 770/916/227 771/920/227
f 748/908/228 763/918/228 764/921/228
f 756/910/229 771/920/229 772/922/229
f 750/912/230 749/911/230 764/921/230
f 758/897/639 757/896/639 772/922/639
f 750/912/232 765/923/232 766/925/232
f 758/897/640 773/924/640 774/926/640
f 752/900/641 751/898/641 766/925/641
f 760/901/235 759/899/235 774/926/235
f 752/900/750 767/927/750 768/929/750
f 760/901/237 775/928/237 776/913/237
f 754/904/238 753/902/238 768/929/238
f 773/924/643 788/946/643 789/930/643
f 767/927/240 766/925/240 781/931/240
f 775/928/241 774/926/241 789/930/241
f 767/927/242 782/932/242 783/934/242
f 775/928/243 790/933/243 791/935/243
f 769/915/244 768/929/244 783/934/244
f 776/913/245 791/935/245 792/937/245
f 770/916/644 769/915/644 784/936/644
f 770/916/249 785/938/249 786/942/249
f 763/918/250 778/940/250 779/943/250
f 771/920/251 786/942/251 787/944/251
f 765/923/252 764/921/252 779/943/252
f 773/924/253 772/922/253 787/944/253
f 765/923/254 780/945/254 781/931/254
f 785/938/257 800/963/257 801/951/257
f 778/940/258 793/948/258 794/952/258
f 786/942/259 801/951/259 802/953/259
f 779/943/260 794/952/260 795/954/260
f 788/946/261 787/944/261 802/953/261
f 780/945/262 795/954/262 796/956/262
f 788/946/751 803/955/751 804/957/751
f 782/932/264 781/931/264 796/956/264
f 789/930/265 804/957/265 805/959/265
f 782/932/266 797/958/266 798/960/266
f 791/935/646 790/933/646 805/959/646
f 784/936/268 783/934/268 798/960/268
f 792/937/269 791/935/269 806/961/269
f 785/938/270 784/936/270 799/962/270
f 797/958/271 796/956/271 811/964/271
f 805/959/272 804/957/272 819/966/272
f 797/958/273 812/965/273 813/968/273
f 805/959/274 820/967/274 821/969/274
f 799/962/275 798/960/275 813/968/275
f 806/961/276 821/969/276 822/971/276
f 800/963/648 799/962/648 814/970/648
f 800/963/649 815/972/649 816/976/649
f 794/952/650 793/948/650 808/974/650
f 801/951/282 816/976/282 817/978/282
f 795/954/283 794/952/283 809/977/283
f 803/955/284 802/953/284 817/978/284
f 795/954/285 810/979/285 811/964/285
f 803/955/286 818/980/286 819/966/286
f 815/972/287 830/994/287 831/981/287
f 808/974/288 823/996/288 824/982/288
f 816/976/289 831/981/289 832/983/289
f 809/977/290 824/982/290 825/984/290
f 818/980/291 817/978/291 832/983/291
f 810/979/292 825/984/292 826/986/292
f 818/980/293 833/985/293 834/987/293
f 812/965/294 811/964/294 826/986/294
f 820/967/295 819/966/295 834/987/295
f 812/965/296 827/988/296 828/990/296
f 820/967/297 835/989/297 836/991/297
f 814/970/298 813/968/298 828/990/298
f 821/969/651 836/991/651 837/993/651
f 815/972/300 814/970/300 829/992/300
f 835/989/303 834/987/303 849/998/303
f 827/988/652 842/1014/652 843/1000/652
f 835/989/305 850/999/305 851/1001/305
f 829/992/306 828/990/306 843/1000/306
f 836/991/307 851/1001/307 852/1003/307
f 830/994/308 829/992/308 844/1002/308
f 830/994/311 845/1004/311 846/1008/311
f 823/996/312 838/1006/312 839/1009/312
f 831/981/313 846/1008/313 847/1010/313
f 824/982/653 839/1009/653 840/1011/653
f 833/985/654 832/983/654 847/1010/654
f 825/984/316 840/1011/316 841/1013/316
f 833/985/655 848/1012/655 849/998/655
f 827/988/656 826/986/656 841/1013/656
f 838/1006/319 853/1029/319 854/1015/319
f 846/1008/320 861/1031/320 862/1016/320
f 840/1011/321 839/1009/321 854/1015/321
f 848/1012/322 847/1010/322 862/1016/322
f 840/1011/323 855/1017/323 856/1019/323
f 848/1012/657 863/1018/657 864/1020/657
f 842/1014/325 841/1013/325 856/1019/325
f 850/999/326 849/998/326 864/1020/326
f 842/1014/327 857/1021/327 858/1023/327
f 850/999/328 865/1022/328 866/1024/328
f 844/1002/329 843/1000/329 858/1023/329
f 852/1003/330 851/1001/330 866/1024/330
f 845/1004/658 844/1002/658 859/1025/658
f 845/1004/659 860/1027/659 861/1031/659
f 857/1021/335 872/1047/335 873/1032/335
f 865/1022/336 880/1048/336 881/1033/336
f 859/1025/337 858/1023/337 873/1032/337
f 866/1024/338 881/1033/338 882/1035/338
f 860/1027/660 859/1025/660 874/1034/660
f 860/1027/661 875/1036/661 876/1040/661
f 853/1029/343 868/1038/343 869/1041/343
f 861/1031/344 876/1040/344 877/1042/344
f 854/1015/345 869/1041/345 870/1043/345
f 863/1018/346 862/1016/346 877/1042/346
f 855/1017/347 870/1043/347 871/1045/347
f 863/1018/662 878/1044/662 879/1046/662
f 857/1021/349 856/1019/349 871/1045/349
f 865/1022/350 864/1020/350 879/1046/350
f 876/1040/351 891/1064/351 892/1049/351
f 869/1041/663 884/1065/663 885/1050/663
f 878/1044/664 877/1042/664 892/1049/664
f 870/1043/354 885/1050/354 886/1052/354
f 878/1044/665 893/1051/665 894/1053/665
f 872/1047/356 871/1045/356 886/1052/356
f 880/1048/357 879/1046/357 894/1053/357
f 872/1047/666 887/1054/666 888/1056/666
f 880/1048/359 895/1055/359 896/1057/359
f 874/1034/360 873/1032/360 888/1056/360
f 881/1033/361 896/1057/361 897/1059/361
f 875/1036/667 874/1034/667 889/1058/667
f 875/1036/365 890/1060/365 891/1064/365
f 869/1041/366 868/1038/366 883/1062/366
f 895/1055/367 910/1082/367 911/1066/367
f 889/1058/368 888/1056/368 903/1067/368
f 897/1059/668 896/1057/668 911/1066/668
f 890/1060/370 889/1058/370 904/1068/370
f 890/1060/373 905/1070/373 906/1074/373
f 884/1065/374 883/1062/374 898/1072/374
f 891/1064/375 906/1074/375 907/1076/375
f 884/1065/376 899/1075/376 900/1077/376
f 893/1051/377 892/1049/377 907/1076/377
f 885/1050/378 900/1077/378 901/1079/378
f 893/1051/379 908/1078/379 909/1080/379
f 887/1054/669 886/1052/669 901/1079/669
f 895/1055/381 894/1053/381 909/1080/381
f 887/1054/382 902/1081/382 903/1067/382
f 908/1078/383 907/1076/383 922/1083/383
f 900/1077/384 915/1099/384 916/1085/384
f 908/1078/385 923/1084/385 924/1086/385
f 902/1081/386 901/1079/386 916/1085/386
f 910/1082/387 909/1080/387 924/1086/387
f 902/1081/388 917/1087/388 918/1089/388
f 910/1082/389 925/1088/389 926/1090/389
f 904/1068/390 903/1067/390 918/1089/390
f 912/1069/391 911/1066/391 926/1090/391
f 905/1070/670 904/1068/670 919/1091/670
f 905/1070/671 920/1093/671 921/1097/671
f 898/1072/672 913/1095/672 914/1098/672
f 906/1074/397 921/1097/397 922/1083/397
f 899/1075/398 914/1098/398 915/1099/398
f 926/1090/399 942/1116/399 943/1100/399
f 920/1093/673 919/1091/673 935/1101/673
f 920/1093/403 936/1102/403 937/1106/403
f 913/1095/675 929/1104/675 930/1107/675
f 921/1097/405 937/1106/405 938/1108/405
f 914/1098/406 930/1107/406 931/1109/406
f 923/1084/407 922/1083/407 938/1108/407
f 915/1099/408 931/1109/408 932/1111/408
f 923/1084/676 939/1110/676 940/1112/676
f 917/1087/410 916/1085/410 932/1111/410
f 925/1088/411 924/1086/411 940/1112/411
f 917/1087/412 933/1113/412 934/1115/412
f 925/1088/677 941/1114/677 942/1116/677
f 919/1091/414 918/1089/414 934/1115/414
f 931/1109/415 946/1132/415 947/1117/415
f 939/1110/678 954/1133/678 955/1118/678
f 932/1111/417 947/1117/417 948/1119/417
f 941/1114/418 940/1112/418 955/1118/418
f 933/1113/419 948/1119/419 949/1121/419
f 941/1114/420 956/1120/420 957/1122/420
f 935/1101/421 934/1115/421 949/1121/421
f 942/1116/422 957/1122/422 958/1124/422
f 936/1102/727 935/1101/727 950/1123/727
f 936/1102/752 951/1125/752 952/1129/752
f 929/1104/427 944/1127/427 945/1130/427
f 937/1106/428 952/1129/428 953/1131/428
f 930/1107/429 945/1130/429 946/1132/429
f 939/1110/430 938/1108/430 953/1131/430
f 951/1125/753 950/1123/753 965/1134/753
f 951/1125/434 966/1135/434 967/1140/434
f 944/1127/435 959/1137/435 960/1141/435
f 952/1129/436 967/1140/436 968/1142/436
f 945/1130/437 960/1141/437 961/1143/437
f 954/1133/679 953/1131/679 968/1142/679
f 946/1132/439 961/1143/439 962/1145/439
f 954/1133/680 969/1144/680 970/1146/680
f 948/1119/681 947/1117/681 962/1145/681
f 956/1120/442 955/1118/442 970/1146/442
f 948/1119/443 963/1147/443 964/1149/443
f 956/1120/444 971/1148/444 972/1150/444
f 950/1123/445 949/1121/445 964/1149/445
f 957/1122/683 972/1150/683 973/1139/683
f 969/1144/447 984/1167/447 985/1151/447
f 963/1147/448 962/1145/448 977/1152/448
f 971/1148/449 970/1146/449 985/1151/449
f 963/1147/684 978/1153/684 979/1155/684
f 971/1148/451 986/1154/451 987/1156/451
f 965/1134/452 964/1149/452 979/1155/452
f 972/1150/453 987/1156/453 988/1158/453
f 966/1135/685 965/1134/685 980/1157/685
f 966/1135/686 981/1159/686 982/1163/686
f 959/1137/754 974/1161/754 975/1164/754
f 967/1140/459 982/1163/459 983/1165/459
f 961/1143/460 960/1141/460 975/1164/460
f 969/1144/461 968/1142/461 983/1165/461
f 961/1143/462 976/1166/462 977/1152/462
f 981/1174/688 996/1199/688 997/1175/688
f 974/1168/466 989/1170/466 990/1177/466
f 982/1176/689 997/1175/689 998/1179/689
f 976/1181/468 975/1178/468 990/1177/468
f 984/1183/690 983/1180/690 998/1179/690
f 976/1181/470 991/1182/470 992/1185/470
f 984/1183/471 999/1184/471 1000/1187/471
f 978/1189/472 977/1186/472 992/1185/472
f 986/1191/473 985/1188/473 1000/1187/473
f 978/1189/691 993/1190/691 994/1193/691
f 986/1191/475 1001/1192/475 1002/1195/475
f 980/1197/692 979/1194/692 994/1193/692
f 987/1196/477 1002/1195/477 1003/1173/477
f 981/1174/693 980/1197/693 995/1198/693
f 993/1190/755 992/1185/755 1007/1200/755
f 1001/1192/480 1000/1187/480 1015/1202/480
f 993/1190/694 1008/1201/694 1009/1204/694
f 1001/1192/482 1016/1203/482 1017/1205/482
f 995/1198/483 994/1193/483 1009/1204/483
f 1002/1195/484 1017/1205/484 1018/1207/484
f 996/1199/695 995/1198/695 1010/1206/695
f 996/1199/696 1011/1208/696 1012/1212/696
f 989/1170/489 1004/1210/489 1005/1213/489
f 997/1175/490 1012/1212/490 1013/1214/490
f 991/1182/491 990/1177/491 1005/1213/491
f 999/1184/697 998/1179/697 1013/1214/697
f 991/1182/493 1006/1215/493 1007/1200/493
f 999/1184/698 1014/1216/698 1015/1202/698
f 1011/1208/495 1026/1231/495 1027/1217/495
f 1005/1213/496 1004/1210/496 1019/1218/496
f 1012/1212/497 1027/1217/497 1028/1220/497
f 1005/1213/498 1020/1219/498 1021/1221/498
f 1014/1216/499 1013/1214/499 1028/1220/499
f 1006/1215/500 1021/1221/500 1022/1223/500
f 1014/1216/699 1029/1222/699 1030/1224/699
f 1008/1201/502 1007/1200/502 1022/1223/502
f 1016/1203/503 1015/1202/503 1030/1224/503
f 1008/1201/504 1023/1225/504 1024/1227/504
f 1017/1205/505 1016/1203/505 1031/1226/505
f 1010/1206/506 1009/1204/506 1024/1227/506
f 1017/1205/700 1032/1228/700 1033/1230/700
f 1011/1208/756 1010/1206/756 1025/1229/756
f 1031/1226/511 1030/1224/511 1045/1234/511
f 1023/1225/702 1038/1250/702 1039/1236/702
f 1031/1226/513 1046/1235/513 1047/1237/513
f 1025/1229/514 1024/1227/514 1039/1236/514
f 1032/1228/515 1047/1237/515 1048/1239/515
f 1026/1231/704 1025/1229/704 1040/1238/704
f 1026/1231/705 1041/1240/705 1042/1244/705
f 1019/1218/520 1034/1242/520 1035/1245/520
f 1027/1217/521 1042/1244/521 1043/1246/521
f 1021/1221/522 1020/1219/522 1035/1245/522
f 1029/1222/706 1028/1220/706 1043/1246/706
f 1021/1221/524 1036/1247/524 1037/1249/524
f 1029/1222/525 1044/1248/525 1045/1234/525
f 1023/1225/526 1022/1223/526 1037/1249/526
f 1042/1244/527 1057/1267/527 1058/1251/527
f 1036/1247/528 1035/1245/528 1050/1252/528
f 1044/1248/529 1043/1246/529 1058/1251/529
f 1036/1247/530 1051/1253/530 1052/1255/530
f 1044/1248/531 1059/1254/531 1060/1256/531
f 1038/1250/707 1037/1249/707 1052/1255/707
f 1046/1235/533 1045/1234/533 1060/1256/533
f 1038/1250/534 1053/1257/534 1054/1259/534
f 1046/1235/708 1061/1258/708 1062/1260/708
f 1040/1238/536 1039/1236/536 1054/1259/536
f 1047/1237/537 1062/1260/537 1063/1262/537
f 1041/1240/538 1040/1238/538 1055/1261/538
f 1041/1240/541 1056/1263/541 1057/1267/541
f 1034/1242/709 1049/1265/709 1050/1252/709
f 1061/1258/543 1076/1284/543 1077/1268/543
f 1055/1261/544 1054/1259/544 1069/1269/544
f 1062/1260/710 1077/1268/710 1078/1271/710
f 1056/1263/546 1055/1261/546 1070/1270/546
f 1056/1263/549 1071/1272/549 1072/1276/549
f 1050/1252/550 1049/1265/550 1064/1274/550
f 1057/1267/551 1072/1276/551 1073/1278/551
f 1050/1252/711 1065/1277/711 1066/1279/711
f 1059/1254/553 1058/1251/553 1073/1278/553
f 1051/1253/554 1066/1279/554 1067/1281/554
f 1059/1254/555 1074/1280/555 1075/1282/555
f 1053/1257/556 1052/1255/556 1067/1281/556
f 1061/1258/557 1060/1256/557 1075/1282/557
f 1053/1257/558 1068/1283/558 1069/1269/558
f 1066/1279/559 1065/1277/559 1080/1285/559
f 1074/1280/560 1073/1278/560 1088/1287/560
f 1066/1279/561 1081/1286/561 1082/1289/561
f 1074/1280/712 1089/1288/712 1090/1290/712
f 1068/1283/713 1067/1281/713 1082/1289/713
f 1076/1284/564 1075/1282/564 1090/1290/564
f 1068/1283/714 1083/1291/714 1084/1293/714
f 1076/1284/566 1091/1292/566 1092/1294/566
f 1070/1270/567 1069/1269/567 1084/1293/567
f 1078/1271/715 1077/1268/715 1092/1294/715
f 1071/1272/569 1070/1270/569 1085/1295/569
f 1071/1272/572 1086/1297/572 1087/1301/572
f 1064/1274/573 1079/1299/573 1080/1285/573
f 1072/1276/574 1087/1301/574 1088/1287/574
f 1085/1295/575 1084/1293/575 1097/776/575
f 1092/1294/576 1101/747/576 1102/752/576
f 1086/1297/716 1085/1295/716 623/748/716
f 1086/1297/717 624/754/717 625/760/717
f 1080/1285/581 1079/1299/581 1094/755/581
f 1087/1301/582 625/760/582 1098/764/582
f 1081/1286/583 1080/1285/583 1095/761/583
f 1088/1287/718 1098/764/718 626/768/718
f 1082/1289/719 1081/1286/719 621/765/719
f 1089/1288/586 626/768/586 1099/772/586
f 1083/1291/587 1082/1289/587 1096/769/587
f 1091/1292/720 1090/1290/720 1099/772/720
f 1084/1293/721 1083/1291/721 622/773/721
f 1091/1292/590 1100/745/590 1101/747/590
f 4/5/25 40/45/25 3/39/25
f 35/1/1 32/176/1 23/2/1
f 43/4/2 41/15/2 4/5/2
f 73/7/3 69/30/3 80/8/3
f 41/15/757 43/4/758 39/16/759
f 11/18/760 2/53/761 8/19/762
f 87/24/12 78/32/12 77/25/12
f 70/29/13 89/1304/13 80/8/13
f 90/31/1 76/117/1 78/32/1
f 60/37/3 56/82/3 69/30/3
f 42/38/763 6/147/764 3/39/765
f 3/39/766 40/45/767 38/40/768
f 112/41/12 116/124/12 118/42/12
f 41/15/17 37/17/17 36/44/17
f 59/46/18 58/84/18 95/47/18
f 35/1/19 21/3/19 15/49/19
f 8/19/769 21/3/770 23/2/771
f 11/18/23 10/21/23 1/23/23
f 29/54/24 19/146/24 49/55/24
f 4/5/25 3/39/25 10/21/25
f 38/40/772 46/71/773 49/55/774
f 2/53/13 1/23/13 14/57/13
f 47/58/29 45/125/29 37/17/29
f 93/59/31 101/75/31 99/60/31
f 102/62/29 94/139/29 92/63/29
f 100/64/4 99/60/4 105/65/4
f 55/67/32 47/58/32 48/68/32
f 101/75/33 104/74/33 108/70/33
f 108/70/33 49/55/33 46/71/33
f 106/72/33 101/75/33 108/70/33
f 96/48/34 95/47/34 91/61/34
f 4/5/2 11/18/2 13/20/2
f 93/59/775 97/128/776 104/74/777
f 22/76/12 48/68/12 43/4/12
f 67/77/24 79/136/24 74/78/24
f 37/17/4 45/125/4 44/80/4
f 66/81/38 57/86/38 56/82/38
f 65/83/778 60/37/779 67/77/780
f 67/77/781 61/79/782 58/84/783
f 59/46/784 64/137/785 68/85/786
f 68/85/787 63/94/788 57/86/789
f 57/86/790 66/81/791 59/46/792
f 5/22/793 12/109/794 24/87/795
f 78/32/796 76/117/797 63/94/798
f 98/95/12 103/132/12 77/96/12
f 79/136/46 73/7/46 83/9/46
f 83/9/46 18/88/46 24/87/46
f 88/98/46 79/136/46 83/9/46
f 114/101/13 113/166/13 111/102/13
f 18/88/3 28/155/3 25/108/3
f 12/109/24 6/138/24 19/110/24
f 15/49/13 14/57/13 25/108/13
f 130/111/52 136/180/52 135/112/52
f 128/114/12 132/172/12 134/115/12
f 90/31/19 89/1304/19 70/29/19
f 84/120/24 108/70/24 104/74/24
f 112/122/18 111/1305/18 115/123/18
f 45/125/4 54/1306/4 50/126/4
f 95/47/799 58/84/800 61/127/801
f 97/128/802 93/59/803 95/47/804
f 64/97/805 59/46/806 96/48/807
f 96/48/808 94/139/809 98/95/810
f 101/75/31 106/72/31 105/65/31
f 48/68/811 47/58/812 39/16/813
f 52/69/12 48/68/12 22/76/12
f 13/20/12 23/2/12 22/130/12
f 107/131/12 86/1307/12 77/96/12
f 110/133/32 107/131/32 103/132/32
f 116/124/4 115/123/4 117/134/4
f 84/135/24 74/78/24 79/136/24
f 92/63/4 91/61/4 99/60/4
f 77/25/12 78/32/12 68/85/12
f 55/67/29 54/1306/29 45/125/29
f 110/133/29 102/62/29 100/64/29
f 12/109/814 5/22/815 10/21/816
f 10/21/817 3/39/818 6/138/819
f 94/139/820 102/62/821 103/132/822
f 38/40/31 36/44/31 44/80/31
f 60/37/46 73/7/823 79/136/824
f 29/140/24 33/154/24 24/87/24
f 42/38/24 49/55/24 19/146/24
f 59/46/18 66/81/18 65/83/18
f 97/128/24 61/127/24 74/121/24
f 122/156/13 121/171/13 119/157/13
f 120/159/12 124/162/12 126/160/12
f 124/162/4 123/168/4 125/163/4
f 57/86/13 70/29/13 69/30/13
f 118/42/25 117/134/25 113/166/25
f 120/167/18 119/1308/18 123/168/18
f 21/3/19 8/19/19 2/53/19
f 46/71/31 44/80/31 50/126/31
f 76/117/19 70/29/19 57/86/19
f 126/160/25 125/163/25 121/171/25
f 5/22/3 18/88/3 14/57/3
f 132/172/76 138/175/76 137/173/76
f 128/174/77 135/185/77 138/175/77
f 32/176/12 31/1309/12 22/130/12
f 134/115/78 137/173/78 136/180/78
f 4/5/25 41/15/25 40/45/25
