# Blender 4.2.1 LTS
# www.blender.org
mtllib playerHead.mtl
o 球
v -0.224051 0.637382 0.440694
v -0.224234 0.621168 0.456907
v -0.224332 0.599984 0.465681
v -0.224345 0.588518 0.466811
v -0.224332 0.577053 0.465681
v -0.224234 0.555869 0.456907
v -0.226047 0.646157 0.419265
v -0.228319 0.642813 0.430053
v -0.230413 0.637382 0.439995
v -0.232249 0.630074 0.448709
v -0.233755 0.621168 0.455861
v -0.234875 0.611008 0.461175
v -0.235564 0.599984 0.464447
v -0.235797 0.588518 0.465552
v -0.235564 0.577053 0.464447
v -0.234875 0.566029 0.461175
v -0.233755 0.555869 0.455861
v -0.232249 0.546963 0.448709
v -0.230413 0.539654 0.439995
v -0.228319 0.534224 0.430053
v -0.226047 0.530879 0.419265
v -0.228190 0.646157 0.418588
v -0.232523 0.642813 0.428726
v -0.236517 0.637382 0.438068
v -0.240017 0.630074 0.446257
v -0.242890 0.621168 0.452977
v -0.245025 0.611008 0.457971
v -0.246339 0.599984 0.461046
v -0.246783 0.588518 0.462084
v -0.246339 0.577053 0.461046
v -0.245025 0.566029 0.457971
v -0.242890 0.555869 0.452977
v -0.240017 0.546963 0.446257
v -0.236517 0.539654 0.438068
v -0.232523 0.534224 0.428726
v -0.228190 0.530879 0.418588
v -0.230160 0.646157 0.417507
v -0.236388 0.642813 0.426604
v -0.242127 0.637382 0.434987
v -0.247158 0.630074 0.442336
v -0.251287 0.621168 0.448367
v -0.254354 0.611008 0.452848
v -0.256244 0.599984 0.455608
v -0.256881 0.588518 0.456539
v -0.256244 0.577053 0.455608
v -0.254354 0.566029 0.452848
v -0.251287 0.555869 0.448367
v -0.247158 0.546963 0.442336
v -0.242127 0.539654 0.434987
v -0.236388 0.534224 0.426604
v -0.230160 0.530879 0.417507
v -0.231881 0.646157 0.416061
v -0.239764 0.642813 0.423769
v -0.247029 0.637382 0.430872
v -0.253397 0.630074 0.437097
v -0.258622 0.621168 0.442207
v -0.262505 0.611008 0.446004
v -0.264897 0.599984 0.448342
v -0.265704 0.588518 0.449131
v -0.264897 0.577053 0.448342
v -0.262505 0.566029 0.446004
v -0.258622 0.555869 0.442207
v -0.253397 0.546963 0.437097
v -0.247029 0.539654 0.430872
v -0.239764 0.534224 0.423769
v -0.231881 0.530879 0.416061
v -0.233287 0.646157 0.414308
v -0.242522 0.642813 0.420329
v -0.251033 0.637382 0.425879
v -0.258493 0.630074 0.430743
v -0.264615 0.621168 0.434734
v -0.269165 0.611008 0.437700
v -0.271966 0.599984 0.439527
v -0.272912 0.588518 0.440144
v -0.271966 0.577053 0.439527
v -0.269165 0.566029 0.437700
v -0.264615 0.555869 0.434734
v -0.258493 0.546963 0.430743
v -0.251033 0.539654 0.425879
v -0.242522 0.534224 0.420329
v -0.233287 0.530879 0.414308
v -0.223683 0.647287 0.408046
v -0.234325 0.646157 0.412314
v -0.244557 0.642813 0.416418
v -0.253987 0.637382 0.420200
v -0.262252 0.630074 0.423515
v -0.269036 0.621168 0.426236
v -0.274076 0.611008 0.428258
v -0.277180 0.599984 0.429503
v -0.278228 0.588518 0.429923
v -0.277180 0.577053 0.429503
v -0.274076 0.566029 0.428258
v -0.269036 0.555869 0.426236
v -0.262252 0.546963 0.423515
v -0.253987 0.539654 0.420200
v -0.244557 0.534224 0.416418
v -0.234325 0.530879 0.412314
v -0.234953 0.646157 0.410156
v -0.245789 0.642813 0.412185
v -0.255776 0.637382 0.414055
v -0.264529 0.630074 0.415694
v -0.271713 0.621168 0.417039
v -0.277051 0.611008 0.418038
v -0.280338 0.599984 0.418654
v -0.281448 0.588518 0.418861
v -0.280338 0.577053 0.418654
v -0.277051 0.566029 0.418038
v -0.271713 0.555869 0.417039
v -0.264529 0.546963 0.415694
v -0.255776 0.539654 0.414055
v -0.245789 0.534224 0.412185
v -0.234953 0.530879 0.410156
v -0.235148 0.646157 0.407917
v -0.246172 0.642813 0.407793
v -0.256331 0.637382 0.407678
v -0.265236 0.630074 0.407578
v -0.272544 0.621168 0.407496
v -0.277975 0.611008 0.407435
v -0.281319 0.599984 0.407397
v -0.282448 0.588518 0.407384
v -0.281319 0.577053 0.407397
v -0.277975 0.566029 0.407435
v -0.272544 0.555869 0.407496
v -0.265236 0.546963 0.407578
v -0.256331 0.539654 0.407678
v -0.246172 0.534224 0.407793
v -0.235148 0.530879 0.407917
v -0.234902 0.646157 0.405683
v -0.245690 0.642813 0.403410
v -0.255632 0.637382 0.401316
v -0.264347 0.630074 0.399481
v -0.271498 0.621168 0.397974
v -0.276812 0.611008 0.396855
v -0.280085 0.599984 0.396165
v -0.281190 0.588518 0.395933
v -0.280085 0.577053 0.396165
v -0.276812 0.566029 0.396855
v -0.271498 0.555869 0.397974
v -0.264347 0.546963 0.399481
v -0.255632 0.539654 0.401316
v -0.245690 0.534224 0.403410
v -0.234902 0.530879 0.405683
v -0.234226 0.646157 0.403540
v -0.244363 0.642813 0.399206
v -0.253705 0.637382 0.395213
v -0.261894 0.630074 0.391712
v -0.268615 0.621168 0.388840
v -0.273608 0.611008 0.386705
v -0.276683 0.599984 0.385390
v -0.277722 0.588518 0.384947
v -0.276683 0.577053 0.385390
v -0.273608 0.566029 0.386705
v -0.268615 0.555869 0.388840
v -0.261894 0.546963 0.391712
v -0.253705 0.539654 0.395213
v -0.244363 0.534224 0.399206
v -0.234226 0.530879 0.403540
v -0.233144 0.646157 0.401569
v -0.242241 0.642813 0.395342
v -0.250625 0.637382 0.389602
v -0.257973 0.630074 0.384572
v -0.264004 0.621168 0.380443
v -0.268485 0.611008 0.377375
v -0.271245 0.599984 0.375486
v -0.272177 0.588518 0.374848
v -0.271245 0.577053 0.375486
v -0.268485 0.566029 0.377375
v -0.264004 0.555869 0.380443
v -0.257973 0.546963 0.384572
v -0.250625 0.539654 0.389602
v -0.242241 0.534224 0.395342
v -0.233144 0.530879 0.401569
v -0.231699 0.646157 0.399848
v -0.239406 0.642813 0.391965
v -0.246509 0.637382 0.384701
v -0.252735 0.630074 0.378333
v -0.257844 0.621168 0.373107
v -0.261641 0.611008 0.369224
v -0.263979 0.599984 0.366833
v -0.264768 0.588518 0.366025
v -0.263979 0.577053 0.366833
v -0.261641 0.566029 0.369224
v -0.257844 0.555869 0.373107
v -0.252735 0.546963 0.378333
v -0.246509 0.539654 0.384701
v -0.239406 0.534224 0.391965
v -0.231699 0.530879 0.399848
v -0.229945 0.646157 0.398442
v -0.235967 0.642813 0.389207
v -0.241516 0.637382 0.380696
v -0.246380 0.630074 0.373236
v -0.250372 0.621168 0.367114
v -0.253338 0.611008 0.362565
v -0.255164 0.599984 0.359763
v -0.255781 0.588518 0.358818
v -0.255164 0.577053 0.359763
v -0.253338 0.566029 0.362565
v -0.250372 0.555869 0.367114
v -0.246380 0.546963 0.373236
v -0.241516 0.539654 0.380696
v -0.235967 0.534224 0.389207
v -0.229945 0.530879 0.398442
v -0.227951 0.646157 0.397405
v -0.232055 0.642813 0.387173
v -0.235838 0.637382 0.377743
v -0.239153 0.630074 0.369477
v -0.241873 0.621168 0.362694
v -0.243895 0.611008 0.357653
v -0.245140 0.599984 0.354550
v -0.245560 0.588518 0.353502
v -0.245140 0.577053 0.354550
v -0.243895 0.566029 0.357653
v -0.241873 0.555869 0.362694
v -0.239153 0.546963 0.369477
v -0.235838 0.539654 0.377743
v -0.232055 0.534224 0.387173
v -0.227951 0.530879 0.397405
v -0.225793 0.646157 0.396777
v -0.227822 0.642813 0.385941
v -0.229692 0.637382 0.375954
v -0.231331 0.630074 0.367200
v -0.232676 0.621168 0.360017
v -0.233676 0.611008 0.354679
v -0.234291 0.599984 0.351392
v -0.234499 0.588518 0.350282
v -0.234291 0.577053 0.351392
v -0.233676 0.566029 0.354679
v -0.232676 0.555869 0.360017
v -0.231331 0.546963 0.367200
v -0.229692 0.539654 0.375954
v -0.227822 0.534224 0.385941
v -0.225793 0.530879 0.396777
v -0.223554 0.646157 0.396582
v -0.223430 0.642813 0.385558
v -0.223316 0.637382 0.375398
v -0.223216 0.630074 0.366493
v -0.223133 0.621168 0.359185
v -0.223072 0.611008 0.353755
v -0.223035 0.599984 0.350411
v -0.223022 0.588518 0.349282
v -0.223035 0.577053 0.350411
v -0.223072 0.566029 0.353755
v -0.223133 0.555869 0.359185
v -0.223216 0.546963 0.366493
v -0.223316 0.539654 0.375398
v -0.223430 0.534224 0.385558
v -0.223554 0.530879 0.396582
v -0.221320 0.646157 0.396827
v -0.219048 0.642813 0.386039
v -0.216954 0.637382 0.376097
v -0.215118 0.630074 0.367383
v -0.213612 0.621168 0.360231
v -0.212492 0.611008 0.354917
v -0.211803 0.599984 0.351645
v -0.211570 0.588518 0.350540
v -0.211803 0.577053 0.351645
v -0.212492 0.566029 0.354917
v -0.213612 0.555869 0.360231
v -0.215118 0.546963 0.367383
v -0.216954 0.539654 0.376097
v -0.219048 0.534224 0.386039
v -0.221320 0.530879 0.396827
v -0.219177 0.646157 0.397504
v -0.214844 0.642813 0.387367
v -0.210850 0.637382 0.378024
v -0.207350 0.630074 0.369835
v -0.204477 0.621168 0.363115
v -0.202342 0.611008 0.358121
v -0.201028 0.599984 0.355046
v -0.200584 0.588518 0.354008
v -0.201028 0.577053 0.355046
v -0.202342 0.566029 0.358121
v -0.204477 0.555869 0.363115
v -0.207350 0.546963 0.369835
v -0.210850 0.539654 0.378024
v -0.214844 0.534224 0.387367
v -0.219177 0.530879 0.397504
v -0.217207 0.646157 0.398585
v -0.210979 0.642813 0.389488
v -0.205240 0.637382 0.381105
v -0.200209 0.630074 0.373756
v -0.196080 0.621168 0.367725
v -0.193013 0.611008 0.363244
v -0.191123 0.599984 0.360485
v -0.190485 0.588518 0.359553
v -0.191123 0.577053 0.360485
v -0.193013 0.566029 0.363244
v -0.196080 0.555869 0.367725
v -0.200209 0.546963 0.373756
v -0.205240 0.539654 0.381105
v -0.210979 0.534224 0.389488
v -0.217207 0.530879 0.398585
v -0.215486 0.646157 0.400031
v -0.207603 0.642813 0.392324
v -0.200338 0.637382 0.385220
v -0.193970 0.630074 0.378995
v -0.188745 0.621168 0.373885
v -0.184861 0.611008 0.370089
v -0.182470 0.599984 0.367751
v -0.181663 0.588518 0.366961
v -0.182470 0.577053 0.367751
v -0.184861 0.566029 0.370089
v -0.188745 0.555869 0.373885
v -0.193970 0.546963 0.378995
v -0.200338 0.539654 0.385220
v -0.207603 0.534224 0.392324
v -0.215486 0.530879 0.400031
v -0.223683 0.529750 0.408046
v -0.214079 0.646157 0.401784
v -0.204845 0.642813 0.395763
v -0.196334 0.637382 0.390214
v -0.188874 0.630074 0.385350
v -0.182751 0.621168 0.381358
v -0.178202 0.611008 0.378392
v -0.175401 0.599984 0.376565
v -0.174455 0.588518 0.375948
v -0.175401 0.577053 0.376565
v -0.178202 0.566029 0.378392
v -0.182751 0.555869 0.381358
v -0.188874 0.546963 0.385350
v -0.196334 0.539654 0.390214
v -0.204845 0.534224 0.395763
v -0.214079 0.530879 0.401784
v -0.213042 0.646157 0.403778
v -0.202810 0.642813 0.399674
v -0.193380 0.637382 0.395892
v -0.185115 0.630074 0.392577
v -0.178331 0.621168 0.389856
v -0.173291 0.611008 0.387834
v -0.170187 0.599984 0.386589
v -0.169139 0.588518 0.386169
v -0.170187 0.577053 0.386589
v -0.173291 0.566029 0.387834
v -0.178331 0.555869 0.389856
v -0.185115 0.546963 0.392577
v -0.193380 0.539654 0.395892
v -0.202810 0.534224 0.399674
v -0.213042 0.530879 0.403778
v -0.212414 0.646157 0.405936
v -0.201578 0.642813 0.403907
v -0.191591 0.637382 0.402037
v -0.182838 0.630074 0.400398
v -0.175654 0.621168 0.399053
v -0.170316 0.611008 0.398054
v -0.167029 0.599984 0.397438
v -0.165919 0.588518 0.397231
v -0.167029 0.577053 0.397438
v -0.170316 0.566029 0.398054
v -0.175654 0.555869 0.399053
v -0.182838 0.546963 0.400398
v -0.191591 0.539654 0.402037
v -0.201578 0.534224 0.403907
v -0.212414 0.530879 0.405936
v -0.212219 0.646157 0.408175
v -0.201195 0.642813 0.408299
v -0.191036 0.637382 0.408414
v -0.182131 0.630074 0.408514
v -0.174823 0.621168 0.408596
v -0.169392 0.611008 0.408657
v -0.166048 0.599984 0.408695
v -0.164919 0.588518 0.408708
v -0.166048 0.577053 0.408695
v -0.169392 0.566029 0.408657
v -0.174823 0.555869 0.408596
v -0.182131 0.546963 0.408514
v -0.191036 0.539654 0.408414
v -0.201195 0.534224 0.408299
v -0.212219 0.530879 0.408175
v -0.212465 0.646157 0.410409
v -0.201677 0.642813 0.412682
v -0.191735 0.637382 0.414776
v -0.183020 0.630074 0.416611
v -0.175869 0.621168 0.418118
v -0.170555 0.611008 0.419237
v -0.167282 0.599984 0.419927
v -0.166177 0.588518 0.420159
v -0.167282 0.577053 0.419927
v -0.170555 0.566029 0.419237
v -0.175869 0.555869 0.418118
v -0.183020 0.546963 0.416611
v -0.191735 0.539654 0.414776
v -0.201677 0.534224 0.412682
v -0.212465 0.530879 0.410409
v -0.213141 0.646157 0.412553
v -0.203004 0.642813 0.416886
v -0.193662 0.637382 0.420879
v -0.185473 0.630074 0.424380
v -0.178752 0.621168 0.427253
v -0.173759 0.611008 0.429387
v -0.170684 0.599984 0.430702
v -0.169645 0.588518 0.431146
v -0.170684 0.577053 0.430702
v -0.173759 0.566029 0.429387
v -0.178752 0.555869 0.427253
v -0.185473 0.546963 0.424380
v -0.193662 0.539654 0.420879
v -0.203004 0.534224 0.416886
v -0.213141 0.530879 0.412553
v -0.214223 0.646157 0.414523
v -0.205126 0.642813 0.420750
v -0.196742 0.637382 0.426490
v -0.189394 0.630074 0.431521
v -0.183363 0.621168 0.435649
v -0.178881 0.611008 0.438717
v -0.176122 0.599984 0.440606
v -0.175190 0.588518 0.441244
v -0.176122 0.577053 0.440606
v -0.178881 0.566029 0.438717
v -0.183363 0.555869 0.435649
v -0.189394 0.546963 0.431521
v -0.196742 0.539654 0.426490
v -0.205126 0.534224 0.420750
v -0.214223 0.530879 0.414523
v -0.215668 0.646157 0.416244
v -0.207961 0.642813 0.424127
v -0.200858 0.637382 0.431391
v -0.194632 0.630074 0.437759
v -0.189523 0.621168 0.442985
v -0.185726 0.611008 0.446868
v -0.183388 0.599984 0.449259
v -0.182599 0.588518 0.450067
v -0.183388 0.577053 0.449259
v -0.185726 0.566029 0.446868
v -0.189523 0.555869 0.442985
v -0.194632 0.546963 0.437759
v -0.200858 0.539654 0.431391
v -0.207961 0.534224 0.424127
v -0.215668 0.530879 0.416244
v -0.217422 0.646157 0.417650
v -0.211400 0.642813 0.426885
v -0.205851 0.637382 0.435396
v -0.200987 0.630074 0.442856
v -0.196995 0.621168 0.448978
v -0.194029 0.611008 0.453527
v -0.192203 0.599984 0.456329
v -0.191586 0.588518 0.457274
v -0.192203 0.577053 0.456329
v -0.194029 0.566029 0.453527
v -0.196995 0.555869 0.448978
v -0.200987 0.546963 0.442856
v -0.205851 0.539654 0.435396
v -0.211400 0.534224 0.426885
v -0.217422 0.530879 0.417650
v -0.219415 0.646157 0.418687
v -0.215312 0.642813 0.428919
v -0.211529 0.637382 0.438349
v -0.208214 0.630074 0.446615
v -0.205493 0.621168 0.453398
v -0.203472 0.611008 0.458439
v -0.202227 0.599984 0.461542
v -0.201807 0.588518 0.462591
v -0.202227 0.577053 0.461542
v -0.203472 0.566029 0.458439
v -0.205493 0.555869 0.453398
v -0.208214 0.546963 0.446615
v -0.211529 0.539654 0.438349
v -0.215312 0.534224 0.428919
v -0.219415 0.530879 0.418687
v -0.221573 0.646157 0.419315
v -0.219545 0.642813 0.430152
v -0.217675 0.637382 0.440138
v -0.216036 0.630074 0.448892
v -0.214691 0.621168 0.456075
v -0.213691 0.611008 0.461413
v -0.213076 0.599984 0.464701
v -0.212868 0.588518 0.465810
v -0.213076 0.577053 0.464701
v -0.213691 0.566029 0.461413
v -0.214691 0.555869 0.456075
v -0.216036 0.546963 0.448892
v -0.217675 0.539654 0.440138
v -0.219545 0.534224 0.430152
v -0.221573 0.530879 0.419315
v -0.223813 0.646157 0.419510
v -0.223937 0.642813 0.430534
v -0.224151 0.630074 0.449599
v -0.224295 0.611008 0.462337
v -0.224295 0.566029 0.462337
v -0.224151 0.546963 0.449599
v -0.224051 0.539654 0.440694
v -0.223937 0.534224 0.430534
v -0.223813 0.530879 0.419510
v 0.475107 0.192351 -0.401663
v 0.475107 0.742726 -0.401663
v 0.467191 0.192351 0.301359
v 0.467191 0.742726 0.301359
v -0.374845 0.192351 -0.411233
v -0.374845 0.742726 -0.411233
v -0.382760 0.192351 0.291789
v -0.382760 0.742726 0.291789
v 0.040156 0.192351 0.391620
v 0.040156 0.742726 0.391620
v 0.050212 0.192351 -0.501517
v 0.050212 0.742726 -0.501517
v 0.305822 0.192351 0.394611
v 0.315878 0.742726 -0.498525
v 0.305822 0.742726 0.394611
v 0.315878 0.192351 -0.498525
v -0.224521 0.742726 0.388640
v -0.214465 0.192351 -0.504497
v -0.224521 0.192351 0.388640
v -0.214465 0.742726 -0.504497
v 0.576517 0.192351 -0.048966
v 0.576517 0.742726 -0.048966
v -0.484170 0.192351 -0.060908
v -0.484170 0.742726 -0.060908
v 0.044993 0.868286 -0.054950
v 0.044993 0.066791 -0.054950
v 0.378867 0.066791 -0.051191
v 0.378867 0.868286 -0.051191
v -0.287637 0.868286 -0.058696
v -0.287637 0.066791 -0.058696
v 0.574003 0.742726 0.174318
v -0.486684 0.192351 0.162376
v 0.574003 0.192351 0.174318
v -0.486684 0.742726 0.162376
v 0.041834 0.868286 0.225660
v 0.041834 0.066791 0.225660
v 0.375708 0.066791 0.229420
v 0.375708 0.868286 0.229420
v -0.290797 0.868286 0.221915
v -0.290797 0.066791 0.221915
v 0.579031 0.192351 -0.272250
v -0.481656 0.742726 -0.284193
v 0.048153 0.868286 -0.335561
v 0.048153 0.066791 -0.335561
v 0.382027 0.066791 -0.331802
v 0.382027 0.868286 -0.331802
v -0.284478 0.868286 -0.339306
v -0.284478 0.066791 -0.339306
v 0.579031 0.742726 -0.272250
v -0.481656 0.192351 -0.284193
v -0.619546 1.031732 -0.530709
v -0.512735 1.031732 -0.657750
v 0.420575 1.031732 -0.742310
v 0.579803 1.031732 -0.645448
v 0.486724 1.157292 -0.575587
v -0.352355 1.031732 -0.751013
v -0.422368 1.157292 -0.585823
v 0.683727 1.031732 -0.516035
v -0.617249 1.320361 -0.775327
v -0.510437 1.320361 -0.902368
v 0.422872 1.320361 -0.986928
v 0.582101 1.320361 -0.890067
v 0.489021 1.445920 -0.820205
v -0.350057 1.320361 -0.995631
v -0.420070 1.445920 -0.830441
v 0.686025 1.320361 -0.760653
v 0.304821 0.637382 0.446649
v 0.304638 0.621168 0.462862
v 0.304540 0.599983 0.471636
v 0.304527 0.588518 0.472765
v 0.304540 0.577053 0.471636
v 0.304638 0.555868 0.462862
v 0.302825 0.646157 0.425220
v 0.300553 0.642813 0.436008
v 0.298459 0.637382 0.445950
v 0.296623 0.630074 0.454664
v 0.295117 0.621168 0.461816
v 0.293997 0.611008 0.467130
v 0.293308 0.599983 0.470402
v 0.293075 0.588518 0.471507
v 0.293308 0.577053 0.470402
v 0.293997 0.566029 0.467130
v 0.295117 0.555868 0.461816
v 0.296623 0.546963 0.454664
v 0.298459 0.539654 0.445950
v 0.300553 0.534223 0.436008
v 0.302825 0.530879 0.425220
v 0.300682 0.646157 0.424543
v 0.296349 0.642813 0.434680
v 0.292355 0.637382 0.444023
v 0.288855 0.630074 0.452212
v 0.285982 0.621168 0.458932
v 0.283847 0.611008 0.463926
v 0.282533 0.599983 0.467001
v 0.282089 0.588518 0.468039
v 0.282533 0.577053 0.467001
v 0.283847 0.566029 0.463926
v 0.285982 0.555868 0.458932
v 0.288855 0.546963 0.452212
v 0.292355 0.539654 0.444023
v 0.296349 0.534223 0.434680
v 0.300682 0.530879 0.424543
v 0.298712 0.646157 0.423461
v 0.292484 0.642813 0.432558
v 0.286745 0.637382 0.440942
v 0.281714 0.630074 0.448291
v 0.277586 0.621168 0.454322
v 0.274518 0.611008 0.458803
v 0.272629 0.599983 0.461562
v 0.271991 0.588518 0.462494
v 0.272629 0.577053 0.461562
v 0.274518 0.566029 0.458803
v 0.277586 0.555868 0.454322
v 0.281714 0.546963 0.448291
v 0.286745 0.539654 0.440942
v 0.292484 0.534223 0.432558
v 0.298712 0.530879 0.423461
v 0.296991 0.646157 0.422016
v 0.289108 0.642813 0.429723
v 0.281843 0.637382 0.436826
v 0.275476 0.630074 0.443052
v 0.270250 0.621168 0.448162
v 0.266367 0.611008 0.451958
v 0.263975 0.599983 0.454296
v 0.263168 0.588518 0.455086
v 0.263975 0.577053 0.454296
v 0.266367 0.566029 0.451958
v 0.270250 0.555868 0.448162
v 0.275476 0.546963 0.443052
v 0.281843 0.539654 0.436826
v 0.289108 0.534223 0.429723
v 0.296991 0.530879 0.422016
v 0.295585 0.646157 0.420263
v 0.286350 0.642813 0.426284
v 0.277839 0.637382 0.431833
v 0.270379 0.630074 0.436697
v 0.264257 0.621168 0.440689
v 0.259707 0.611008 0.443655
v 0.256906 0.599983 0.445482
v 0.255960 0.588518 0.446098
v 0.256906 0.577053 0.445482
v 0.259707 0.566029 0.443655
v 0.264257 0.555868 0.440689
v 0.270379 0.546963 0.436697
v 0.277839 0.539654 0.431833
v 0.286350 0.534223 0.426284
v 0.295585 0.530879 0.420263
v 0.305189 0.647286 0.414001
v 0.294548 0.646157 0.418269
v 0.284315 0.642813 0.422373
v 0.274885 0.637382 0.426155
v 0.266620 0.630074 0.429470
v 0.259836 0.621168 0.432191
v 0.254796 0.611008 0.434212
v 0.251692 0.599983 0.435457
v 0.250644 0.588518 0.435878
v 0.251692 0.577053 0.435457
v 0.254796 0.566029 0.434212
v 0.259836 0.555868 0.432191
v 0.266620 0.546963 0.429470
v 0.274885 0.539654 0.426155
v 0.284315 0.534223 0.422373
v 0.294548 0.530879 0.418269
v 0.293919 0.646157 0.416111
v 0.283083 0.642813 0.418140
v 0.273096 0.637382 0.420010
v 0.264343 0.630074 0.421649
v 0.257159 0.621168 0.422994
v 0.251821 0.611008 0.423993
v 0.248534 0.599983 0.424608
v 0.247424 0.588518 0.424816
v 0.248534 0.577053 0.424608
v 0.251821 0.566029 0.423993
v 0.257159 0.555868 0.422994
v 0.264343 0.546963 0.421649
v 0.273096 0.539654 0.420010
v 0.283083 0.534223 0.418140
v 0.293919 0.530879 0.416111
v 0.293724 0.646157 0.413872
v 0.282700 0.642813 0.413748
v 0.272541 0.637382 0.413633
v 0.263636 0.630074 0.413533
v 0.256328 0.621168 0.413451
v 0.250897 0.611008 0.413390
v 0.247553 0.599983 0.413352
v 0.246424 0.588518 0.413339
v 0.247553 0.577053 0.413352
v 0.250897 0.566029 0.413390
v 0.256328 0.555868 0.413451
v 0.263636 0.546963 0.413533
v 0.272541 0.539654 0.413633
v 0.282700 0.534223 0.413748
v 0.293724 0.530879 0.413872
v 0.293970 0.646157 0.411638
v 0.283182 0.642813 0.409365
v 0.273240 0.637382 0.407271
v 0.264526 0.630074 0.405435
v 0.257374 0.621168 0.403929
v 0.252060 0.611008 0.402810
v 0.248787 0.599983 0.402120
v 0.247682 0.588518 0.401887
v 0.248787 0.577053 0.402120
v 0.252060 0.566029 0.402810
v 0.257374 0.555868 0.403929
v 0.264526 0.546963 0.405435
v 0.273240 0.539654 0.407271
v 0.283182 0.534223 0.409365
v 0.293970 0.530879 0.411638
v 0.294646 0.646157 0.409494
v 0.284509 0.642813 0.405161
v 0.275167 0.637382 0.401167
v 0.266978 0.630074 0.397667
v 0.260258 0.621168 0.394794
v 0.255264 0.611008 0.392660
v 0.252189 0.599983 0.391345
v 0.251151 0.588518 0.390901
v 0.252189 0.577053 0.391345
v 0.255264 0.566029 0.392660
v 0.260258 0.555868 0.394794
v 0.266978 0.546963 0.397667
v 0.275167 0.539654 0.401167
v 0.284509 0.534223 0.405161
v 0.294646 0.530879 0.409494
v 0.295728 0.646157 0.407524
v 0.286631 0.642813 0.401297
v 0.278247 0.637382 0.395557
v 0.270899 0.630074 0.390526
v 0.264868 0.621168 0.386398
v 0.260387 0.611008 0.383330
v 0.257627 0.599983 0.381441
v 0.256695 0.588518 0.380803
v 0.257627 0.577053 0.381441
v 0.260387 0.566029 0.383330
v 0.264868 0.555868 0.386398
v 0.270899 0.546963 0.390526
v 0.278247 0.539654 0.395557
v 0.286631 0.534223 0.401297
v 0.295728 0.530879 0.407524
v 0.297173 0.646157 0.405803
v 0.289466 0.642813 0.397920
v 0.282363 0.637382 0.390655
v 0.276137 0.630074 0.384288
v 0.271028 0.621168 0.379062
v 0.267231 0.611008 0.375179
v 0.264893 0.599983 0.372788
v 0.264104 0.588518 0.371980
v 0.264893 0.577053 0.372788
v 0.267231 0.566029 0.375179
v 0.271028 0.555868 0.379062
v 0.276137 0.546963 0.384288
v 0.282363 0.539654 0.390655
v 0.289466 0.534223 0.397920
v 0.297173 0.530879 0.405803
v 0.298927 0.646157 0.404397
v 0.292905 0.642813 0.395162
v 0.287356 0.637382 0.386651
v 0.282492 0.630074 0.379191
v 0.278500 0.621168 0.373069
v 0.275534 0.611008 0.368520
v 0.273708 0.599983 0.365718
v 0.273091 0.588518 0.364772
v 0.273708 0.577053 0.365718
v 0.275534 0.566029 0.368520
v 0.278500 0.555868 0.373069
v 0.282492 0.546963 0.379191
v 0.287356 0.539654 0.386651
v 0.292905 0.534223 0.395162
v 0.298927 0.530879 0.404397
v 0.300921 0.646157 0.403360
v 0.296817 0.642813 0.393128
v 0.293034 0.637382 0.383698
v 0.289719 0.630074 0.375432
v 0.286999 0.621168 0.368649
v 0.284977 0.611008 0.363608
v 0.283732 0.599983 0.360504
v 0.283312 0.588518 0.359456
v 0.283732 0.577053 0.360504
v 0.284977 0.566029 0.363608
v 0.286999 0.555868 0.368649
v 0.289719 0.546963 0.375432
v 0.293034 0.539654 0.383698
v 0.296817 0.534223 0.393128
v 0.300921 0.530879 0.403360
v 0.303079 0.646157 0.402732
v 0.301050 0.642813 0.391895
v 0.299180 0.637382 0.381909
v 0.297541 0.630074 0.373155
v 0.296196 0.621168 0.365971
v 0.295197 0.611008 0.360633
v 0.294581 0.599983 0.357346
v 0.294373 0.588518 0.356236
v 0.294581 0.577053 0.357346
v 0.295197 0.566029 0.360633
v 0.296196 0.555868 0.365971
v 0.297541 0.546963 0.373155
v 0.299180 0.539654 0.381909
v 0.301050 0.534223 0.391895
v 0.303079 0.530879 0.402732
v 0.305318 0.646157 0.402536
v 0.305442 0.642813 0.391513
v 0.305556 0.637382 0.381353
v 0.305656 0.630074 0.372448
v 0.305739 0.621168 0.365140
v 0.305800 0.611008 0.359710
v 0.305838 0.599983 0.356365
v 0.305850 0.588518 0.355236
v 0.305838 0.577053 0.356365
v 0.305800 0.566029 0.359710
v 0.305739 0.555868 0.365140
v 0.305656 0.546963 0.372448
v 0.305556 0.539654 0.381353
v 0.305442 0.534223 0.391513
v 0.305318 0.530879 0.402536
v 0.307552 0.646157 0.402782
v 0.309824 0.642813 0.391994
v 0.311918 0.637382 0.382052
v 0.313754 0.630074 0.373338
v 0.315260 0.621168 0.366186
v 0.316380 0.611008 0.360872
v 0.317069 0.599983 0.357600
v 0.317302 0.588518 0.356495
v 0.317069 0.577053 0.357600
v 0.316380 0.566029 0.360872
v 0.315260 0.555868 0.366186
v 0.313754 0.546963 0.373338
v 0.311918 0.539654 0.382052
v 0.309824 0.534223 0.391994
v 0.307552 0.530879 0.402782
v 0.309695 0.646157 0.403459
v 0.314028 0.642813 0.393321
v 0.318022 0.637382 0.383979
v 0.321522 0.630074 0.375790
v 0.324395 0.621168 0.369070
v 0.326530 0.611008 0.364076
v 0.327844 0.599983 0.361001
v 0.328288 0.588518 0.359963
v 0.327844 0.577053 0.361001
v 0.326530 0.566029 0.364076
v 0.324395 0.555868 0.369070
v 0.321522 0.546963 0.375790
v 0.318022 0.539654 0.383979
v 0.314028 0.534223 0.393321
v 0.309695 0.530879 0.403459
v 0.311665 0.646157 0.404540
v 0.317893 0.642813 0.395443
v 0.323632 0.637382 0.387059
v 0.328663 0.630074 0.379711
v 0.332792 0.621168 0.373680
v 0.335860 0.611008 0.369199
v 0.337749 0.599983 0.366439
v 0.338387 0.588518 0.365508
v 0.337749 0.577053 0.366439
v 0.335860 0.566029 0.369199
v 0.332792 0.555868 0.373680
v 0.328663 0.546963 0.379711
v 0.323632 0.539654 0.387059
v 0.317893 0.534223 0.395443
v 0.311665 0.530879 0.404540
v 0.313386 0.646157 0.405986
v 0.321269 0.642813 0.398278
v 0.328534 0.637382 0.391175
v 0.334902 0.630074 0.384949
v 0.340127 0.621168 0.379840
v 0.344011 0.611008 0.376043
v 0.346402 0.599983 0.373705
v 0.347209 0.588518 0.372916
v 0.346402 0.577053 0.373705
v 0.344011 0.566029 0.376043
v 0.340127 0.555868 0.379840
v 0.334902 0.546963 0.384949
v 0.328534 0.539654 0.391175
v 0.321269 0.534223 0.398278
v 0.313386 0.530879 0.405986
v 0.305189 0.529750 0.414001
v 0.314793 0.646157 0.407739
v 0.324028 0.642813 0.401718
v 0.332539 0.637382 0.396168
v 0.339998 0.630074 0.391304
v 0.346121 0.621168 0.387313
v 0.350670 0.611008 0.384346
v 0.353471 0.599983 0.382520
v 0.354417 0.588518 0.381903
v 0.353471 0.577053 0.382520
v 0.350670 0.566029 0.384346
v 0.346121 0.555868 0.387313
v 0.339998 0.546963 0.391304
v 0.332539 0.539654 0.396168
v 0.324028 0.534223 0.401718
v 0.314793 0.530879 0.407739
v 0.315830 0.646157 0.409733
v 0.326062 0.642813 0.405629
v 0.335492 0.637382 0.401847
v 0.343757 0.630074 0.398531
v 0.350541 0.621168 0.395811
v 0.355581 0.611008 0.393789
v 0.358685 0.599983 0.392544
v 0.359733 0.588518 0.392124
v 0.358685 0.577053 0.392544
v 0.355581 0.566029 0.393789
v 0.350541 0.555868 0.395811
v 0.343757 0.546963 0.398531
v 0.335492 0.539654 0.401847
v 0.326062 0.534223 0.405629
v 0.315830 0.530879 0.409733
v 0.316458 0.646157 0.411891
v 0.327294 0.642813 0.409862
v 0.337281 0.637382 0.407992
v 0.346034 0.630074 0.406353
v 0.353218 0.621168 0.405008
v 0.358556 0.611008 0.404009
v 0.361843 0.599983 0.403393
v 0.362953 0.588518 0.403185
v 0.361843 0.577053 0.403393
v 0.358556 0.566029 0.404009
v 0.353218 0.555868 0.405008
v 0.346034 0.546963 0.406353
v 0.337281 0.539654 0.407992
v 0.327294 0.534223 0.409862
v 0.316458 0.530879 0.411891
v 0.316653 0.646157 0.414130
v 0.327677 0.642813 0.414254
v 0.337836 0.637382 0.414368
v 0.346741 0.630074 0.414469
v 0.354050 0.621168 0.414551
v 0.359480 0.611008 0.414612
v 0.362824 0.599983 0.414650
v 0.363953 0.588518 0.414663
v 0.362824 0.577053 0.414650
v 0.359480 0.566029 0.414612
v 0.354050 0.555868 0.414551
v 0.346741 0.546963 0.414469
v 0.337836 0.539654 0.414368
v 0.327677 0.534223 0.414254
v 0.316653 0.530879 0.414130
v 0.316408 0.646157 0.416364
v 0.327195 0.642813 0.418636
v 0.337137 0.637382 0.420731
v 0.345852 0.630074 0.422566
v 0.353003 0.621168 0.424073
v 0.358317 0.611008 0.425192
v 0.361590 0.599983 0.425881
v 0.362695 0.588518 0.426114
v 0.361590 0.577053 0.425881
v 0.358317 0.566029 0.425192
v 0.353003 0.555868 0.424073
v 0.345852 0.546963 0.422566
v 0.337137 0.539654 0.420731
v 0.327195 0.534223 0.418636
v 0.316408 0.530879 0.416364
v 0.315731 0.646157 0.418507
v 0.325868 0.642813 0.422841
v 0.335211 0.637382 0.426834
v 0.343399 0.630074 0.430335
v 0.350120 0.621168 0.433207
v 0.355113 0.611008 0.435342
v 0.358188 0.599983 0.436656
v 0.359227 0.588518 0.437100
v 0.358188 0.577053 0.436656
v 0.355113 0.566029 0.435342
v 0.350120 0.555868 0.433207
v 0.343399 0.546963 0.430335
v 0.335211 0.539654 0.426834
v 0.325868 0.534223 0.422841
v 0.315731 0.530879 0.418507
v 0.314649 0.646157 0.420477
v 0.323746 0.642813 0.426705
v 0.332130 0.637382 0.432445
v 0.339479 0.630074 0.437475
v 0.345509 0.621168 0.441604
v 0.349991 0.611008 0.444672
v 0.352750 0.599983 0.446561
v 0.353682 0.588518 0.447199
v 0.352750 0.577053 0.446561
v 0.349991 0.566029 0.444672
v 0.345509 0.555868 0.441604
v 0.339479 0.546963 0.437475
v 0.332130 0.539654 0.432445
v 0.323746 0.534223 0.426705
v 0.314649 0.530879 0.420477
v 0.313204 0.646157 0.422199
v 0.320911 0.642813 0.430081
v 0.328014 0.637382 0.437346
v 0.334240 0.630074 0.443714
v 0.339349 0.621168 0.448940
v 0.343146 0.611008 0.452823
v 0.345484 0.599983 0.455214
v 0.346274 0.588518 0.456021
v 0.345484 0.577053 0.455214
v 0.343146 0.566029 0.452823
v 0.339349 0.555868 0.448940
v 0.334240 0.546963 0.443714
v 0.328014 0.539654 0.437346
v 0.320911 0.534223 0.430081
v 0.313204 0.530879 0.422199
v 0.311451 0.646157 0.423605
v 0.317472 0.642813 0.432840
v 0.323021 0.637382 0.441351
v 0.327885 0.630074 0.448811
v 0.331877 0.621168 0.454933
v 0.334843 0.611008 0.459482
v 0.336669 0.599983 0.462283
v 0.337286 0.588518 0.463229
v 0.336669 0.577053 0.462283
v 0.334843 0.566029 0.459482
v 0.331877 0.555868 0.454933
v 0.327885 0.546963 0.448811
v 0.323021 0.539654 0.441351
v 0.317472 0.534223 0.432840
v 0.311451 0.530879 0.423605
v 0.309457 0.646157 0.424642
v 0.313561 0.642813 0.434874
v 0.317343 0.637382 0.444304
v 0.320658 0.630074 0.452570
v 0.323379 0.621168 0.459353
v 0.325400 0.611008 0.464393
v 0.326645 0.599983 0.467497
v 0.327065 0.588518 0.468545
v 0.326645 0.577053 0.467497
v 0.325400 0.566029 0.464393
v 0.323379 0.555868 0.459353
v 0.320658 0.546963 0.452570
v 0.317343 0.539654 0.444304
v 0.313561 0.534223 0.434874
v 0.309457 0.530879 0.424642
v 0.307299 0.646157 0.425270
v 0.309328 0.642813 0.436106
v 0.311197 0.637382 0.446093
v 0.312836 0.630074 0.454846
v 0.314181 0.621168 0.462030
v 0.315181 0.611008 0.467368
v 0.315796 0.599983 0.470655
v 0.316004 0.588518 0.471765
v 0.315796 0.577053 0.470655
v 0.315181 0.566029 0.467368
v 0.314181 0.555868 0.462030
v 0.312836 0.546963 0.454846
v 0.311197 0.539654 0.446093
v 0.309328 0.534223 0.436106
v 0.307299 0.530879 0.425270
v 0.305060 0.646157 0.425465
v 0.304935 0.642813 0.436489
v 0.304721 0.630074 0.455554
v 0.304577 0.611008 0.468292
v 0.304577 0.566029 0.468292
v 0.304721 0.546963 0.455554
v 0.304821 0.539654 0.446649
v 0.304935 0.534223 0.436489
v 0.305060 0.530879 0.425465
v 0.719460 0.314049 -0.200585
v 0.719460 0.620487 -0.200585
v 0.716010 0.314049 0.105833
v 0.716010 0.620487 0.105833
v -0.623536 0.314049 -0.215706
v -0.623536 0.620487 -0.215706
v -0.626986 0.314049 0.090712
v -0.626986 0.620487 0.090712
vn -0.0318 0.9565 0.2898
vn -0.1046 -0.2890 0.9516
vn -0.0517 0.8810 0.4703
vn -0.0964 -0.4696 0.8776
vn -0.0695 0.7715 0.6324
vn -0.0846 -0.6326 0.7699
vn -0.0846 0.6326 0.7699
vn -0.0695 -0.7715 0.6324
vn -0.0964 0.4696 0.8776
vn -0.0517 -0.8810 0.4703
vn -0.1046 0.2890 0.9516
vn -0.0318 -0.9566 0.2898
vn -0.1087 0.0976 0.9893
vn -0.0108 0.9951 0.0979
vn -0.0108 -0.9951 0.0979
vn -0.1087 -0.0975 0.9893
vn -0.0296 0.9951 0.0939
vn -0.0297 -0.9951 0.0939
vn -0.2996 -0.0975 0.9491
vn -0.0878 0.9566 0.2780
vn -0.2882 -0.2890 0.9129
vn -0.1424 0.8810 0.4512
vn -0.2658 -0.4696 0.8419
vn -0.1915 0.7715 0.6067
vn -0.2332 -0.6326 0.7386
vn -0.2332 0.6326 0.7386
vn -0.1915 -0.7715 0.6067
vn -0.2658 0.4696 0.8419
vn -0.1425 -0.8810 0.4512
vn -0.2882 0.2890 0.9129
vn -0.0878 -0.9566 0.2780
vn -0.2996 0.0976 0.9491
vn -0.3728 0.6326 0.6789
vn -0.3062 -0.7715 0.5577
vn -0.4249 0.4696 0.7739
vn -0.2277 -0.8810 0.4148
vn -0.4608 0.2890 0.8392
vn -0.1403 -0.9566 0.2556
vn -0.4790 0.0975 0.8724
vn -0.0474 0.9951 0.0863
vn -0.0474 -0.9951 0.0863
vn -0.4790 -0.0975 0.8724
vn -0.1403 0.9566 0.2556
vn -0.4608 -0.2890 0.8392
vn -0.2277 0.8810 0.4148
vn -0.4249 -0.4696 0.7739
vn -0.3062 0.7715 0.5577
vn -0.3728 -0.6326 0.6789
vn -0.6400 -0.0975 0.7622
vn -0.1875 0.9565 0.2233
vn -0.6156 -0.2890 0.7331
vn -0.3043 0.8810 0.3624
vn -0.5677 -0.4696 0.6761
vn -0.4091 0.7715 0.4872
vn -0.4981 -0.6326 0.5931
vn -0.4981 0.6326 0.5931
vn -0.4091 -0.7715 0.4872
vn -0.5677 0.4696 0.6761
vn -0.3043 -0.8810 0.3624
vn -0.6156 0.2890 0.7331
vn -0.1875 -0.9565 0.2233
vn -0.6400 0.0975 0.7622
vn -0.0633 0.9951 0.0754
vn -0.0633 -0.9951 0.0754
vn -0.4963 -0.7715 0.3981
vn -0.6887 0.4696 0.5524
vn -0.3691 -0.8810 0.2960
vn -0.7468 0.2890 0.5990
vn -0.2274 -0.9566 0.1824
vn -0.7764 0.0975 0.6227
vn -0.0768 0.9951 0.0616
vn -0.0768 -0.9951 0.0616
vn -0.7764 -0.0976 0.6227
vn -0.2274 0.9566 0.1824
vn -0.7468 -0.2890 0.5990
vn -0.3691 0.8810 0.2960
vn -0.6887 -0.4696 0.5524
vn -0.4963 0.7715 0.3981
vn -0.6042 -0.6326 0.4846
vn -0.6042 0.6326 0.4846
vn -0.2587 0.9566 0.1345
vn -0.8493 -0.2890 0.4418
vn -0.4198 0.8810 0.2183
vn -0.7832 -0.4696 0.4074
vn -0.5644 0.7715 0.2936
vn -0.6871 -0.6326 0.3574
vn -0.6871 0.6326 0.3574
vn -0.5644 -0.7715 0.2936
vn -0.7833 0.4696 0.4074
vn -0.4198 -0.8810 0.2183
vn -0.8493 0.2890 0.4417
vn -0.2587 -0.9565 0.1345
vn -0.8829 0.0975 0.4592
vn -0.0874 0.9951 0.0454
vn -0.0874 -0.9951 0.0454
vn -0.8829 -0.0975 0.4592
vn -0.8477 0.4696 0.2468
vn -0.4543 -0.8810 0.1322
vn -0.9192 0.2890 0.2676
vn -0.2799 -0.9565 0.0815
vn -0.9556 0.0975 0.2782
vn -0.0945 0.9951 0.0275
vn -0.0946 -0.9951 0.0275
vn -0.9556 -0.0976 0.2782
vn -0.2799 0.9566 0.0815
vn -0.9192 -0.2890 0.2676
vn -0.4543 0.8810 0.1322
vn -0.8477 -0.4696 0.2468
vn -0.6109 0.7715 0.1778
vn -0.7436 -0.6326 0.2165
vn -0.7436 0.6326 0.2165
vn -0.6109 -0.7715 0.1778
vn -0.9537 -0.2890 0.0831
vn -0.4714 0.8810 0.0411
vn -0.8795 -0.4696 0.0766
vn -0.6338 0.7715 0.0552
vn -0.7716 -0.6326 0.0672
vn -0.7716 0.6326 0.0672
vn -0.6338 -0.7715 0.0552
vn -0.8795 0.4696 0.0766
vn -0.4714 -0.8810 0.0411
vn -0.9537 0.2890 0.0831
vn -0.2905 -0.9566 0.0253
vn -0.9915 0.0976 0.0864
vn -0.0981 0.9951 0.0085
vn -0.0981 -0.9951 0.0085
vn -0.9915 -0.0975 0.0864
vn -0.2905 0.9565 0.0253
vn -0.4703 -0.8810 -0.0517
vn -0.9516 0.2890 -0.1046
vn -0.2898 -0.9565 -0.0318
vn -0.9893 0.0975 -0.1087
vn -0.0979 0.9951 -0.0108
vn -0.0979 -0.9951 -0.0108
vn -0.9893 -0.0975 -0.1087
vn -0.2898 0.9566 -0.0318
vn -0.9516 -0.2890 -0.1046
vn -0.4703 0.8810 -0.0517
vn -0.8776 -0.4696 -0.0964
vn -0.6324 0.7715 -0.0695
vn -0.7699 -0.6326 -0.0846
vn -0.7699 0.6326 -0.0846
vn -0.6324 -0.7715 -0.0695
vn -0.8776 0.4696 -0.0964
vn -0.8419 -0.4696 -0.2658
vn -0.6067 0.7715 -0.1915
vn -0.7386 -0.6326 -0.2332
vn -0.7386 0.6326 -0.2332
vn -0.6067 -0.7715 -0.1915
vn -0.8419 0.4696 -0.2658
vn -0.4512 -0.8810 -0.1424
vn -0.9129 0.2890 -0.2882
vn -0.2781 -0.9565 -0.0878
vn -0.9491 0.0975 -0.2996
vn -0.0939 0.9951 -0.0296
vn -0.0939 -0.9951 -0.0296
vn -0.9491 -0.0975 -0.2996
vn -0.2780 0.9565 -0.0878
vn -0.9129 -0.2890 -0.2882
vn -0.4512 0.8810 -0.1424
vn -0.2556 -0.9566 -0.1403
vn -0.8724 0.0975 -0.4790
vn -0.0863 0.9951 -0.0474
vn -0.0863 -0.9951 -0.0474
vn -0.8724 -0.0976 -0.4790
vn -0.2556 0.9566 -0.1403
vn -0.8392 -0.2890 -0.4608
vn -0.4148 0.8810 -0.2277
vn -0.7739 -0.4696 -0.4249
vn -0.5577 0.7715 -0.3062
vn -0.6789 -0.6326 -0.3728
vn -0.6789 0.6326 -0.3728
vn -0.5577 -0.7715 -0.3062
vn -0.7739 0.4696 -0.4249
vn -0.4148 -0.8810 -0.2277
vn -0.8392 0.2890 -0.4608
vn -0.4872 0.7715 -0.4091
vn -0.5931 -0.6326 -0.4981
vn -0.5931 0.6326 -0.4981
vn -0.4872 -0.7715 -0.4091
vn -0.6761 0.4696 -0.5677
vn -0.3624 -0.8810 -0.3043
vn -0.7331 0.2890 -0.6156
vn -0.2233 -0.9565 -0.1875
vn -0.7622 0.0975 -0.6400
vn -0.0754 0.9951 -0.0633
vn -0.0754 -0.9951 -0.0633
vn -0.7622 -0.0975 -0.6400
vn -0.2233 0.9565 -0.1875
vn -0.7331 -0.2890 -0.6156
vn -0.3624 0.8810 -0.3043
vn -0.6761 -0.4696 -0.5677
vn -0.6227 0.0976 -0.7764
vn -0.0616 0.9951 -0.0768
vn -0.0616 -0.9951 -0.0768
vn -0.6227 -0.0976 -0.7764
vn -0.1824 0.9565 -0.2275
vn -0.5990 -0.2890 -0.7468
vn -0.2960 0.8810 -0.3691
vn -0.5524 -0.4696 -0.6887
vn -0.3981 0.7715 -0.4963
vn -0.4846 -0.6326 -0.6042
vn -0.4846 0.6326 -0.6042
vn -0.3981 -0.7715 -0.4963
vn -0.5524 0.4696 -0.6887
vn -0.2960 -0.8810 -0.3691
vn -0.5990 0.2890 -0.7468
vn -0.1824 -0.9566 -0.2275
vn -0.3574 -0.6326 -0.6871
vn -0.3574 0.6326 -0.6871
vn -0.2936 -0.7715 -0.5644
vn -0.4074 0.4696 -0.7833
vn -0.2183 -0.8810 -0.4198
vn -0.4417 0.2890 -0.8493
vn -0.1345 -0.9565 -0.2587
vn -0.4592 0.0975 -0.8829
vn -0.0455 0.9951 -0.0874
vn -0.0455 -0.9951 -0.0874
vn -0.4592 -0.0976 -0.8829
vn -0.1346 0.9565 -0.2587
vn -0.4417 -0.2890 -0.8493
vn -0.2183 0.8810 -0.4198
vn -0.4074 -0.4696 -0.7833
vn -0.2936 0.7715 -0.5644
vn -0.0275 0.9951 -0.0946
vn -0.0275 -0.9951 -0.0946
vn -0.2782 -0.0975 -0.9556
vn -0.0815 0.9566 -0.2799
vn -0.2676 -0.2890 -0.9192
vn -0.1322 0.8810 -0.4543
vn -0.2467 -0.4696 -0.8477
vn -0.1778 0.7715 -0.6109
vn -0.2165 -0.6326 -0.7436
vn -0.2165 0.6326 -0.7436
vn -0.1778 -0.7715 -0.6109
vn -0.2468 0.4696 -0.8477
vn -0.1322 -0.8810 -0.4543
vn -0.2676 0.2890 -0.9192
vn -0.0815 -0.9565 -0.2800
vn -0.2782 0.0975 -0.9556
vn -0.0672 0.6326 -0.7716
vn -0.0552 -0.7715 -0.6338
vn -0.0766 0.4696 -0.8795
vn -0.0411 -0.8810 -0.4714
vn -0.0831 0.2890 -0.9537
vn -0.0253 -0.9565 -0.2905
vn -0.0864 0.0976 -0.9915
vn -0.0086 0.9951 -0.0981
vn -0.0086 -0.9951 -0.0981
vn -0.0864 -0.0976 -0.9915
vn -0.0253 0.9565 -0.2905
vn -0.0831 -0.2890 -0.9537
vn -0.0411 0.8810 -0.4714
vn -0.0766 -0.4696 -0.8795
vn -0.0552 0.7715 -0.6338
vn -0.0672 -0.6326 -0.7716
vn 0.1087 -0.0975 -0.9893
vn 0.0318 0.9565 -0.2898
vn 0.1046 -0.2890 -0.9516
vn 0.0517 0.8810 -0.4703
vn 0.0964 -0.4696 -0.8776
vn 0.0695 0.7715 -0.6324
vn 0.0846 -0.6326 -0.7699
vn 0.0846 0.6326 -0.7699
vn 0.0695 -0.7715 -0.6324
vn 0.0964 0.4696 -0.8776
vn 0.0517 -0.8810 -0.4703
vn 0.1046 0.2890 -0.9516
vn 0.0318 -0.9566 -0.2898
vn 0.1087 0.0975 -0.9893
vn 0.0108 0.9951 -0.0979
vn 0.0108 -0.9951 -0.0979
vn 0.1915 -0.7715 -0.6067
vn 0.2658 0.4696 -0.8419
vn 0.1425 -0.8810 -0.4512
vn 0.2882 0.2890 -0.9129
vn 0.0878 -0.9566 -0.2780
vn 0.2996 0.0975 -0.9491
vn 0.0296 0.9951 -0.0939
vn 0.0297 -0.9951 -0.0939
vn 0.2996 -0.0975 -0.9491
vn 0.0878 0.9566 -0.2780
vn 0.2882 -0.2890 -0.9129
vn 0.1424 0.8810 -0.4512
vn 0.2658 -0.4696 -0.8419
vn 0.1915 0.7715 -0.6067
vn 0.2332 -0.6326 -0.7386
vn 0.2332 0.6326 -0.7386
vn 0.4608 -0.2890 -0.8392
vn 0.2277 0.8810 -0.4148
vn 0.4249 -0.4696 -0.7739
vn 0.3062 0.7715 -0.5577
vn 0.3728 -0.6326 -0.6789
vn 0.3728 0.6326 -0.6789
vn 0.3062 -0.7715 -0.5577
vn 0.4249 0.4696 -0.7739
vn 0.2277 -0.8810 -0.4148
vn 0.4608 0.2890 -0.8392
vn 0.1403 -0.9565 -0.2556
vn 0.4790 0.0976 -0.8724
vn 0.0474 0.9951 -0.0863
vn 0.0474 -0.9951 -0.0863
vn 0.4790 -0.0975 -0.8724
vn 0.1403 0.9566 -0.2556
vn 0.3043 -0.8810 -0.3624
vn 0.6156 0.2890 -0.7331
vn 0.1875 -0.9565 -0.2233
vn 0.6400 0.0976 -0.7622
vn 0.0633 0.9951 -0.0754
vn 0.0633 -0.9951 -0.0754
vn 0.6400 -0.0975 -0.7622
vn 0.1875 0.9565 -0.2233
vn 0.6156 -0.2890 -0.7331
vn 0.3043 0.8810 -0.3624
vn 0.5677 -0.4696 -0.6761
vn 0.4091 0.7715 -0.4872
vn 0.4981 -0.6326 -0.5931
vn 0.4981 0.6326 -0.5931
vn 0.4091 -0.7715 -0.4872
vn 0.5677 0.4696 -0.6761
vn 0.3691 0.8810 -0.2960
vn 0.6887 -0.4696 -0.5524
vn 0.4963 0.7715 -0.3981
vn 0.6042 -0.6326 -0.4846
vn 0.6042 0.6326 -0.4846
vn 0.4963 -0.7715 -0.3981
vn 0.6887 0.4696 -0.5524
vn 0.3691 -0.8810 -0.2960
vn 0.7468 0.2890 -0.5990
vn 0.2275 -0.9566 -0.1824
vn 0.7764 0.0976 -0.6227
vn 0.0768 0.9951 -0.0616
vn 0.0768 -0.9951 -0.0616
vn 0.7764 -0.0975 -0.6227
vn 0.2274 0.9566 -0.1824
vn 0.7468 -0.2890 -0.5990
vn 0.8493 0.2890 -0.4417
vn 0.2587 -0.9565 -0.1345
vn 0.8829 0.0975 -0.4592
vn 0.0874 0.9951 -0.0454
vn 0.0874 -0.9951 -0.0454
vn 0.8829 -0.0975 -0.4592
vn 0.2587 0.9566 -0.1345
vn 0.8493 -0.2890 -0.4418
vn 0.4198 0.8810 -0.2183
vn 0.7833 -0.4696 -0.4074
vn 0.5644 0.7715 -0.2936
vn 0.6871 -0.6326 -0.3574
vn 0.6871 0.6326 -0.3574
vn 0.5644 -0.7715 -0.2936
vn 0.7833 0.4696 -0.4074
vn 0.4198 -0.8810 -0.2183
vn 0.8477 -0.4696 -0.2468
vn 0.6109 0.7715 -0.1778
vn 0.7436 -0.6326 -0.2165
vn 0.7436 0.6326 -0.2165
vn 0.6109 -0.7715 -0.1778
vn 0.8477 0.4696 -0.2468
vn 0.4543 -0.8810 -0.1322
vn 0.9192 0.2890 -0.2676
vn 0.2799 -0.9566 -0.0815
vn 0.9556 0.0975 -0.2782
vn 0.0946 0.9951 -0.0275
vn 0.0946 -0.9951 -0.0275
vn 0.9556 -0.0975 -0.2782
vn 0.2799 0.9566 -0.0815
vn 0.9192 -0.2890 -0.2676
vn 0.4543 0.8810 -0.1322
vn 0.2905 -0.9565 -0.0253
vn 0.9915 0.0975 -0.0864
vn 0.0981 0.9951 -0.0085
vn 0.0981 -0.9951 -0.0085
vn 0.9915 -0.0975 -0.0864
vn 0.2905 0.9566 -0.0253
vn 0.9537 -0.2890 -0.0831
vn 0.4714 0.8810 -0.0411
vn 0.8795 -0.4696 -0.0766
vn 0.6338 0.7715 -0.0552
vn 0.7716 -0.6326 -0.0672
vn 0.7716 0.6326 -0.0672
vn 0.6338 -0.7715 -0.0552
vn 0.8795 0.4696 -0.0766
vn 0.4714 -0.8810 -0.0411
vn 0.9537 0.2890 -0.0831
vn 0.6324 0.7715 0.0695
vn 0.7699 -0.6326 0.0846
vn 0.7699 0.6326 0.0846
vn 0.6324 -0.7715 0.0695
vn 0.8776 0.4696 0.0964
vn 0.4703 -0.8810 0.0517
vn 0.9516 0.2890 0.1046
vn 0.2898 -0.9565 0.0318
vn 0.9893 0.0975 0.1087
vn 0.0979 0.9951 0.0108
vn 0.0979 -0.9951 0.0108
vn 0.9893 -0.0975 0.1087
vn 0.2898 0.9566 0.0318
vn 0.9516 -0.2890 0.1046
vn 0.4703 0.8810 0.0517
vn 0.8776 -0.4696 0.0964
vn 0.9491 0.0975 0.2996
vn 0.0939 0.9951 0.0296
vn 0.0939 -0.9951 0.0296
vn 0.9491 -0.0975 0.2996
vn 0.2780 0.9565 0.0878
vn 0.9129 -0.2890 0.2882
vn 0.4512 0.8810 0.1424
vn 0.8419 -0.4696 0.2658
vn 0.6067 0.7715 0.1915
vn 0.7386 -0.6326 0.2332
vn 0.7386 0.6326 0.2332
vn 0.6067 -0.7715 0.1915
vn 0.8419 0.4696 0.2658
vn 0.4512 -0.8810 0.1424
vn 0.9129 0.2890 0.2882
vn 0.2780 -0.9566 0.0878
vn 0.6789 -0.6326 0.3728
vn 0.6789 0.6326 0.3728
vn 0.5577 -0.7715 0.3062
vn 0.7739 0.4696 0.4249
vn 0.4148 -0.8810 0.2277
vn 0.8392 0.2890 0.4608
vn 0.2556 -0.9565 0.1403
vn 0.8724 0.0975 0.4790
vn 0.0863 0.9951 0.0474
vn 0.0863 -0.9951 0.0474
vn 0.8724 -0.0975 0.4790
vn 0.2556 0.9566 0.1403
vn 0.8392 -0.2890 0.4608
vn 0.4148 0.8810 0.2277
vn 0.7739 -0.4696 0.4249
vn 0.5577 0.7715 0.3062
vn 0.0754 -0.9951 0.0633
vn 0.7622 -0.0975 0.6400
vn 0.2233 0.9566 0.1875
vn 0.7331 -0.2890 0.6156
vn 0.3624 0.8810 0.3043
vn 0.6761 -0.4696 0.5677
vn 0.4872 0.7715 0.4091
vn 0.5931 -0.6326 0.4981
vn 0.5931 0.6326 0.4981
vn 0.4872 -0.7715 0.4091
vn 0.6761 0.4696 0.5677
vn 0.3624 -0.8810 0.3043
vn 0.7331 0.2890 0.6156
vn 0.2233 -0.9565 0.1875
vn 0.7622 0.0975 0.6400
vn 0.0754 0.9951 0.0633
vn 0.3980 -0.7715 0.4963
vn 0.5524 0.4696 0.6887
vn 0.2960 -0.8810 0.3691
vn 0.5990 0.2890 0.7468
vn 0.1824 -0.9566 0.2275
vn 0.6227 0.0975 0.7764
vn 0.0616 0.9951 0.0768
vn 0.0616 -0.9951 0.0768
vn 0.6227 -0.0975 0.7764
vn 0.1824 0.9566 0.2275
vn 0.5990 -0.2890 0.7468
vn 0.2960 0.8810 0.3691
vn 0.5524 -0.4696 0.6887
vn 0.3980 0.7715 0.4963
vn 0.4846 -0.6326 0.6042
vn 0.4846 0.6326 0.6042
vn 0.1345 0.9565 0.2587
vn 0.4417 -0.2890 0.8493
vn 0.2183 0.8810 0.4198
vn 0.4074 -0.4696 0.7833
vn 0.2936 0.7715 0.5644
vn 0.3574 -0.6326 0.6871
vn 0.3574 0.6326 0.6871
vn 0.2936 -0.7715 0.5644
vn 0.4074 0.4696 0.7833
vn 0.2183 -0.8810 0.4198
vn 0.4417 0.2890 0.8493
vn 0.1345 -0.9565 0.2587
vn 0.4592 0.0975 0.8829
vn 0.0455 0.9951 0.0874
vn 0.0455 -0.9951 0.0874
vn 0.4592 -0.0975 0.8829
vn 0.2468 0.4696 0.8477
vn 0.1322 -0.8810 0.4543
vn 0.2676 0.2890 0.9192
vn 0.0815 -0.9566 0.2799
vn 0.2782 0.0975 0.9556
vn 0.0275 0.9951 0.0946
vn 0.0275 -0.9951 0.0946
vn 0.2782 -0.0975 0.9556
vn 0.0815 0.9565 0.2800
vn 0.2676 -0.2890 0.9192
vn 0.1322 0.8810 0.4543
vn 0.2468 -0.4696 0.8477
vn 0.1778 0.7715 0.6109
vn 0.2165 -0.6326 0.7436
vn 0.2165 0.6326 0.7436
vn 0.1778 -0.7715 0.6109
vn 0.0831 -0.2890 0.9537
vn 0.0411 0.8810 0.4714
vn 0.0766 -0.4696 0.8795
vn 0.0552 0.7715 0.6338
vn 0.0672 -0.6326 0.7716
vn 0.0672 0.6326 0.7716
vn 0.0552 -0.7715 0.6338
vn 0.0766 0.4696 0.8795
vn 0.0411 -0.8810 0.4714
vn 0.0831 0.2890 0.9537
vn 0.0253 -0.9566 0.2905
vn 0.0864 0.0976 0.9915
vn 0.0086 0.9951 0.0981
vn 0.0086 -0.9951 0.0981
vn 0.0864 -0.0975 0.9915
vn 0.0253 0.9565 0.2905
vn 0.7654 -0.0000 0.6435
vn -0.5220 -0.0000 0.8529
vn -0.7654 -0.0000 -0.6435
vn 0.5197 -0.0000 -0.8543
vn -0.3817 -0.6507 -0.6564
vn -0.9177 0.3911 0.0696
vn 0.0068 0.7975 -0.6033
vn 0.0068 -0.7975 -0.6033
vn 0.0113 -0.0000 -0.9999
vn -0.0113 -0.0000 0.9999
vn 0.5003 -0.0000 0.8658
vn 0.5720 -0.6796 -0.4593
vn -0.5027 -0.0000 -0.8645
vn -0.5649 -0.6747 -0.4750
vn -0.0000 -1.0000 -0.0000
vn -0.5383 0.8427 -0.0061
vn -0.0000 1.0000 -0.0000
vn 0.5362 -0.8441 0.0060
vn 0.5362 0.8441 0.0060
vn -0.5383 -0.8427 -0.0061
vn -0.9999 -0.0000 -0.0113
vn 0.9999 -0.0000 0.0113
vn -0.7797 -0.0000 0.6261
vn -0.3964 -0.6507 0.6476
vn 0.3792 0.6523 0.6563
vn -0.0068 0.7975 0.6033
vn -0.0068 -0.7975 0.6033
vn 0.5615 -0.6796 0.4721
vn -0.5739 0.6769 0.4609
vn 0.7797 -0.0000 -0.6261
vn 0.9475 0.2024 0.2477
vn -0.1954 0.6350 0.7474
vn -0.1592 0.5956 0.7873
vn 0.8908 0.4532 0.0331
vn 0.3846 -0.6726 -0.6322
vn -0.3595 -0.6989 -0.6183
vn 0.6057 -0.6297 -0.4864
vn 0.1495 0.6053 0.7818
vn 0.3939 0.6523 -0.6475
vn -0.5634 0.6769 -0.4737
vn -0.9530 0.2002 0.2273
vn -0.6737 -0.4747 -0.5664
vn 0.1778 0.6354 0.7514
vn 0.6870 -0.4730 -0.5517
vn -0.4063 -0.5889 -0.6987
vn 0.4201 -0.5887 -0.6906
vn -0.0319 0.9565 0.2898
vn -0.0318 -0.9565 0.2898
vn -0.1087 0.0975 0.9893
vn -0.0107 0.9951 0.0979
vn -0.1087 -0.0976 0.9893
vn -0.0297 0.9951 0.0939
vn -0.0296 -0.9951 0.0939
vn -0.0878 0.9565 0.2780
vn -0.1425 0.8810 0.4512
vn -0.1424 -0.8810 0.4512
vn -0.4790 -0.0976 0.8724
vn -0.6400 -0.0976 0.7622
vn -0.1875 0.9566 0.2233
vn -0.4980 0.6326 0.5931
vn -0.6400 0.0976 0.7622
vn -0.7468 0.2890 0.5989
vn -0.2275 -0.9565 0.1824
vn -0.7764 0.0976 0.6227
vn -0.2275 0.9565 0.1824
vn -0.8493 -0.2890 0.4417
vn -0.7833 -0.4696 0.4074
vn -0.8829 0.0976 0.4592
vn -0.8829 -0.0976 0.4592
vn -0.2800 -0.9565 0.0815
vn -0.9556 0.0976 0.2782
vn -0.0946 0.9951 0.0275
vn -0.0945 -0.9951 0.0275
vn -0.9556 -0.0975 0.2782
vn -0.4543 0.8810 0.1323
vn -0.2905 -0.9565 0.0253
vn -0.0981 0.9951 0.0086
vn -0.0981 -0.9951 0.0086
vn -0.9915 -0.0976 0.0864
vn -0.2905 0.9566 0.0253
vn -0.2898 -0.9565 -0.0319
vn -0.0939 0.9951 -0.0297
vn -0.0939 -0.9951 -0.0297
vn -0.9491 -0.0976 -0.2996
vn -0.2780 0.9566 -0.0878
vn -0.2556 -0.9565 -0.1403
vn -0.8724 -0.0975 -0.4790
vn -0.7622 0.0976 -0.6400
vn -0.6227 0.0975 -0.7764
vn -0.6227 -0.0975 -0.7764
vn -0.1824 0.9566 -0.2275
vn -0.3980 -0.7715 -0.4963
vn -0.1824 -0.9565 -0.2275
vn -0.4418 0.2890 -0.8493
vn -0.1345 -0.9566 -0.2587
vn -0.4592 0.0976 -0.8829
vn -0.0454 -0.9951 -0.0874
vn -0.4592 -0.0975 -0.8829
vn -0.1345 0.9566 -0.2587
vn -0.4418 -0.2890 -0.8493
vn -0.2782 -0.0976 -0.9556
vn -0.1323 -0.8810 -0.4543
vn -0.0815 -0.9566 -0.2799
vn -0.0253 -0.9566 -0.2905
vn -0.0864 0.0975 -0.9915
vn -0.0085 0.9951 -0.0981
vn -0.0864 -0.0975 -0.9915
vn 0.0319 0.9565 -0.2898
vn 0.1087 0.0976 -0.9893
vn 0.1424 -0.8810 -0.4512
vn 0.2996 0.0976 -0.9491
vn 0.0296 -0.9951 -0.0939
vn 0.0878 0.9565 -0.2780
vn 0.4790 0.0975 -0.8724
vn 0.4790 -0.0976 -0.8724
vn 0.6400 0.0975 -0.7622
vn 0.0634 0.9951 -0.0754
vn 0.0634 -0.9951 -0.0754
vn 0.7468 0.2890 -0.5989
vn 0.2275 -0.9565 -0.1824
vn 0.7764 0.0975 -0.6227
vn 0.2275 0.9566 -0.1824
vn 0.2587 -0.9566 -0.1345
vn 0.8829 0.0976 -0.4592
vn 0.4543 -0.8810 -0.1323
vn 0.2800 -0.9566 -0.0815
vn 0.4543 0.8810 -0.1323
vn 0.9915 0.0976 -0.0864
vn 0.0981 0.9951 -0.0086
vn 0.0981 -0.9951 -0.0086
vn 0.9893 0.0976 0.1087
vn 0.9893 -0.0976 0.1087
vn 0.0939 0.9951 0.0297
vn 0.0939 -0.9951 0.0297
vn 0.9491 -0.0976 0.2996
vn 0.2780 0.9566 0.0878
vn 0.4512 -0.8810 0.1425
vn 0.2781 -0.9565 0.0878
vn 0.2556 -0.9566 0.1403
vn 0.8724 0.0976 0.4790
vn 0.5931 -0.6326 0.4980
vn 0.7622 0.0976 0.6400
vn 0.1824 -0.9565 0.2275
vn 0.6227 -0.0976 0.7764
vn 0.1824 0.9566 0.2274
vn 0.1345 -0.9566 0.2587
vn 0.0454 0.9951 0.0874
vn 0.0454 -0.9951 0.0874
vn 0.4592 -0.0976 0.8829
vn 0.2467 0.4696 0.8477
vn 0.1323 -0.8810 0.4543
vn 0.0815 -0.9565 0.2799
vn 0.0815 0.9565 0.2799
vn 0.2467 -0.4696 0.8477
vn 0.0085 0.9951 0.0981
vn -0.2996 -0.0976 0.9491
vn -0.0878 -0.9565 0.2780
vn -0.2996 0.0975 0.9491
vn -0.1404 0.9565 0.2556
vn -0.1875 -0.9566 0.2233
vn -0.7764 -0.0975 0.6227
vn -0.7468 -0.2890 0.5989
vn -0.2587 0.9565 0.1345
vn -0.7832 0.4696 0.4074
vn -0.8493 0.2890 0.4418
vn -0.2587 -0.9566 0.1345
vn -0.4543 -0.8810 0.1323
vn -0.2800 0.9565 0.0815
vn -0.9915 0.0975 0.0864
vn -0.2898 -0.9566 -0.0318
vn -0.2780 -0.9566 -0.0878
vn -0.8724 0.0976 -0.4790
vn -0.2556 0.9565 -0.1403
vn -0.5989 -0.2890 -0.7468
vn -0.3980 0.7715 -0.4963
vn -0.0815 0.9565 -0.2800
vn -0.2468 -0.4696 -0.8477
vn 0.0318 -0.9565 -0.2898
vn 0.0878 -0.9565 -0.2780
vn 0.1403 -0.9566 -0.2556
vn 0.1404 0.9565 -0.2556
vn 0.1875 -0.9566 -0.2233
vn 0.6400 -0.0976 -0.7622
vn 0.1875 0.9566 -0.2233
vn 0.2274 -0.9566 -0.1824
vn 0.7764 -0.0976 -0.6227
vn 0.7468 -0.2890 -0.5989
vn 0.2587 0.9565 -0.1345
vn 0.8493 -0.2890 -0.4417
vn 0.7832 0.4696 -0.4074
vn 0.2800 -0.9565 -0.0815
vn 0.2800 0.9565 -0.0815
vn 0.2905 -0.9566 -0.0253
vn 0.2905 0.9565 -0.0253
vn 0.2898 -0.9566 0.0318
vn 0.2898 0.9565 0.0318
vn 0.2780 -0.9565 0.0878
vn 0.2556 0.9565 0.1403
vn 0.2233 0.9565 0.1875
vn 0.2233 -0.9566 0.1875
vn 0.3981 -0.7715 0.4963
vn 0.1824 0.9565 0.2275
vn 0.5989 -0.2890 0.7468
vn 0.3981 0.7715 0.4963
vn 0.0815 -0.9565 0.2800
vn 0.0815 0.9566 0.2799
vn 0.0864 0.0975 0.9915
vn 0.0864 -0.0976 0.9915
vn 0.0253 0.9566 0.2905
vn -0.5634 -0.6769 -0.4737
vn 0.3939 -0.6523 -0.6475
vn -0.5739 -0.6769 0.4609
vn 0.5615 0.6796 0.4721
vn 0.3792 -0.6523 0.6563
vn -0.3964 0.6507 0.6476
vn 0.5720 0.6796 -0.4593
vn -0.3817 0.6507 -0.6564
vn -0.1403 -0.9565 0.2556
vn -0.4790 0.0976 0.8724
vn -0.2275 -0.9566 0.1824
vn -0.8477 0.4696 0.2467
vn -0.2799 -0.9566 0.0815
vn -0.9893 0.0976 -0.1087
vn -0.9893 -0.0976 -0.1087
vn -0.2898 0.9565 -0.0319
vn -0.2781 0.9565 -0.0878
vn -0.3623 -0.8810 -0.3043
vn -0.7622 -0.0976 -0.6400
vn -0.3623 0.8810 -0.3043
vn -0.5989 0.2890 -0.7468
vn -0.0815 0.9565 -0.2799
vn -0.0815 -0.9565 -0.2799
vn -0.2782 0.0976 -0.9556
vn 0.1087 -0.0976 -0.9893
vn 0.0318 0.9566 -0.2898
vn 0.0319 -0.9565 -0.2898
vn 0.2996 -0.0976 -0.9491
vn 0.1425 0.8810 -0.4512
vn 0.1403 0.9565 -0.2556
vn 0.2275 0.9565 -0.1824
vn 0.8493 0.2890 -0.4418
vn 0.2781 0.9565 0.0878
vn 0.4512 0.8810 0.1425
vn 0.7622 -0.0976 0.6400
vn 0.5931 0.6326 0.4980
vn 0.6227 0.0976 0.7764
vn 0.1345 0.9566 0.2587
vn 0.4592 0.0976 0.8829
vn 0.1323 0.8810 0.4543
vt 0.507006 0.553801
vt 0.496030 0.551347
vt 0.497389 0.548378
vt 0.454123 0.541104
vt 0.459375 0.544985
vt 0.454854 0.545510
vt 0.488922 0.548592
vt 0.490194 0.545026
vt 0.449093 0.542185
vt 0.450078 0.546365
vt 0.482965 0.546863
vt 0.484077 0.542869
vt 0.443690 0.543796
vt 0.444916 0.547658
vt 0.478476 0.541506
vt 0.477699 0.545765
vt 0.439177 0.549574
vt 0.437822 0.546152
vt 0.473358 0.540646
vt 0.472830 0.545121
vt 0.430962 0.549688
vt 0.432368 0.552500
vt 0.468264 0.544803
vt 0.468469 0.540218
vt 0.422113 0.555191
vt 0.423155 0.557183
vt 0.463813 0.544758
vt 0.463693 0.540193
vt 0.517601 0.559992
vt 0.506005 0.555976
vt 0.412474 0.561503
vt 0.458953 0.540458
vt 0.516467 0.562154
vt 0.505005 0.558125
vt 0.413015 0.562643
vt 0.424022 0.559255
vt 0.463911 0.549055
vt 0.459711 0.549238
vt 0.494934 0.554301
vt 0.455409 0.549651
vt 0.487908 0.552062
vt 0.450852 0.550341
vt 0.482072 0.550702
vt 0.445966 0.551399
vt 0.477058 0.549836
vt 0.440274 0.552925
vt 0.472450 0.549320
vt 0.433526 0.555330
vt 0.468117 0.549087
vt 0.481387 0.554393
vt 0.476579 0.553714
vt 0.441202 0.556209
vt 0.472156 0.553323
vt 0.434471 0.558166
vt 0.468012 0.553157
vt 0.424726 0.561393
vt 0.463999 0.553135
vt 0.515727 0.563511
vt 0.504163 0.560309
vt 0.413467 0.563913
vt 0.459982 0.553286
vt 0.494055 0.557226
vt 0.455860 0.553615
vt 0.487039 0.555451
vt 0.451495 0.554170
vt 0.446731 0.555007
vt 0.460199 0.557178
vt 0.503468 0.562523
vt 0.493280 0.560116
vt 0.456220 0.557436
vt 0.486402 0.558755
vt 0.451993 0.557869
vt 0.480901 0.557966
vt 0.447342 0.558523
vt 0.476193 0.557461
vt 0.441930 0.559445
vt 0.471933 0.557168
vt 0.435228 0.561004
vt 0.467936 0.557049
vt 0.425275 0.563585
vt 0.464066 0.557062
vt 0.515112 0.564960
vt 0.413818 0.565294
vt 0.442485 0.562644
vt 0.471777 0.560896
vt 0.435818 0.563840
vt 0.467892 0.560825
vt 0.425681 0.565824
vt 0.464130 0.560853
vt 0.514591 0.566449
vt 0.502918 0.564757
vt 0.414059 0.566771
vt 0.460371 0.560947
vt 0.492675 0.562992
vt 0.456499 0.561144
vt 0.485934 0.561990
vt 0.452374 0.561472
vt 0.480548 0.561443
vt 0.447812 0.561966
vt 0.475915 0.561098
vt 0.492331 0.565853
vt 0.456707 0.564770
vt 0.485589 0.565191
vt 0.452653 0.565006
vt 0.480260 0.564865
vt 0.448154 0.565356
vt 0.475768 0.564642
vt 0.442885 0.565812
vt 0.471687 0.564534
vt 0.436232 0.566666
vt 0.467877 0.564509
vt 0.426159 0.568038
vt 0.464191 0.564551
vt 0.514136 0.567964
vt 0.502509 0.566997
vt 0.414626 0.569370
vt 0.460507 0.564626
vt 0.471651 0.568114
vt 0.436495 0.569478
vt 0.467890 0.568133
vt 0.426501 0.570247
vt 0.464249 0.568188
vt 0.513787 0.569526
vt 0.502232 0.569234
vt 0.415062 0.570888
vt 0.460609 0.568247
vt 0.492140 0.568685
vt 0.456853 0.568344
vt 0.485385 0.568366
vt 0.452840 0.568494
vt 0.480136 0.568238
vt 0.448378 0.568710
vt 0.475674 0.568145
vt 0.443141 0.568959
vt 0.456940 0.571891
vt 0.485344 0.571515
vt 0.452940 0.571960
vt 0.480117 0.571585
vt 0.448489 0.572048
vt 0.475670 0.571616
vt 0.443263 0.572096
vt 0.471671 0.571663
vt 0.436601 0.572278
vt 0.467929 0.571726
vt 0.426709 0.572444
vt 0.464305 0.571794
vt 0.513569 0.571110
vt 0.502084 0.571471
vt 0.415393 0.572409
vt 0.460682 0.571839
vt 0.492013 0.571502
vt 0.436565 0.575077
vt 0.471746 0.575207
vt 0.467996 0.575314
vt 0.426578 0.574647
vt 0.464362 0.575398
vt 0.513447 0.572675
vt 0.502066 0.573700
vt 0.415405 0.572873
vt 0.460727 0.575429
vt 0.492035 0.574314
vt 0.456972 0.575437
vt 0.485433 0.574645
vt 0.452958 0.575428
vt 0.480206 0.574918
vt 0.448490 0.575389
vt 0.475751 0.575078
vt 0.443253 0.575237
vt 0.456948 0.579010
vt 0.452892 0.578920
vt 0.485630 0.577781
vt 0.480405 0.578258
vt 0.448381 0.578751
vt 0.475918 0.578556
vt 0.443112 0.578399
vt 0.471879 0.578770
vt 0.436366 0.577887
vt 0.468093 0.578926
vt 0.426314 0.576863
vt 0.464421 0.579027
vt 0.513392 0.574216
vt 0.502182 0.575909
vt 0.415145 0.574411
vt 0.460745 0.579045
vt 0.492305 0.577109
vt 0.436079 0.580717
vt 0.426132 0.579093
vt 0.468223 0.582589
vt 0.464482 0.582711
vt 0.513477 0.575735
vt 0.502431 0.578099
vt 0.414846 0.577047
vt 0.460736 0.582717
vt 0.492638 0.579906
vt 0.456867 0.582636
vt 0.486000 0.580933
vt 0.452738 0.582460
vt 0.480728 0.581630
vt 0.448153 0.582154
vt 0.476175 0.582073
vt 0.442800 0.581584
vt 0.472076 0.582379
vt 0.481187 0.585044
vt 0.452489 0.586074
vt 0.447801 0.585613
vt 0.476529 0.585651
vt 0.442368 0.584804
vt 0.472343 0.586064
vt 0.435545 0.583555
vt 0.468392 0.586336
vt 0.425606 0.581264
vt 0.464549 0.586482
vt 0.513660 0.577194
vt 0.502820 0.580262
vt 0.414792 0.577497
vt 0.460698 0.586475
vt 0.493139 0.582707
vt 0.456724 0.586344
vt 0.486520 0.584104
vt 0.468606 0.590201
vt 0.464622 0.590375
vt 0.513910 0.578589
vt 0.503356 0.582383
vt 0.414267 0.578912
vt 0.424933 0.583421
vt 0.460629 0.590355
vt 0.493910 0.585484
vt 0.456512 0.590167
vt 0.487181 0.587308
vt 0.452135 0.589791
vt 0.481746 0.588524
vt 0.447310 0.589157
vt 0.477033 0.589326
vt 0.441770 0.588086
vt 0.472697 0.589858
vt 0.434827 0.586410
vt 0.451659 0.593643
vt 0.446657 0.592812
vt 0.482526 0.592101
vt 0.477639 0.593114
vt 0.440956 0.591445
vt 0.473141 0.593790
vt 0.433997 0.589303
vt 0.468873 0.594221
vt 0.424109 0.585552
vt 0.464705 0.594432
vt 0.514295 0.579912
vt 0.504044 0.584460
vt 0.413650 0.580283
vt 0.460524 0.594397
vt 0.494792 0.588273
vt 0.456220 0.594142
vt 0.488071 0.590569
vt 0.514762 0.581127
vt 0.504895 0.586478
vt 0.412668 0.582500
vt 0.423299 0.587715
vt 0.460378 0.598648
vt 0.495901 0.591057
vt 0.455834 0.598313
vt 0.489181 0.593883
vt 0.451039 0.597665
vt 0.483499 0.595784
vt 0.445817 0.596594
vt 0.478413 0.597057
vt 0.439929 0.594877
vt 0.473702 0.597908
vt 0.432928 0.592223
vt 0.469204 0.598446
vt 0.464799 0.598701
vt 0.479387 0.601194
vt 0.438675 0.598381
vt 0.474405 0.602260
vt 0.431544 0.595129
vt 0.469616 0.602932
vt 0.422151 0.589724
vt 0.464908 0.603244
vt 0.515316 0.582215
vt 0.505921 0.588419
vt 0.412476 0.582861
vt 0.460180 0.603169
vt 0.497260 0.593827
vt 0.455331 0.602733
vt 0.490553 0.597256
vt 0.450243 0.601898
vt 0.484709 0.599598
vt 0.444756 0.600530
vt 0.459916 0.608032
vt 0.498979 0.596531
vt 0.454682 0.607467
vt 0.492206 0.600676
vt 0.449228 0.606397
vt 0.486210 0.603567
vt 0.443417 0.604660
vt 0.480608 0.605568
vt 0.437106 0.601993
vt 0.475289 0.606909
vt 0.429886 0.598031
vt 0.470131 0.607752
vt 0.420813 0.591655
vt 0.465036 0.608136
vt 0.515909 0.583167
vt 0.507131 0.590259
vt 0.411628 0.583866
vt 0.441733 0.609018
vt 0.435164 0.605715
vt 0.476405 0.611932
vt 0.427904 0.600909
vt 0.470778 0.612997
vt 0.419277 0.593486
vt 0.465189 0.613475
vt 0.516192 0.583394
vt 0.508637 0.591887
vt 0.410705 0.584736
vt 0.459568 0.613332
vt 0.500933 0.599199
vt 0.453842 0.612598
vt 0.494280 0.604182
vt 0.447933 0.611224
vt 0.488084 0.607731
vt 0.482145 0.610238
vt 0.459104 0.619194
vt 0.452752 0.618231
vt 0.496810 0.607743
vt 0.446271 0.616453
vt 0.490421 0.612105
vt 0.439609 0.613639
vt 0.484088 0.615268
vt 0.432769 0.609540
vt 0.477826 0.617426
vt 0.425546 0.603730
vt 0.471602 0.618788
vt 0.417535 0.595186
vt 0.465374 0.619390
vt 0.517115 0.583955
vt 0.510338 0.593383
vt 0.409736 0.585450
vt 0.503273 0.601777
vt 0.429813 0.613446
vt 0.422753 0.606442
vt 0.479657 0.623519
vt 0.472662 0.625285
vt 0.415581 0.596715
vt 0.465601 0.626057
vt 0.518026 0.584349
vt 0.512238 0.594703
vt 0.408758 0.585984
vt 0.458483 0.625785
vt 0.506100 0.604177
vt 0.451320 0.624506
vt 0.499854 0.611288
vt 0.444122 0.622179
vt 0.493349 0.616701
vt 0.436915 0.618556
vt 0.486571 0.620734
vt 0.503663 0.614832
vt 0.449411 0.631608
vt 0.441307 0.628514
vt 0.497068 0.621544
vt 0.433471 0.623795
vt 0.489783 0.626733
vt 0.426162 0.617387
vt 0.482053 0.630381
vt 0.419462 0.608969
vt 0.474050 0.632709
vt 0.413416 0.598026
vt 0.465882 0.633714
vt 0.519289 0.584796
vt 0.514296 0.595884
vt 0.407812 0.586325
vt 0.457638 0.633334
vt 0.509357 0.606376
vt 0.485250 0.638246
vt 0.475901 0.641375
vt 0.415609 0.611198
vt 0.411049 0.599061
vt 0.466238 0.642701
vt 0.519870 0.584866
vt 0.516541 0.596756
vt 0.406953 0.586465
vt 0.456471 0.642168
vt 0.513175 0.608204
vt 0.446816 0.639796
vt 0.508242 0.618162
vt 0.437559 0.635593
vt 0.501816 0.626591
vt 0.429018 0.629363
vt 0.494004 0.633368
vt 0.421644 0.621266
vt 0.432478 0.643563
vt 0.507998 0.631799
vt 0.423177 0.635226
vt 0.499651 0.640748
vt 0.416056 0.624900
vt 0.489630 0.647467
vt 0.411138 0.612971
vt 0.478409 0.651742
vt 0.408503 0.599753
vt 0.466695 0.653476
vt 0.520309 0.584766
vt 0.518941 0.597260
vt 0.406245 0.586419
vt 0.454838 0.652768
vt 0.517482 0.609521
vt 0.443190 0.649460
vt 0.513955 0.621164
vt 0.405824 0.600028
vt 0.481813 0.664511
vt 0.467286 0.666555
vt 0.520523 0.584575
vt 0.521434 0.597326
vt 0.405760 0.586224
vt 0.452579 0.665864
vt 0.522297 0.610079
vt 0.437873 0.661344
vt 0.520901 0.623427
vt 0.425481 0.652450
vt 0.516203 0.637022
vt 0.415334 0.641309
vt 0.507302 0.648835
vt 0.409207 0.627940
vt 0.495920 0.658710
vt 0.406022 0.614072
vt 0.520004 0.515170
vt 0.505662 0.507984
vt 0.513234 0.502130
vt 0.420840 0.494183
vt 0.420492 0.511279
vt 0.412679 0.506278
vt 0.496510 0.499655
vt 0.503772 0.490555
vt 0.407343 0.519379
vt 0.414342 0.521856
vt 0.485794 0.493609
vt 0.491089 0.482311
vt 0.405760 0.532939
vt 0.410611 0.533548
vt 0.477030 0.476717
vt 0.474146 0.490057
vt 0.409066 0.545977
vt 0.406569 0.545909
vt 0.461301 0.474780
vt 0.461940 0.489185
vt 0.523130 0.543231
vt 0.523202 0.556983
vt 0.520462 0.543506
vt 0.407469 0.558681
vt 0.449887 0.491099
vt 0.445848 0.478148
vt 0.522917 0.529256
vt 0.517834 0.530314
vt 0.438692 0.495599
vt 0.432486 0.484966
vt 0.512922 0.518373
vt 0.428706 0.502427
vt 0.462401 0.500319
vt 0.522752 0.556803
vt 0.517924 0.544204
vt 0.407632 0.558647
vt 0.411498 0.546497
vt 0.452577 0.501615
vt 0.513329 0.532089
vt 0.443152 0.504766
vt 0.507344 0.522006
vt 0.434386 0.509786
vt 0.499867 0.513818
vt 0.426561 0.516469
vt 0.491348 0.507616
vt 0.419927 0.524911
vt 0.482063 0.503239
vt 0.415010 0.534913
vt 0.472327 0.500828
vt 0.431300 0.521575
vt 0.495409 0.519406
vt 0.487553 0.514699
vt 0.424573 0.528337
vt 0.479397 0.511481
vt 0.418787 0.536796
vt 0.471091 0.509771
vt 0.413756 0.547316
vt 0.462753 0.509444
vt 0.522087 0.556771
vt 0.515563 0.545251
vt 0.408445 0.558425
vt 0.454485 0.510385
vt 0.509430 0.534315
vt 0.446401 0.512682
vt 0.502854 0.525868
vt 0.438625 0.516432
vt 0.408707 0.558429
vt 0.415818 0.548508
vt 0.455893 0.517887
vt 0.506149 0.536877
vt 0.448824 0.519610
vt 0.499156 0.529835
vt 0.441853 0.522466
vt 0.491941 0.524691
vt 0.435023 0.526477
vt 0.484702 0.521060
vt 0.428362 0.531909
vt 0.477446 0.518648
vt 0.422067 0.539050
vt 0.470215 0.517398
vt 0.463028 0.517180
vt 0.521253 0.556897
vt 0.513410 0.546578
vt 0.431461 0.535524
vt 0.475989 0.524983
vt 0.424873 0.541539
vt 0.469576 0.524050
vt 0.417671 0.549948
vt 0.463248 0.523902
vt 0.520334 0.557229
vt 0.511474 0.548125
vt 0.409402 0.558682
vt 0.456959 0.524447
vt 0.503377 0.539632
vt 0.450670 0.525768
vt 0.496162 0.533769
vt 0.444350 0.527978
vt 0.489225 0.529654
vt 0.437969 0.531143
vt 0.482525 0.526822
vt 0.501057 0.542501
vt 0.457784 0.530291
vt 0.452097 0.531320
vt 0.493715 0.537627
vt 0.446310 0.533057
vt 0.487089 0.534316
vt 0.440318 0.535575
vt 0.480838 0.532092
vt 0.434003 0.539122
vt 0.474883 0.530669
vt 0.427261 0.544178
vt 0.469101 0.529964
vt 0.419315 0.551585
vt 0.463426 0.529865
vt 0.519378 0.557763
vt 0.509753 0.549843
vt 0.410137 0.559151
vt 0.474041 0.535840
vt 0.429285 0.546909
vt 0.468745 0.535308
vt 0.420754 0.553383
vt 0.463573 0.535247
vt 0.519117 0.558023
vt 0.508343 0.551817
vt 0.410866 0.559826
vt 0.458431 0.535583
vt 0.499006 0.545409
vt 0.453210 0.536387
vt 0.491758 0.541363
vt 0.447872 0.537781
vt 0.485419 0.538696
vt 0.442198 0.539788
vt 0.479509 0.536966
vt 0.436093 0.542671
vt 0.517797 0.559630
vt 0.412208 0.561219
vt 0.801780 0.374412
vt 0.831454 0.324976
vt 0.842215 0.336433
vt 0.748809 0.318015
vt 0.777898 0.267956
vt 0.789244 0.280036
vt 0.696721 0.264351
vt 0.729408 0.215941
vt 0.736738 0.230193
vt 0.646220 0.204492
vt 0.678305 0.155367
vt 0.689176 0.168252
vt 0.746127 0.213114
vt 0.730782 0.196134
vt 0.865604 0.796561
vt 0.829335 0.861595
vt 0.829335 0.796323
vt 0.661525 0.302752
vt 0.656155 0.271134
vt 0.677920 0.278241
vt 0.764576 0.192273
vt 0.767053 0.158611
vt 0.785732 0.173077
vt 0.675627 0.239348
vt 0.703906 0.185713
vt 0.718582 0.203108
vt 0.779626 0.350825
vt 0.804624 0.296411
vt 0.820062 0.312847
vt 0.791019 0.362955
vt 0.786539 0.155367
vt 0.804825 0.159100
vt 0.630464 0.310794
vt 0.643197 0.290877
vt 0.660951 0.221952
vt 0.686453 0.252180
vt 0.803936 0.910436
vt 0.767660 0.865514
vt 0.784369 0.850638
vt 0.748095 0.176437
vt 0.764189 0.334389
vt 0.782031 0.251196
vt 0.784885 0.212974
vt 0.804001 0.234829
vt 0.729258 0.293288
vt 0.700988 0.295583
vt 0.713892 0.279785
vt 0.694254 0.355414
vt 0.685550 0.318408
vt 0.709097 0.333373
vt 0.840478 0.197094
vt 0.806416 0.193075
vt 0.823308 0.177315
vt 0.825188 0.215226
vt 0.722417 0.310753
vt 0.680927 0.372196
vt 0.670585 0.342600
vt 0.764176 0.259299
vt 0.764620 0.231533
vt 0.750282 0.244777
vt 0.832597 0.407223
vt 0.857624 0.352839
vt 0.873033 0.369244
vt 0.737463 0.305935
vt 0.797766 0.267993
vt 0.697643 0.371150
vt 0.713920 0.364015
vt 0.739018 0.323903
vt 0.838081 0.235053
vt 0.842928 0.215753
vt 0.727043 0.344492
vt 0.818538 0.252512
vt 0.817189 0.390817
vt 0.843358 0.418679
vt 0.883793 0.380701
vt 0.639931 0.349672
vt 0.645814 0.327690
vt 0.700996 0.847183
vt 0.742962 0.814748
vt 0.739186 0.853591
vt 0.757560 0.824043
vt 0.740539 0.918797
vt 0.780297 0.926434
vt 0.807848 0.981332
vt 0.832401 0.927135
vt 0.832401 0.985887
vt 0.828942 0.897923
vt 0.804290 0.835840
vt 0.898513 0.897029
vt 0.923981 0.849376
vt 0.919417 0.907951
vt 0.897635 0.845854
vt 0.866297 0.860429
vt 0.857342 0.902869
vt 0.863576 0.920527
vt 0.836599 0.917654
vt 0.761404 0.800311
vt 0.882181 0.903286
vt 0.903077 0.838454
vt 0.919417 0.792333
vt 0.779299 0.781412
vt 0.947541 0.790729
vt 0.924374 0.838637
vt 0.924374 0.781412
vt 0.624661 0.553801
vt 0.613685 0.551347
vt 0.615044 0.548378
vt 0.571778 0.541104
vt 0.577031 0.544985
vt 0.572509 0.545510
vt 0.607849 0.545026
vt 0.606577 0.548592
vt 0.567733 0.546365
vt 0.566748 0.542185
vt 0.601732 0.542869
vt 0.600620 0.546863
vt 0.561346 0.543796
vt 0.562571 0.547658
vt 0.595355 0.545765
vt 0.596132 0.541506
vt 0.556832 0.549574
vt 0.555477 0.546152
vt 0.591013 0.540646
vt 0.590485 0.545121
vt 0.550023 0.552500
vt 0.548617 0.549688
vt 0.585919 0.544803
vt 0.586124 0.540218
vt 0.540810 0.557183
vt 0.539768 0.555191
vt 0.581349 0.540193
vt 0.581468 0.544758
vt 0.635256 0.559992
vt 0.623661 0.555976
vt 0.530129 0.561503
vt 0.576608 0.540458
vt 0.634122 0.562154
vt 0.622660 0.558125
vt 0.530671 0.562643
vt 0.541677 0.559255
vt 0.577366 0.549238
vt 0.612589 0.554301
vt 0.573064 0.549651
vt 0.605563 0.552062
vt 0.568508 0.550341
vt 0.599727 0.550702
vt 0.563621 0.551399
vt 0.594714 0.549836
vt 0.557929 0.552925
vt 0.590106 0.549320
vt 0.551181 0.555330
vt 0.585772 0.549087
vt 0.581566 0.549055
vt 0.594234 0.553714
vt 0.558858 0.556209
vt 0.589811 0.553323
vt 0.552126 0.558166
vt 0.585667 0.553157
vt 0.542381 0.561393
vt 0.581655 0.553135
vt 0.633382 0.563511
vt 0.621818 0.560309
vt 0.531122 0.563913
vt 0.577637 0.553286
vt 0.611711 0.557226
vt 0.573516 0.553615
vt 0.604694 0.555451
vt 0.569150 0.554170
vt 0.599043 0.554393
vt 0.564386 0.555007
vt 0.577854 0.557178
vt 0.621124 0.562523
vt 0.610936 0.560116
vt 0.573875 0.557436
vt 0.604057 0.558755
vt 0.569648 0.557869
vt 0.598556 0.557966
vt 0.564997 0.558523
vt 0.593848 0.557461
vt 0.559586 0.559445
vt 0.589588 0.557168
vt 0.552883 0.561004
vt 0.585591 0.557049
vt 0.542931 0.563585
vt 0.581722 0.557062
vt 0.632767 0.564960
vt 0.531473 0.565294
vt 0.560140 0.562644
vt 0.593570 0.561098
vt 0.589432 0.560896
vt 0.553473 0.563840
vt 0.585547 0.560825
vt 0.543336 0.565824
vt 0.581786 0.560853
vt 0.632246 0.566449
vt 0.620573 0.564757
vt 0.531714 0.566771
vt 0.578027 0.560947
vt 0.610331 0.562992
vt 0.574154 0.561144
vt 0.603589 0.561990
vt 0.570029 0.561472
vt 0.598203 0.561443
vt 0.565467 0.561966
vt 0.620164 0.566997
vt 0.609986 0.565853
vt 0.578162 0.564626
vt 0.574362 0.564770
vt 0.603244 0.565191
vt 0.570308 0.565006
vt 0.597916 0.564865
vt 0.565809 0.565356
vt 0.593423 0.564642
vt 0.560540 0.565812
vt 0.589342 0.564534
vt 0.553888 0.566666
vt 0.585533 0.564509
vt 0.543814 0.568038
vt 0.581846 0.564551
vt 0.631791 0.567964
vt 0.532281 0.569370
vt 0.589307 0.568114
vt 0.554150 0.569478
vt 0.585545 0.568133
vt 0.544156 0.570247
vt 0.581904 0.568188
vt 0.631442 0.569526
vt 0.619887 0.569234
vt 0.532717 0.570888
vt 0.578264 0.568247
vt 0.609796 0.568685
vt 0.574508 0.568344
vt 0.603040 0.568366
vt 0.570495 0.568494
vt 0.597791 0.568238
vt 0.566033 0.568710
vt 0.593329 0.568145
vt 0.560797 0.568959
vt 0.574595 0.571891
vt 0.609668 0.571502
vt 0.602999 0.571515
vt 0.570596 0.571960
vt 0.597772 0.571585
vt 0.566144 0.572048
vt 0.593325 0.571616
vt 0.560918 0.572096
vt 0.589326 0.571663
vt 0.554257 0.572278
vt 0.585584 0.571726
vt 0.544365 0.572444
vt 0.581961 0.571794
vt 0.631225 0.571110
vt 0.619739 0.571471
vt 0.533048 0.572409
vt 0.578337 0.571839
vt 0.560908 0.575237
vt 0.554220 0.575077
vt 0.585651 0.575314
vt 0.544233 0.574647
vt 0.582017 0.575398
vt 0.631102 0.572675
vt 0.619722 0.573700
vt 0.533060 0.572873
vt 0.578382 0.575429
vt 0.609691 0.574314
vt 0.574627 0.575437
vt 0.603089 0.574645
vt 0.570613 0.575428
vt 0.597861 0.574918
vt 0.566146 0.575389
vt 0.593406 0.575078
vt 0.589401 0.575207
vt 0.574603 0.579010
vt 0.570547 0.578920
vt 0.598060 0.578258
vt 0.566036 0.578751
vt 0.593573 0.578556
vt 0.560767 0.578399
vt 0.589534 0.578770
vt 0.554021 0.577887
vt 0.585748 0.578926
vt 0.543969 0.576863
vt 0.582076 0.579027
vt 0.631047 0.574216
vt 0.619837 0.575909
vt 0.532800 0.574411
vt 0.578400 0.579045
vt 0.609960 0.577109
vt 0.603285 0.577781
vt 0.543787 0.579093
vt 0.582137 0.582711
vt 0.631133 0.575735
vt 0.620086 0.578099
vt 0.532501 0.577047
vt 0.578391 0.582717
vt 0.610294 0.579906
vt 0.574522 0.582636
vt 0.603655 0.580933
vt 0.570393 0.582460
vt 0.598383 0.581630
vt 0.565808 0.582154
vt 0.593831 0.582073
vt 0.560456 0.581584
vt 0.589731 0.582379
vt 0.553734 0.580717
vt 0.585879 0.582589
vt 0.598842 0.585044
vt 0.565457 0.585613
vt 0.594185 0.585651
vt 0.560024 0.584804
vt 0.589999 0.586064
vt 0.553200 0.583555
vt 0.586048 0.586336
vt 0.543261 0.581264
vt 0.582204 0.586482
vt 0.631315 0.577194
vt 0.620476 0.580262
vt 0.532447 0.577497
vt 0.578353 0.586475
vt 0.610795 0.582707
vt 0.574379 0.586344
vt 0.604176 0.584104
vt 0.570145 0.586074
vt 0.586262 0.590201
vt 0.582277 0.590375
vt 0.631565 0.578589
vt 0.621011 0.582383
vt 0.531923 0.578912
vt 0.542589 0.583421
vt 0.578284 0.590355
vt 0.611565 0.585484
vt 0.574167 0.590167
vt 0.604836 0.587308
vt 0.569790 0.589791
vt 0.599401 0.588524
vt 0.564965 0.589157
vt 0.594688 0.589326
vt 0.559426 0.588086
vt 0.590352 0.589858
vt 0.552482 0.586410
vt 0.569314 0.593643
vt 0.564312 0.592812
vt 0.595294 0.593114
vt 0.558612 0.591445
vt 0.590797 0.593790
vt 0.551652 0.589303
vt 0.586528 0.594221
vt 0.541765 0.585552
vt 0.582360 0.594432
vt 0.631950 0.579912
vt 0.621699 0.584460
vt 0.531306 0.580283
vt 0.578180 0.594397
vt 0.612447 0.588273
vt 0.573875 0.594142
vt 0.605726 0.590569
vt 0.600182 0.592101
vt 0.632418 0.581127
vt 0.622551 0.586478
vt 0.530324 0.582500
vt 0.540954 0.587715
vt 0.582454 0.598701
vt 0.578033 0.598648
vt 0.613556 0.591057
vt 0.573489 0.598313
vt 0.606836 0.593883
vt 0.568694 0.597665
vt 0.601154 0.595784
vt 0.563472 0.596594
vt 0.596068 0.597057
vt 0.557584 0.594877
vt 0.591357 0.597908
vt 0.550583 0.592223
vt 0.586859 0.598446
vt 0.602364 0.599598
vt 0.597042 0.601194
vt 0.562411 0.600530
vt 0.556330 0.598381
vt 0.592060 0.602260
vt 0.549200 0.595129
vt 0.587271 0.602932
vt 0.539806 0.589724
vt 0.582563 0.603244
vt 0.632971 0.582215
vt 0.623577 0.588419
vt 0.530131 0.582861
vt 0.577835 0.603169
vt 0.614916 0.593827
vt 0.572986 0.602733
vt 0.608209 0.597256
vt 0.567899 0.601898
vt 0.577572 0.608032
vt 0.616635 0.596531
vt 0.572337 0.607467
vt 0.609862 0.600676
vt 0.566883 0.606397
vt 0.603865 0.603567
vt 0.561073 0.604660
vt 0.598264 0.605568
vt 0.554761 0.601993
vt 0.592944 0.606909
vt 0.547541 0.598031
vt 0.587786 0.607752
vt 0.538468 0.591655
vt 0.582692 0.608136
vt 0.633564 0.583167
vt 0.624786 0.590259
vt 0.529284 0.583866
vt 0.552820 0.605715
vt 0.594060 0.611932
vt 0.545560 0.600909
vt 0.588434 0.612997
vt 0.536932 0.593486
vt 0.582845 0.613475
vt 0.633847 0.583394
vt 0.626292 0.591887
vt 0.528360 0.584736
vt 0.577223 0.613332
vt 0.618589 0.599199
vt 0.571498 0.612598
vt 0.611935 0.604182
vt 0.565588 0.611224
vt 0.605739 0.607731
vt 0.559388 0.609018
vt 0.599800 0.610238
vt 0.570407 0.618231
vt 0.620928 0.601777
vt 0.614465 0.607743
vt 0.563927 0.616453
vt 0.608076 0.612105
vt 0.557264 0.613639
vt 0.601744 0.615268
vt 0.550424 0.609540
vt 0.595481 0.617426
vt 0.543202 0.603730
vt 0.589257 0.618788
vt 0.535190 0.595186
vt 0.583030 0.619390
vt 0.634771 0.583955
vt 0.627993 0.593383
vt 0.527392 0.585450
vt 0.576760 0.619194
vt 0.540409 0.606442
vt 0.590317 0.625285
vt 0.533237 0.596715
vt 0.583256 0.626057
vt 0.635682 0.584349
vt 0.629894 0.594703
vt 0.526413 0.585984
vt 0.576138 0.625785
vt 0.623755 0.604177
vt 0.568975 0.624506
vt 0.617510 0.611288
vt 0.561777 0.622179
vt 0.611004 0.616701
vt 0.554570 0.618556
vt 0.604226 0.620734
vt 0.547469 0.613446
vt 0.597312 0.623519
vt 0.621319 0.614832
vt 0.558962 0.628514
vt 0.614724 0.621544
vt 0.551126 0.623795
vt 0.607439 0.626733
vt 0.543817 0.617387
vt 0.599708 0.630381
vt 0.537117 0.608969
vt 0.591706 0.632709
vt 0.531072 0.598026
vt 0.583538 0.633714
vt 0.636945 0.584796
vt 0.631951 0.595884
vt 0.525467 0.586325
vt 0.575294 0.633334
vt 0.627012 0.606376
vt 0.567066 0.631608
vt 0.593556 0.641375
vt 0.533264 0.611198
vt 0.528704 0.599061
vt 0.583893 0.642701
vt 0.637525 0.584866
vt 0.634197 0.596756
vt 0.524608 0.586465
vt 0.574126 0.642168
vt 0.630830 0.608204
vt 0.564471 0.639796
vt 0.625898 0.618162
vt 0.555214 0.635593
vt 0.619471 0.626591
vt 0.546673 0.629363
vt 0.611659 0.633368
vt 0.539299 0.621266
vt 0.602905 0.638246
vt 0.560845 0.649460
vt 0.550133 0.643563
vt 0.625653 0.631799
vt 0.540833 0.635226
vt 0.617306 0.640748
vt 0.533711 0.624900
vt 0.607285 0.647467
vt 0.528794 0.612971
vt 0.596064 0.651742
vt 0.526158 0.599753
vt 0.584350 0.653476
vt 0.637964 0.584766
vt 0.636597 0.597260
vt 0.523901 0.586419
vt 0.572494 0.652768
vt 0.635137 0.609521
vt 0.631610 0.621164
vt 0.523479 0.600028
vt 0.599469 0.664511
vt 0.584942 0.666555
vt 0.638178 0.584575
vt 0.639089 0.597326
vt 0.523415 0.586224
vt 0.570235 0.665864
vt 0.639952 0.610079
vt 0.555528 0.661344
vt 0.638557 0.623427
vt 0.543136 0.652450
vt 0.633858 0.637022
vt 0.532989 0.641309
vt 0.624958 0.648835
vt 0.526862 0.627940
vt 0.613575 0.658710
vt 0.523678 0.614072
vt 0.637659 0.515170
vt 0.623317 0.507984
vt 0.630889 0.502130
vt 0.538495 0.494183
vt 0.538148 0.511279
vt 0.530334 0.506278
vt 0.614165 0.499655
vt 0.621427 0.490555
vt 0.524998 0.519379
vt 0.531998 0.521856
vt 0.603449 0.493609
vt 0.608744 0.482311
vt 0.528266 0.533548
vt 0.523415 0.532939
vt 0.594686 0.476717
vt 0.591801 0.490057
vt 0.526721 0.545977
vt 0.524224 0.545909
vt 0.579595 0.489185
vt 0.578956 0.474780
vt 0.640786 0.543231
vt 0.640857 0.556983
vt 0.638117 0.543506
vt 0.525125 0.558681
vt 0.567542 0.491099
vt 0.563503 0.478148
vt 0.640573 0.529256
vt 0.635489 0.530314
vt 0.556347 0.495599
vt 0.550141 0.484966
vt 0.630578 0.518373
vt 0.546362 0.502427
vt 0.589982 0.500828
vt 0.580057 0.500319
vt 0.640408 0.556803
vt 0.635579 0.544204
vt 0.525287 0.558647
vt 0.529153 0.546497
vt 0.570233 0.501615
vt 0.630984 0.532089
vt 0.560807 0.504766
vt 0.625000 0.522006
vt 0.552041 0.509786
vt 0.617522 0.513818
vt 0.544216 0.516469
vt 0.609003 0.507616
vt 0.537582 0.524911
vt 0.599718 0.503239
vt 0.532665 0.534913
vt 0.548956 0.521575
vt 0.613064 0.519406
vt 0.605209 0.514699
vt 0.542228 0.528337
vt 0.597052 0.511481
vt 0.536443 0.536796
vt 0.588746 0.509771
vt 0.531411 0.547316
vt 0.580408 0.509444
vt 0.639742 0.556771
vt 0.633218 0.545251
vt 0.526100 0.558425
vt 0.572141 0.510385
vt 0.627085 0.534315
vt 0.564056 0.512682
vt 0.620509 0.525868
vt 0.556280 0.516432
vt 0.526363 0.558429
vt 0.533473 0.548508
vt 0.580683 0.517180
vt 0.573548 0.517887
vt 0.623804 0.536877
vt 0.566480 0.519610
vt 0.616811 0.529835
vt 0.559508 0.522466
vt 0.609596 0.524691
vt 0.552678 0.526477
vt 0.602358 0.521060
vt 0.546017 0.531909
vt 0.595102 0.518648
vt 0.539722 0.539050
vt 0.587870 0.517398
vt 0.638908 0.556897
vt 0.631065 0.546578
vt 0.549116 0.535524
vt 0.600180 0.526822
vt 0.593644 0.524983
vt 0.542528 0.541539
vt 0.587231 0.524050
vt 0.535326 0.549948
vt 0.580903 0.523902
vt 0.637990 0.557229
vt 0.629129 0.548125
vt 0.527057 0.558682
vt 0.574615 0.524447
vt 0.621033 0.539632
vt 0.568325 0.525768
vt 0.613817 0.533769
vt 0.562005 0.527978
vt 0.606880 0.529654
vt 0.555624 0.531143
vt 0.618712 0.542501
vt 0.569752 0.531320
vt 0.611370 0.537627
vt 0.563965 0.533057
vt 0.604744 0.534316
vt 0.557973 0.535575
vt 0.598493 0.532092
vt 0.551658 0.539122
vt 0.592539 0.530669
vt 0.544917 0.544178
vt 0.586756 0.529964
vt 0.536970 0.551585
vt 0.581082 0.529865
vt 0.637033 0.557763
vt 0.627408 0.549843
vt 0.527792 0.559151
vt 0.575439 0.530291
vt 0.597164 0.536966
vt 0.591697 0.535840
vt 0.546940 0.546909
vt 0.586400 0.535308
vt 0.538409 0.553383
vt 0.581228 0.535247
vt 0.636772 0.558023
vt 0.625998 0.551817
vt 0.528522 0.559826
vt 0.576086 0.535583
vt 0.616661 0.545409
vt 0.570865 0.536387
vt 0.609414 0.541363
vt 0.565527 0.537781
vt 0.603074 0.538696
vt 0.559853 0.539788
vt 0.553749 0.542671
vt 0.635452 0.559630
vt 0.529863 0.561219
vt 0.242602 0.543097
vt 0.132844 0.652854
vt 0.132844 0.543097
vt 0.242602 0.652854
vt 0.132844 0.758578
vt 0.242602 0.762611
vt 0.132844 0.872369
vt 0.246635 0.872369
vt 0.132844 0.986160
vt 0.019053 0.872369
vt 0.019053 0.758578
vt 0.352359 0.872369
vt 0.635349 0.191606
vt 0.660283 0.361297
vt 0.728953 0.788022
vt 0.700996 0.919919
vt 0.807848 0.922580
vt 0.898120 0.781412
vt 0.898513 0.781412
vt 0.947541 0.847954
vt 0.246635 0.986160
vt 0.352359 0.762611
s 0
usemtl マテリアル
f 474/1/1 8/2/1 475/3/1
f 478/4/2 15/5/2 16/6/2
f 475/3/3 9/7/3 1/8/3
f 6/9/4 16/6/4 17/10/4
f 1/8/5 10/11/5 476/12/5
f 479/13/6 17/10/6 18/14/6
f 2/15/7 10/11/7 11/16/7
f 479/13/8 19/17/8 480/18/8
f 477/19/9 11/16/9 12/20/9
f 481/21/10 19/17/10 20/22/10
f 477/19/11 13/23/11 3/24/11
f 482/25/12 20/22/12 21/26/12
f 3/24/13 14/27/13 4/28/13
f 474/1/14 82/29/14 7/30/14
f 308/31/15 482/25/15 21/26/15
f 4/28/16 15/5/16 5/32/16
f 7/30/17 82/33/17 22/34/17
f 308/35/18 21/26/18 36/36/18
f 15/5/19 29/37/19 30/38/19
f 8/2/20 22/34/20 23/39/20
f 15/5/21 31/40/21 16/6/21
f 8/2/22 24/41/22 9/7/22
f 17/10/23 31/40/23 32/42/23
f 10/11/24 24/41/24 25/43/24
f 18/14/25 32/42/25 33/44/25
f 10/11/26 26/45/26 11/16/26
f 19/17/27 33/44/27 34/46/27
f 11/16/28 27/47/28 12/20/28
f 20/22/29 34/46/29 35/48/29
f 13/23/30 27/47/30 28/49/30
f 21/26/31 35/48/31 36/36/31
f 13/23/32 29/37/32 14/27/32
f 26/45/33 40/50/33 41/51/33
f 33/44/34 49/52/34 34/46/34
f 26/45/35 42/53/35 27/47/35
f 35/48/36 49/52/36 50/54/36
f 28/49/37 42/53/37 43/55/37
f 35/48/38 51/56/38 36/36/38
f 29/37/39 43/55/39 44/57/39
f 22/34/40 82/58/40 37/59/40
f 308/60/41 36/36/41 51/56/41
f 29/37/42 45/61/42 30/38/42
f 22/34/43 38/62/43 23/39/43
f 30/38/44 46/63/44 31/40/44
f 23/39/45 39/64/45 24/41/45
f 32/42/46 46/63/46 47/65/46
f 25/43/47 39/64/47 40/50/47
f 32/42/48 48/66/48 33/44/48
f 44/57/49 60/67/49 45/61/49
f 38/62/50 52/68/50 53/69/50
f 45/61/51 61/70/51 46/63/51
f 38/62/52 54/71/52 39/64/52
f 47/65/53 61/70/53 62/72/53
f 40/50/54 54/71/54 55/73/54
f 47/65/55 63/74/55 48/66/55
f 41/51/56 55/73/56 56/75/56
f 48/66/57 64/76/57 49/52/57
f 41/51/58 57/77/58 42/53/58
f 50/54/59 64/76/59 65/78/59
f 43/55/60 57/77/60 58/79/60
f 50/54/61 66/80/61 51/56/61
f 44/57/62 58/79/62 59/81/62
f 37/59/63 82/82/63 52/68/63
f 308/83/64 51/56/64 66/80/64
f 63/74/65 79/84/65 64/76/65
f 56/75/66 72/85/66 57/77/66
f 64/76/67 80/86/67 65/78/67
f 58/79/68 72/85/68 73/87/68
f 65/78/69 81/88/69 66/80/69
f 59/81/70 73/87/70 74/89/70
f 52/68/71 82/90/71 67/91/71
f 308/92/72 66/80/72 81/88/72
f 59/81/73 75/93/73 60/67/73
f 53/69/74 67/91/74 68/94/74
f 60/67/75 76/95/75 61/70/75
f 53/69/76 69/96/76 54/71/76
f 62/72/77 76/95/77 77/97/77
f 55/73/78 69/96/78 70/98/78
f 62/72/79 78/99/79 63/74/79
f 55/73/80 71/100/80 56/75/80
f 67/91/81 84/101/81 68/94/81
f 75/93/82 92/102/82 76/95/82
f 69/96/83 84/101/83 85/103/83
f 77/97/84 92/102/84 93/104/84
f 69/96/85 86/105/85 70/98/85
f 77/97/86 94/106/86 78/99/86
f 71/100/87 86/105/87 87/107/87
f 78/99/88 95/108/88 79/84/88
f 71/100/89 88/109/89 72/85/89
f 80/86/90 95/108/90 96/110/90
f 73/87/91 88/109/91 89/111/91
f 80/86/92 97/112/92 81/88/92
f 73/87/93 90/113/93 74/89/93
f 67/91/94 82/114/94 83/115/94
f 308/116/95 81/88/95 97/112/95
f 75/93/96 90/113/96 91/117/96
f 87/107/97 103/118/97 88/109/97
f 95/108/98 111/119/98 96/110/98
f 89/111/99 103/118/99 104/120/99
f 96/110/100 112/121/100 97/112/100
f 89/111/101 105/122/101 90/113/101
f 83/115/102 82/123/102 98/124/102
f 308/125/103 97/112/103 112/121/103
f 90/113/104 106/126/104 91/117/104
f 84/101/105 98/124/105 99/127/105
f 91/117/106 107/128/106 92/102/106
f 84/101/107 100/129/107 85/103/107
f 93/104/108 107/128/108 108/130/108
f 85/103/109 101/131/109 86/105/109
f 93/104/110 109/132/110 94/106/110
f 86/105/111 102/133/111 87/107/111
f 94/106/112 110/134/112 95/108/112
f 106/126/113 122/135/113 107/128/113
f 99/127/114 115/136/114 100/129/114
f 108/130/115 122/135/115 123/137/115
f 101/131/116 115/136/116 116/138/116
f 109/132/117 123/137/117 124/139/117
f 101/131/118 117/140/118 102/133/118
f 109/132/119 125/141/119 110/134/119
f 102/133/120 118/142/120 103/118/120
f 110/134/121 126/143/121 111/119/121
f 104/120/122 118/142/122 119/144/122
f 111/119/123 127/145/123 112/121/123
f 104/120/124 120/146/124 105/122/124
f 98/124/125 82/147/125 113/148/125
f 308/149/126 112/121/126 127/145/126
f 105/122/127 121/150/127 106/126/127
f 99/127/128 113/148/128 114/151/128
f 125/141/129 141/152/129 126/143/129
f 119/144/130 133/153/130 134/154/130
f 126/143/131 142/155/131 127/145/131
f 120/146/132 134/154/132 135/156/132
f 113/148/133 82/157/133 128/158/133
f 308/159/134 127/145/134 142/155/134
f 120/146/135 136/160/135 121/150/135
f 114/151/136 128/158/136 129/161/136
f 121/150/137 137/162/137 122/135/137
f 114/151/138 130/163/138 115/136/138
f 123/137/139 137/162/139 138/164/139
f 116/138/140 130/163/140 131/165/140
f 123/137/141 139/166/141 124/139/141
f 117/140/142 131/165/142 132/167/142
f 124/139/143 140/168/143 125/141/143
f 117/140/144 133/153/144 118/142/144
f 138/164/145 152/169/145 153/170/145
f 131/165/146 145/171/146 146/172/146
f 138/164/147 154/173/147 139/166/147
f 131/165/148 147/174/148 132/167/148
f 140/168/149 154/173/149 155/175/149
f 132/167/150 148/176/150 133/153/150
f 140/168/151 156/177/151 141/152/151
f 133/153/152 149/178/152 134/154/152
f 142/155/153 156/177/153 157/179/153
f 134/154/154 150/180/154 135/156/154
f 128/158/155 82/181/155 143/182/155
f 308/183/156 142/155/156 157/179/156
f 135/156/157 151/184/157 136/160/157
f 128/158/158 144/185/158 129/161/158
f 137/162/159 151/184/159 152/169/159
f 129/161/160 145/171/160 130/163/160
f 157/179/161 171/186/161 172/187/161
f 150/180/162 164/188/162 165/189/162
f 143/182/163 82/190/163 158/191/163
f 308/192/164 157/179/164 172/187/164
f 150/180/165 166/193/165 151/184/165
f 144/185/166 158/191/166 159/194/166
f 151/184/167 167/195/167 152/169/167
f 145/171/168 159/194/168 160/196/168
f 152/169/169 168/197/169 153/170/169
f 145/171/170 161/198/170 146/172/170
f 153/170/171 169/199/171 154/173/171
f 147/174/172 161/198/172 162/200/172
f 155/175/173 169/199/173 170/201/173
f 147/174/174 163/202/174 148/176/174
f 156/177/175 170/201/175 171/186/175
f 149/178/176 163/202/176 164/188/176
f 160/196/177 176/203/177 161/198/177
f 169/199/178 183/204/178 184/205/178
f 162/200/179 176/203/179 177/206/179
f 170/201/180 184/205/180 185/207/180
f 162/200/181 178/208/181 163/202/181
f 170/201/182 186/209/182 171/186/182
f 164/188/183 178/208/183 179/210/183
f 172/187/184 186/209/184 187/211/184
f 164/188/185 180/212/185 165/189/185
f 158/191/186 82/213/186 173/214/186
f 308/215/187 172/187/187 187/211/187
f 165/189/188 181/216/188 166/193/188
f 158/191/189 174/217/189 159/194/189
f 166/193/190 182/218/190 167/195/190
f 159/194/191 175/219/191 160/196/191
f 168/197/192 182/218/192 183/204/192
f 180/212/193 194/220/193 195/221/193
f 173/214/194 82/222/194 188/223/194
f 308/224/195 187/211/195 202/225/195
f 180/212/196 196/226/196 181/216/196
f 174/217/197 188/223/197 189/227/197
f 181/216/198 197/228/198 182/218/198
f 174/217/199 190/229/199 175/219/199
f 183/204/200 197/228/200 198/230/200
f 175/219/201 191/231/201 176/203/201
f 183/204/202 199/232/202 184/205/202
f 177/206/203 191/231/203 192/233/203
f 184/205/204 200/234/204 185/207/204
f 177/206/205 193/235/205 178/208/205
f 185/207/206 201/236/206 186/209/206
f 178/208/207 194/220/207 179/210/207
f 186/209/208 202/225/208 187/211/208
f 199/232/209 213/237/209 214/238/209
f 192/233/210 206/239/210 207/240/210
f 200/234/211 214/238/211 215/241/211
f 192/233/212 208/242/212 193/235/212
f 201/236/213 215/241/213 216/243/213
f 194/220/214 208/242/214 209/244/214
f 202/225/215 216/243/215 217/245/215
f 195/221/216 209/244/216 210/246/216
f 188/223/217 82/247/217 203/248/217
f 308/249/218 202/225/218 217/245/218
f 195/221/219 211/250/219 196/226/219
f 189/227/220 203/248/220 204/251/220
f 196/226/221 212/252/221 197/228/221
f 190/229/222 204/251/222 205/253/222
f 198/230/223 212/252/223 213/237/223
f 190/229/224 206/239/224 191/231/224
f 203/248/225 82/254/225 218/255/225
f 308/256/226 217/245/226 232/257/226
f 210/246/227 226/258/227 211/250/227
f 203/248/228 219/259/228 204/251/228
f 211/250/229 227/260/229 212/252/229
f 204/251/230 220/261/230 205/253/230
f 213/237/231 227/260/231 228/262/231
f 205/253/232 221/263/232 206/239/232
f 213/237/233 229/264/233 214/238/233
f 206/239/234 222/265/234 207/240/234
f 214/238/235 230/266/235 215/241/235
f 207/240/236 223/267/236 208/242/236
f 215/241/237 231/268/237 216/243/237
f 209/244/238 223/267/238 224/269/238
f 217/245/239 231/268/239 232/257/239
f 210/246/240 224/269/240 225/270/240
f 221/263/241 237/271/241 222/265/241
f 229/264/242 245/272/242 230/266/242
f 222/265/243 238/273/243 223/267/243
f 230/266/244 246/274/244 231/268/244
f 223/267/245 239/275/245 224/269/245
f 231/268/246 247/276/246 232/257/246
f 225/270/247 239/275/247 240/277/247
f 218/255/248 82/278/248 233/279/248
f 308/280/249 232/257/249 247/276/249
f 225/270/250 241/281/250 226/258/250
f 219/259/251 233/279/251 234/282/251
f 227/260/252 241/281/252 242/283/252
f 220/261/253 234/282/253 235/284/253
f 228/262/254 242/283/254 243/285/254
f 220/261/255 236/286/255 221/263/255
f 228/262/256 244/287/256 229/264/256
f 240/277/257 256/288/257 241/281/257
f 233/279/258 249/289/258 234/282/258
f 241/281/259 257/290/259 242/283/259
f 235/284/260 249/289/260 250/291/260
f 243/285/261 257/290/261 258/292/261
f 235/284/262 251/293/262 236/286/262
f 244/287/263 258/292/263 259/294/263
f 236/286/264 252/295/264 237/271/264
f 245/272/265 259/294/265 260/296/265
f 237/271/266 253/297/266 238/273/266
f 245/272/267 261/298/267 246/274/267
f 238/273/268 254/299/268 239/275/268
f 247/276/269 261/298/269 262/300/269
f 240/277/270 254/299/270 255/301/270
f 233/279/271 82/302/271 248/303/271
f 308/304/272 247/276/272 262/300/272
f 260/296/273 274/305/273 275/306/273
f 252/295/274 268/307/274 253/297/274
f 261/298/275 275/306/275 276/308/275
f 254/299/276 268/307/276 269/309/276
f 261/298/277 277/310/277 262/300/277
f 255/301/278 269/309/278 270/311/278
f 248/303/279 82/312/279 263/313/279
f 308/314/280 262/300/280 277/310/280
f 255/301/281 271/315/281 256/288/281
f 249/289/282 263/313/282 264/316/282
f 256/288/283 272/317/283 257/290/283
f 250/291/284 264/316/284 265/318/284
f 258/292/285 272/317/285 273/319/285
f 250/291/286 266/320/286 251/293/286
f 259/294/287 273/319/287 274/305/287
f 251/293/288 267/321/288 252/295/288
f 272/317/289 286/322/289 287/323/289
f 264/316/290 280/324/290 265/318/290
f 273/319/291 287/323/291 288/325/291
f 265/318/292 281/326/292 266/320/292
f 273/319/293 289/327/293 274/305/293
f 267/321/294 281/326/294 282/328/294
f 275/306/295 289/327/295 290/329/295
f 267/321/296 283/330/296 268/307/296
f 275/306/297 291/331/297 276/308/297
f 269/309/298 283/330/298 284/332/298
f 277/310/299 291/331/299 292/333/299
f 270/311/300 284/332/300 285/334/300
f 263/313/301 82/335/301 278/336/301
f 308/337/302 277/310/302 292/333/302
f 270/311/303 286/322/303 271/315/303
f 263/313/304 279/338/304 264/316/304
f 291/331/305 305/339/305 306/340/305
f 284/332/306 298/341/306 299/342/306
f 291/331/307 307/343/307 292/333/307
f 284/332/308 300/344/308 285/334/308
f 278/336/309 82/345/309 293/346/309
f 308/347/310 292/333/310 307/343/310
f 286/322/311 300/344/311 301/348/311
f 279/338/312 293/346/312 294/349/312
f 286/322/313 302/350/313 287/323/313
f 279/338/314 295/351/314 280/324/314
f 288/325/315 302/350/315 303/352/315
f 281/326/316 295/351/316 296/353/316
f 289/327/317 303/352/317 304/354/317
f 281/326/318 297/355/318 282/328/318
f 289/327/319 305/339/319 290/329/319
f 282/328/320 298/341/320 283/330/320
f 294/349/321 311/356/321 295/351/321
f 303/352/322 318/357/322 319/358/322
f 296/353/323 311/356/323 312/359/323
f 303/352/324 320/360/324 304/354/324
f 296/353/325 313/361/325 297/355/325
f 304/354/326 321/362/326 305/339/326
f 297/355/327 314/363/327 298/341/327
f 306/340/328 321/362/328 322/364/328
f 299/342/329 314/363/329 315/365/329
f 307/343/330 322/364/330 323/366/330
f 299/342/331 316/367/331 300/344/331
f 293/346/332 82/368/332 309/369/332
f 308/370/333 307/343/333 323/366/333
f 301/348/334 316/367/334 317/371/334
f 293/346/335 310/372/335 294/349/335
f 301/348/336 318/357/336 302/350/336
f 315/365/337 329/373/337 330/374/337
f 323/366/338 337/375/338 338/376/338
f 316/367/339 330/374/339 331/377/339
f 309/369/340 82/378/340 324/379/340
f 308/380/341 323/366/341 338/376/341
f 316/367/342 332/381/342 317/371/342
f 309/369/343 325/382/343 310/372/343
f 317/371/344 333/383/344 318/357/344
f 310/372/345 326/384/345 311/356/345
f 319/358/346 333/383/346 334/385/346
f 311/356/347 327/386/347 312/359/347
f 319/358/348 335/387/348 320/360/348
f 313/361/349 327/386/349 328/388/349
f 321/362/350 335/387/350 336/389/350
f 313/361/351 329/373/351 314/363/351
f 322/364/352 336/389/352 337/375/352
f 333/383/353 349/390/353 334/385/353
f 326/384/354 342/391/354 327/386/354
f 335/387/355 349/390/355 350/392/355
f 327/386/356 343/393/356 328/388/356
f 336/389/357 350/392/357 351/394/357
f 328/388/358 344/395/358 329/373/358
f 336/389/359 352/396/359 337/375/359
f 330/374/360 344/395/360 345/397/360
f 337/375/361 353/398/361 338/376/361
f 331/377/362 345/397/362 346/399/362
f 324/379/363 82/400/363 339/401/363
f 308/402/364 338/376/364 353/398/364
f 331/377/365 347/403/365 332/381/365
f 325/382/366 339/401/366 340/404/366
f 332/381/367 348/405/367 333/383/367
f 325/382/368 341/406/368 326/384/368
f 352/396/369 368/407/369 353/398/369
f 346/399/370 360/408/370 361/409/370
f 339/401/371 82/410/371 354/411/371
f 308/412/372 353/398/372 368/407/372
f 346/399/373 362/413/373 347/403/373
f 339/401/374 355/414/374 340/404/374
f 347/403/375 363/415/375 348/405/375
f 341/406/376 355/414/376 356/416/376
f 348/405/377 364/417/377 349/390/377
f 341/406/378 357/418/378 342/391/378
f 349/390/379 365/419/379 350/392/379
f 342/391/380 358/420/380 343/393/380
f 351/394/381 365/419/381 366/421/381
f 343/393/382 359/422/382 344/395/382
f 351/394/383 367/423/383 352/396/383
f 345/397/384 359/422/384 360/408/384
f 356/424/385 372/425/385 357/426/385
f 364/427/386 380/428/386 365/429/386
f 357/426/387 373/430/387 358/431/387
f 366/432/388 380/428/388 381/433/388
f 358/431/389 374/434/389 359/435/389
f 367/436/390 381/433/390 382/437/390
f 360/438/391 374/434/391 375/439/391
f 367/436/392 383/440/392 368/441/392
f 361/442/393 375/439/393 376/443/393
f 354/444/394 82/445/394 369/446/394
f 308/447/395 368/441/395 383/440/395
f 361/442/396 377/448/396 362/449/396
f 355/450/397 369/446/397 370/451/397
f 362/449/398 378/452/398 363/453/398
f 355/450/399 371/454/399 356/424/399
f 364/427/400 378/452/400 379/455/400
f 375/439/401 391/456/401 376/443/401
f 369/446/402 82/457/402 384/458/402
f 308/459/403 383/440/403 398/460/403
f 376/443/404 392/461/404 377/448/404
f 370/451/405 384/458/405 385/462/405
f 377/448/406 393/463/406 378/452/406
f 371/454/407 385/462/407 386/464/407
f 379/455/408 393/463/408 394/465/408
f 371/454/409 387/466/409 372/425/409
f 379/455/410 395/467/410 380/428/410
f 373/430/411 387/466/411 388/468/411
f 381/433/412 395/467/412 396/469/412
f 373/430/413 389/470/413 374/434/413
f 382/437/414 396/469/414 397/471/414
f 375/439/415 389/470/415 390/472/415
f 382/437/416 398/460/416 383/440/416
f 394/465/417 410/473/417 395/467/417
f 388/468/418 402/474/418 403/475/418
f 395/467/419 411/476/419 396/469/419
f 388/468/420 404/477/420 389/470/420
f 396/469/421 412/478/421 397/471/421
f 389/470/422 405/479/422 390/472/422
f 398/460/423 412/478/423 413/480/423
f 391/456/424 405/479/424 406/481/424
f 384/458/425 82/482/425 399/483/425
f 308/484/426 398/460/426 413/480/426
f 391/456/427 407/485/427 392/461/427
f 384/458/428 400/486/428 385/462/428
f 392/461/429 408/487/429 393/463/429
f 386/464/430 400/486/430 401/488/430
f 393/463/431 409/489/431 394/465/431
f 386/464/432 402/474/432 387/466/432
f 308/490/433 413/480/433 428/491/433
f 406/481/434 422/492/434 407/485/434
f 399/483/435 415/493/435 400/486/435
f 407/485/436 423/494/436 408/487/436
f 400/486/437 416/495/437 401/488/437
f 408/487/438 424/496/438 409/489/438
f 401/488/439 417/497/439 402/474/439
f 409/489/440 425/498/440 410/473/440
f 403/475/441 417/497/441 418/499/441
f 411/476/442 425/498/442 426/500/442
f 403/475/443 419/501/443 404/477/443
f 412/478/444 426/500/444 427/502/444
f 405/479/445 419/501/445 420/503/445
f 412/478/446 428/491/446 413/480/446
f 406/481/447 420/503/447 421/504/447
f 399/483/448 82/505/448 414/506/448
f 425/498/449 441/507/449 426/500/449
f 418/499/450 434/508/450 419/501/450
f 426/500/451 442/509/451 427/502/451
f 420/503/452 434/508/452 435/510/452
f 428/491/453 442/509/453 443/511/453
f 421/504/454 435/510/454 436/512/454
f 414/506/455 82/513/455 429/514/455
f 308/515/456 428/491/456 443/511/456
f 421/504/457 437/516/457 422/492/457
f 415/493/458 429/514/458 430/517/458
f 422/492/459 438/518/459 423/494/459
f 416/495/460 430/517/460 431/519/460
f 424/496/461 438/518/461 439/520/461
f 416/495/462 432/521/462 417/497/462
f 424/496/463 440/522/463 425/498/463
f 417/497/464 433/523/464 418/499/464
f 429/514/465 445/524/465 430/517/465
f 438/518/466 452/525/466 453/526/466
f 431/519/467 445/524/467 446/527/467
f 438/518/468 454/528/468 439/520/468
f 432/521/469 446/527/469 447/529/469
f 439/520/470 455/530/470 440/522/470
f 433/523/471 447/529/471 448/531/471
f 441/507/472 455/530/472 456/532/472
f 433/523/473 449/533/473 434/508/473
f 441/507/474 457/534/474 442/509/474
f 434/508/475 450/535/475 435/510/475
f 443/511/476 457/534/476 458/536/476
f 436/512/477 450/535/477 451/537/477
f 429/514/478 82/538/478 444/539/478
f 308/540/479 443/511/479 458/536/479
f 436/512/480 452/525/480 437/516/480
f 448/531/481 464/541/481 449/533/481
f 456/532/482 472/542/482 457/534/482
f 450/535/483 464/541/483 465/543/483
f 457/534/484 473/544/484 458/536/484
f 451/537/485 465/543/485 466/545/485
f 444/539/486 82/546/486 459/547/486
f 308/548/487 458/536/487 473/544/487
f 451/537/488 467/549/488 452/525/488
f 445/524/489 459/547/489 460/550/489
f 452/525/490 468/551/490 453/526/490
f 445/524/491 461/552/491 446/527/491
f 453/526/492 469/553/492 454/528/492
f 447/529/493 461/552/493 462/554/493
f 455/530/494 469/553/494 470/555/494
f 447/529/495 463/556/495 448/531/495
f 456/532/496 470/555/496 471/557/496
f 468/551/497 5/32/497 478/4/497
f 461/552/498 475/3/498 1/8/498
f 468/551/499 6/9/499 469/553/499
f 462/554/500 1/8/500 476/12/500
f 470/555/501 6/9/501 479/13/501
f 462/554/502 2/15/502 463/556/502
f 471/557/503 479/13/503 480/18/503
f 463/556/504 477/19/504 464/541/504
f 471/557/505 481/21/505 472/542/505
f 465/543/506 477/19/506 3/24/506
f 472/542/507 482/25/507 473/544/507
f 466/545/508 3/24/508 4/28/508
f 459/547/509 82/558/509 474/1/509
f 308/559/510 473/544/510 482/25/510
f 466/545/511 5/32/511 467/549/511
f 460/550/512 474/1/512 475/3/512
f 513/560/513 485/561/513 515/562/513
f 499/563/514 489/564/514 501/565/514
f 524/566/515 487/567/515 532/568/515
f 496/569/516 483/570/516 498/571/516
f 530/572/517 487/567/517 500/573/517
f 528/574/518 535/575/518 496/576/518
f 525/577/519 502/578/519 529/579/519
f 526/580/520 498/581/520 527/582/520
f 502/583/521 493/584/521 500/585/521
f 497/586/522 491/587/522 495/588/522
f 486/589/523 495/588/523 485/561/523
f 527/582/524 483/590/524 523/591/524
f 525/577/519 496/592/519 494/593/519
f 494/594/521 498/571/521 493/584/521
f 488/595/525 500/585/525 487/567/525
f 488/596/526 533/597/526 534/598/526
f 526/580/520 500/573/520 493/599/520
f 492/600/522 501/565/522 491/587/522
f 522/601/527 508/602/527 518/603/527
f 516/604/528 511/605/528 506/606/528
f 520/607/529 507/608/529 517/609/529
f 515/610/530 509/611/530 503/612/530
f 518/603/527 509/611/527 519/613/527
f 517/609/529 511/605/529 521/614/529
f 513/615/531 510/616/531 520/607/531
f 514/617/532 512/618/532 522/601/532
f 516/604/533 505/619/533 514/617/533
f 531/620/534 503/621/534 523/622/534
f 490/623/535 514/617/535 489/564/535
f 489/564/536 522/601/536 501/624/536
f 486/625/537 520/607/537 497/626/537
f 499/627/538 517/609/538 521/614/538
f 495/628/539 518/603/539 519/613/539
f 485/629/540 519/613/540 515/610/540
f 497/626/538 517/609/538 492/630/538
f 490/623/541 521/614/541 516/604/541
f 501/624/539 518/603/539 491/631/539
f 504/632/534 515/562/534 503/621/534
f 484/633/542 523/622/542 483/634/542
f 508/602/527 530/572/527 526/580/527
f 511/605/528 524/566/528 506/606/528
f 510/616/529 525/577/529 507/608/529
f 509/611/530 523/591/530 503/612/530
f 508/602/527 527/582/527 509/611/527
f 507/608/529 529/579/529 511/605/529
f 510/616/531 531/635/531 528/636/531
f 512/618/532 532/568/532 530/572/532
f 506/606/533 532/568/533 505/619/533
f 538/637/543 547/638/543 539/639/543
f 539/639/544 541/640/544 533/597/544
f 529/641/545 533/597/545 524/642/545
f 529/641/546 538/637/546 539/639/546
f 496/643/547 536/644/547 484/645/547
f 502/646/548 534/598/548 538/647/548
f 484/648/549 540/649/549 531/650/549
f 528/574/550 540/651/550 537/652/550
f 545/653/551 544/654/551 543/655/551
f 547/638/552 542/656/552 541/640/552
f 535/575/553 545/653/553 543/655/553
f 534/598/554 541/640/554 542/656/554
f 537/652/555 548/657/555 545/653/555
f 536/658/556 548/659/556 540/649/556
f 538/647/557 542/656/557 546/660/557
f 535/661/558 544/662/558 536/663/558
f 1022/664/559 556/665/559 1023/666/559
f 1026/667/2 563/668/2 564/669/2
f 549/670/3 556/665/3 557/671/3
f 1026/667/4 565/672/4 554/673/4
f 1024/674/5 557/671/5 558/675/5
f 1027/676/6 565/672/6 566/677/6
f 1024/674/7 559/678/7 550/679/7
f 1027/676/8 567/680/8 1028/681/8
f 1025/682/9 559/678/9 560/683/9
f 1028/681/10 568/684/10 1029/685/10
f 1025/682/11 561/686/11 551/687/11
f 1029/685/560 569/688/560 1030/689/560
f 552/690/561 561/686/561 562/691/561
f 1022/664/562 630/692/562 555/693/562
f 856/694/15 1030/689/15 569/688/15
f 552/690/563 563/668/563 553/695/563
f 555/693/564 630/696/564 570/697/564
f 856/698/565 569/688/565 584/699/565
f 562/691/19 578/700/19 563/668/19
f 555/693/566 571/701/566 556/665/566
f 563/668/21 579/702/21 564/669/21
f 556/665/567 572/703/567 557/671/567
f 565/672/23 579/702/23 580/704/23
f 558/675/24 572/703/24 573/705/24
f 566/677/25 580/704/25 581/706/25
f 558/675/26 574/707/26 559/678/26
f 566/677/27 582/708/27 567/680/27
f 559/678/28 575/709/28 560/683/28
f 567/680/568 583/710/568 568/684/568
f 560/683/30 576/711/30 561/686/30
f 569/688/31 583/710/31 584/699/31
f 562/691/32 576/711/32 577/712/32
f 573/705/33 589/713/33 574/707/33
f 581/706/34 597/714/34 582/708/34
f 574/707/35 590/715/35 575/709/35
f 582/708/36 598/716/36 583/710/36
f 576/711/37 590/715/37 591/717/37
f 583/710/38 599/718/38 584/699/38
f 577/712/39 591/717/39 592/719/39
f 570/697/40 630/720/40 585/721/40
f 856/722/41 584/699/41 599/718/41
f 578/700/569 592/719/569 593/723/569
f 571/701/43 585/721/43 586/724/43
f 578/700/44 594/725/44 579/702/44
f 572/703/45 586/724/45 587/726/45
f 579/702/46 595/727/46 580/704/46
f 573/705/47 587/726/47 588/728/47
f 580/704/48 596/729/48 581/706/48
f 592/719/570 608/730/570 593/723/570
f 586/724/571 600/731/571 601/732/571
f 594/725/51 608/730/51 609/733/51
f 587/726/52 601/732/52 602/734/52
f 594/725/53 610/735/53 595/727/53
f 587/726/54 603/736/54 588/728/54
f 596/729/55 610/735/55 611/737/55
f 588/728/572 604/738/572 589/713/572
f 597/714/57 611/737/57 612/739/57
f 589/713/58 605/740/58 590/715/58
f 597/714/59 613/741/59 598/716/59
f 590/715/60 606/742/60 591/717/60
f 598/716/61 614/743/61 599/718/61
f 592/719/573 606/742/573 607/744/573
f 585/721/63 630/745/63 600/731/63
f 856/746/64 599/718/64 614/743/64
f 611/737/65 627/747/65 612/739/65
f 605/740/66 619/748/66 620/749/66
f 612/739/67 628/750/67 613/741/67
f 605/740/574 621/751/574 606/742/574
f 614/743/575 628/750/575 629/752/575
f 606/742/576 622/753/576 607/744/576
f 600/731/71 630/754/71 615/755/71
f 856/756/72 614/743/72 629/752/72
f 607/744/73 623/757/73 608/730/73
f 600/731/577 616/758/577 601/732/577
f 608/730/75 624/759/75 609/733/75
f 601/732/76 617/760/76 602/734/76
f 610/735/77 624/759/77 625/761/77
f 603/736/78 617/760/78 618/762/78
f 610/735/79 626/763/79 611/737/79
f 603/736/80 619/748/80 604/738/80
f 616/758/81 631/764/81 632/765/81
f 624/759/578 639/766/578 640/767/578
f 616/758/83 633/768/83 617/760/83
f 624/759/579 641/769/579 625/761/579
f 617/760/85 634/770/85 618/762/85
f 625/761/86 642/771/86 626/763/86
f 619/748/87 634/770/87 635/772/87
f 627/747/88 642/771/88 643/773/88
f 620/749/89 635/772/89 636/774/89
f 627/747/90 644/775/90 628/750/90
f 620/749/91 637/776/91 621/751/91
f 628/750/92 645/777/92 629/752/92
f 622/753/580 637/776/580 638/778/580
f 615/755/94 630/779/94 631/764/94
f 856/780/95 629/752/95 645/777/95
f 622/753/581 639/766/581 623/757/581
f 635/772/97 651/781/97 636/774/97
f 643/773/98 659/782/98 644/775/98
f 637/776/99 651/781/99 652/783/99
f 645/777/582 659/782/582 660/784/582
f 637/776/583 653/785/583 638/778/583
f 631/764/584 630/786/584 646/787/584
f 856/788/585 645/777/585 660/784/585
f 639/766/586 653/785/586 654/789/586
f 631/764/105 647/790/105 632/765/105
f 640/767/106 654/789/106 655/791/106
f 633/768/587 647/790/587 648/792/587
f 641/769/108 655/791/108 656/793/108
f 634/770/109 648/792/109 649/794/109
f 642/771/110 656/793/110 657/795/110
f 634/770/111 650/796/111 635/772/111
f 642/771/112 658/797/112 643/773/112
f 654/789/113 670/798/113 655/791/113
f 648/792/114 662/799/114 663/800/114
f 655/791/115 671/801/115 656/793/115
f 649/794/116 663/800/116 664/802/116
f 656/793/117 672/803/117 657/795/117
f 649/794/118 665/804/118 650/796/118
f 657/795/119 673/805/119 658/797/119
f 650/796/120 666/806/120 651/781/120
f 658/797/121 674/807/121 659/782/121
f 652/783/122 666/806/122 667/808/122
f 659/782/588 675/809/588 660/784/588
f 652/783/124 668/810/124 653/785/124
f 646/787/589 630/811/589 661/812/589
f 856/813/590 660/784/590 675/809/590
f 653/785/591 669/814/591 654/789/591
f 647/790/592 661/812/592 662/799/592
f 674/807/129 688/815/129 689/816/129
f 666/806/130 682/817/130 667/808/130
f 675/809/593 689/816/593 690/818/593
f 667/808/132 683/819/132 668/810/132
f 661/812/133 630/820/133 676/821/133
f 856/822/134 675/809/134 690/818/134
f 668/810/135 684/823/135 669/814/135
f 661/812/136 677/824/136 662/799/136
f 669/814/137 685/825/137 670/798/137
f 662/799/138 678/826/138 663/800/138
f 671/801/139 685/825/139 686/827/139
f 664/802/140 678/826/140 679/828/140
f 672/803/141 686/827/141 687/829/141
f 664/802/142 680/830/142 665/804/142
f 673/805/143 687/829/143 688/815/143
f 665/804/144 681/831/144 666/806/144
f 686/827/145 700/832/145 701/833/145
f 678/826/146 694/834/146 679/828/146
f 687/829/147 701/833/147 702/835/147
f 680/830/148 694/834/148 695/836/148
f 688/815/149 702/835/149 703/837/149
f 680/830/150 696/838/150 681/831/150
f 689/816/151 703/837/151 704/839/151
f 681/831/152 697/840/152 682/817/152
f 690/818/153 704/839/153 705/841/153
f 682/817/154 698/842/154 683/819/154
f 676/821/594 630/843/594 691/844/594
f 856/845/595 690/818/595 705/841/595
f 683/819/596 699/846/596 684/823/596
f 676/821/597 692/847/597 677/824/597
f 684/823/159 700/832/159 685/825/159
f 677/824/160 693/848/160 678/826/160
f 704/839/598 720/849/598 705/841/598
f 697/840/162 713/850/162 698/842/162
f 691/844/163 630/851/163 706/852/163
f 856/853/164 705/841/164 720/849/164
f 698/842/599 714/854/599 699/846/599
f 692/847/166 706/852/166 707/855/166
f 699/846/167 715/856/167 700/832/167
f 693/848/168 707/855/168 708/857/168
f 701/833/169 715/856/169 716/858/169
f 694/834/170 708/857/170 709/859/170
f 701/833/171 717/860/171 702/835/171
f 695/836/172 709/859/172 710/861/172
f 702/835/173 718/862/173 703/837/173
f 695/836/174 711/863/174 696/838/174
f 703/837/175 719/864/175 704/839/175
f 697/840/176 711/863/176 712/865/176
f 708/857/177 724/866/177 709/859/177
f 716/858/178 732/867/178 717/860/178
f 710/861/179 724/866/179 725/868/179
f 718/862/180 732/867/180 733/869/180
f 710/861/181 726/870/181 711/863/181
f 718/862/182 734/871/182 719/864/182
f 712/865/183 726/870/183 727/872/183
f 719/864/184 735/873/184 720/849/184
f 712/865/600 728/874/600 713/850/600
f 706/852/186 630/875/186 721/876/186
f 856/877/187 720/849/187 735/873/187
f 714/854/188 728/874/188 729/878/188
f 707/855/189 721/876/189 722/879/189
f 714/854/190 730/880/190 715/856/190
f 707/855/191 723/881/191 708/857/191
f 716/858/192 730/880/192 731/882/192
f 728/874/601 742/883/601 743/884/601
f 721/876/194 630/885/194 736/886/194
f 856/887/195 735/873/195 750/888/195
f 728/874/602 744/889/602 729/878/602
f 721/876/603 737/890/603 722/879/603
f 730/880/198 744/889/198 745/891/198
f 722/879/199 738/892/199 723/881/199
f 730/880/200 746/893/200 731/882/200
f 723/881/201 739/894/201 724/866/201
f 732/867/202 746/893/202 747/895/202
f 724/866/203 740/896/203 725/868/203
f 733/869/604 747/895/604 748/897/604
f 726/870/205 740/896/205 741/898/205
f 734/871/206 748/897/206 749/899/206
f 726/870/207 742/883/207 727/872/207
f 735/873/605 749/899/605 750/888/605
f 747/895/209 761/900/209 762/901/209
f 739/894/210 755/902/210 740/896/210
f 747/895/211 763/903/211 748/897/211
f 741/898/212 755/902/212 756/904/212
f 748/897/213 764/905/213 749/899/213
f 741/898/606 757/906/606 742/883/606
f 750/888/607 764/905/607 765/907/607
f 743/884/608 757/906/608 758/908/608
f 736/886/217 630/909/217 751/910/217
f 856/911/609 750/888/609 765/907/609
f 743/884/610 759/912/610 744/889/610
f 736/886/611 752/913/611 737/890/611
f 744/889/612 760/914/612 745/891/612
f 738/892/222 752/913/222 753/915/222
f 745/891/223 761/900/223 746/893/223
f 738/892/224 754/916/224 739/894/224
f 751/910/225 630/917/225 766/918/225
f 856/919/226 765/907/226 780/920/226
f 759/912/613 773/921/613 774/922/613
f 752/913/228 766/918/228 767/923/228
f 759/912/229 775/924/229 760/914/229
f 752/913/230 768/925/230 753/915/230
f 760/914/231 776/926/231 761/900/231
f 754/916/232 768/925/232 769/927/232
f 761/900/233 777/928/233 762/901/233
f 755/902/234 769/927/234 770/929/234
f 763/903/235 777/928/235 778/930/235
f 755/902/236 771/931/236 756/904/236
f 764/905/614 778/930/614 779/932/614
f 756/904/238 772/933/238 757/906/238
f 765/907/615 779/932/615 780/920/615
f 757/906/240 773/921/240 758/908/240
f 770/929/241 784/934/241 785/935/241
f 778/930/242 792/936/242 793/937/242
f 770/929/243 786/938/243 771/931/243
f 778/930/244 794/939/244 779/932/244
f 771/931/245 787/940/245 772/933/245
f 780/920/616 794/939/616 795/941/616
f 772/933/617 788/942/617 773/921/617
f 766/918/618 630/943/618 781/944/618
f 856/945/249 780/920/249 795/941/249
f 774/922/619 788/942/619 789/946/619
f 766/918/251 782/947/251 767/923/251
f 775/924/252 789/946/252 790/948/252
f 768/925/253 782/947/253 783/949/253
f 775/924/254 791/950/254 776/926/254
f 769/927/255 783/949/255 784/934/255
f 776/926/256 792/936/256 777/928/256
f 788/942/257 804/951/257 789/946/257
f 781/944/620 797/952/620 782/947/620
f 790/948/259 804/951/259 805/953/259
f 782/947/260 798/954/260 783/949/260
f 791/950/261 805/953/261 806/955/261
f 783/949/262 799/956/262 784/934/262
f 791/950/263 807/957/263 792/936/263
f 785/935/264 799/956/264 800/958/264
f 792/936/265 808/959/265 793/937/265
f 785/935/266 801/960/266 786/938/266
f 793/937/267 809/961/267 794/939/267
f 786/938/268 802/962/268 787/940/268
f 795/941/269 809/961/269 810/963/269
f 788/942/621 802/962/621 803/964/621
f 781/944/271 630/965/271 796/966/271
f 856/967/272 795/941/272 810/963/272
f 807/957/273 823/968/273 808/959/273
f 800/958/274 816/969/274 801/960/274
f 808/959/622 824/970/622 809/961/622
f 802/962/276 816/969/276 817/971/276
f 810/963/277 824/970/277 825/972/277
f 803/964/623 817/971/623 818/973/623
f 796/966/279 630/974/279 811/975/279
f 856/976/624 810/963/624 825/972/624
f 803/964/281 819/977/281 804/951/281
f 796/966/625 812/978/625 797/952/625
f 804/951/283 820/979/283 805/953/283
f 798/954/284 812/978/284 813/980/284
f 806/955/285 820/979/285 821/981/285
f 799/956/286 813/980/286 814/982/286
f 807/957/287 821/981/287 822/983/287
f 799/956/288 815/984/288 800/958/288
f 819/977/289 835/985/289 820/979/289
f 813/980/290 827/986/290 828/987/290
f 821/981/291 835/985/291 836/988/291
f 813/980/292 829/989/292 814/982/292
f 821/981/293 837/990/293 822/983/293
f 814/982/294 830/991/294 815/984/294
f 823/968/295 837/990/295 838/992/295
f 815/984/296 831/993/296 816/969/296
f 823/968/297 839/994/297 824/970/297
f 817/971/298 831/993/298 832/995/298
f 824/970/299 840/996/299 825/972/299
f 818/973/626 832/995/626 833/997/626
f 811/975/301 630/998/301 826/999/301
f 856/1000/302 825/972/302 840/996/302
f 818/973/627 834/1001/627 819/977/627
f 812/978/304 826/999/304 827/986/304
f 838/992/305 854/1002/305 839/994/305
f 831/993/306 847/1003/306 832/995/306
f 840/996/307 854/1002/307 855/1004/307
f 832/995/628 848/1005/628 833/997/628
f 826/999/629 630/1006/629 841/1007/629
f 856/1008/630 840/996/630 855/1004/630
f 833/997/311 849/1009/311 834/1001/311
f 826/999/312 842/1010/312 827/986/312
f 835/985/313 849/1009/313 850/1011/313
f 828/987/314 842/1010/314 843/1012/314
f 836/988/315 850/1011/315 851/1013/315
f 828/987/316 844/1014/316 829/989/316
f 837/990/317 851/1013/317 852/1015/317
f 829/989/318 845/1016/318 830/991/318
f 838/992/319 852/1015/319 853/1017/319
f 830/991/320 846/1018/320 831/993/320
f 842/1010/321 859/1019/321 843/1012/321
f 850/1011/322 867/1020/322 851/1013/322
f 843/1012/323 860/1021/323 844/1014/323
f 851/1013/324 868/1022/324 852/1015/324
f 845/1016/325 860/1021/325 861/1023/325
f 853/1017/326 868/1022/326 869/1024/326
f 845/1016/327 862/1025/327 846/1018/327
f 853/1017/328 870/1026/328 854/1002/328
f 846/1018/631 863/1027/631 847/1003/631
f 854/1002/632 871/1028/632 855/1004/632
f 847/1003/633 864/1029/633 848/1005/633
f 841/1007/332 630/1030/332 857/1031/332
f 856/1032/333 855/1004/333 871/1028/333
f 848/1005/334 865/1033/334 849/1009/334
f 841/1007/634 858/1034/634 842/1010/634
f 849/1009/336 866/1035/336 850/1011/336
f 862/1025/337 878/1036/337 863/1027/337
f 871/1028/635 885/1037/635 886/1038/635
f 863/1027/636 879/1039/636 864/1029/636
f 857/1031/340 630/1040/340 872/1041/340
f 856/1042/341 871/1028/341 886/1038/341
f 864/1029/342 880/1043/342 865/1033/342
f 857/1031/343 873/1044/343 858/1034/343
f 866/1035/344 880/1043/344 881/1045/344
f 859/1019/345 873/1044/345 874/1046/345
f 867/1020/346 881/1045/346 882/1047/346
f 859/1019/347 875/1048/347 860/1021/347
f 867/1020/348 883/1049/348 868/1022/348
f 860/1021/349 876/1050/349 861/1023/349
f 869/1024/350 883/1049/350 884/1051/350
f 861/1023/351 877/1052/351 862/1025/351
f 869/1024/352 885/1037/352 870/1026/352
f 882/1047/353 896/1053/353 897/1054/353
f 874/1046/354 890/1055/354 875/1048/354
f 882/1047/355 898/1056/355 883/1049/355
f 876/1050/356 890/1055/356 891/1057/356
f 884/1051/357 898/1056/357 899/1058/357
f 877/1052/358 891/1057/358 892/1059/358
f 884/1051/637 900/1060/637 885/1037/637
f 878/1036/360 892/1059/360 893/1061/360
f 886/1038/638 900/1060/638 901/1062/638
f 878/1036/362 894/1063/362 879/1039/362
f 872/1041/363 630/1064/363 887/1065/363
f 856/1066/364 886/1038/364 901/1062/364
f 879/1039/365 895/1067/365 880/1043/365
f 872/1041/366 888/1068/366 873/1044/366
f 880/1043/367 896/1053/367 881/1045/367
f 874/1046/639 888/1068/639 889/1069/639
f 900/1060/369 916/1070/369 901/1062/369
f 894/1063/640 908/1071/640 909/1072/640
f 887/1065/641 630/1073/641 902/1074/641
f 856/1075/642 901/1062/642 916/1070/642
f 895/1067/373 909/1072/373 910/1076/373
f 888/1068/374 902/1074/374 903/1077/374
f 895/1067/375 911/1078/375 896/1053/375
f 888/1068/376 904/1079/376 889/1069/376
f 896/1053/377 912/1080/377 897/1054/377
f 890/1055/378 904/1079/378 905/1081/378
f 897/1054/379 913/1082/379 898/1056/379
f 891/1057/380 905/1081/380 906/1083/380
f 898/1056/381 914/1084/381 899/1058/381
f 891/1057/382 907/1085/382 892/1059/382
f 900/1060/383 914/1084/383 915/1086/383
f 893/1061/384 907/1085/384 908/1071/384
f 904/1087/385 920/1088/385 905/1089/385
f 912/1090/386 928/1091/386 913/1092/386
f 905/1089/387 921/1093/387 906/1094/387
f 914/1095/388 928/1091/388 929/1096/388
f 906/1094/389 922/1097/389 907/1098/389
f 914/1095/390 930/1099/390 915/1100/390
f 908/1101/391 922/1097/391 923/1102/391
f 915/1100/392 931/1103/392 916/1104/392
f 908/1101/643 924/1105/643 909/1106/643
f 902/1107/394 630/1108/394 917/1109/394
f 856/1110/395 916/1104/395 931/1103/395
f 909/1106/644 925/1111/644 910/1112/644
f 903/1113/397 917/1109/397 918/1114/397
f 910/1112/398 926/1115/398 911/1116/398
f 904/1087/399 918/1114/399 919/1117/399
f 912/1090/400 926/1115/400 927/1118/400
f 924/1105/401 938/1119/401 939/1120/401
f 917/1109/645 630/1121/645 932/1122/645
f 856/1123/646 931/1103/646 946/1124/646
f 924/1105/647 940/1125/647 925/1111/647
f 917/1109/648 933/1126/648 918/1114/648
f 925/1111/406 941/1127/406 926/1115/406
f 918/1114/407 934/1128/407 919/1117/407
f 927/1118/408 941/1127/408 942/1129/408
f 919/1117/409 935/1130/409 920/1088/409
f 927/1118/410 943/1131/410 928/1091/410
f 920/1088/411 936/1132/411 921/1093/411
f 929/1096/412 943/1131/412 944/1133/412
f 921/1093/413 937/1134/413 922/1097/413
f 930/1099/649 944/1133/649 945/1135/649
f 923/1102/415 937/1134/415 938/1119/415
f 931/1103/650 945/1135/650 946/1124/650
f 942/1129/417 958/1136/417 943/1131/417
f 936/1132/418 950/1137/418 951/1138/418
f 943/1131/419 959/1139/419 944/1133/419
f 937/1134/420 951/1138/420 952/1140/420
f 944/1133/421 960/1141/421 945/1135/421
f 937/1134/422 953/1142/422 938/1119/422
f 945/1135/651 961/1143/651 946/1124/651
f 939/1120/652 953/1142/652 954/1144/652
f 932/1122/425 630/1145/425 947/1146/425
f 856/1147/426 946/1124/426 961/1143/426
f 939/1120/427 955/1148/427 940/1125/427
f 933/1126/428 947/1146/428 948/1149/428
f 941/1127/429 955/1148/429 956/1150/429
f 934/1128/430 948/1149/430 949/1151/430
f 941/1127/431 957/1152/431 942/1129/431
f 935/1130/432 949/1151/432 950/1137/432
f 856/1153/433 961/1143/433 976/1154/433
f 955/1148/434 969/1155/434 970/1156/434
f 947/1146/435 963/1157/435 948/1149/435
f 955/1148/436 971/1158/436 956/1150/436
f 948/1149/437 964/1159/437 949/1151/437
f 956/1150/438 972/1160/438 957/1152/438
f 950/1137/439 964/1159/439 965/1161/439
f 957/1152/653 973/1162/653 958/1136/653
f 951/1138/441 965/1161/441 966/1163/441
f 958/1136/442 974/1164/442 959/1139/442
f 951/1138/443 967/1165/443 952/1140/443
f 960/1141/444 974/1164/444 975/1166/444
f 952/1140/445 968/1167/445 953/1142/445
f 961/1143/446 975/1166/446 976/1154/446
f 953/1142/654 969/1155/654 954/1144/654
f 947/1146/448 630/1168/448 962/1169/448
f 973/1162/449 989/1170/449 974/1164/449
f 967/1165/450 981/1171/450 982/1172/450
f 975/1166/451 989/1170/451 990/1173/451
f 968/1167/452 982/1172/452 983/1174/452
f 976/1154/655 990/1173/655 991/1175/655
f 968/1167/454 984/1176/454 969/1155/454
f 962/1169/455 630/1177/455 977/1178/455
f 856/1179/456 976/1154/456 991/1175/456
f 970/1156/656 984/1176/656 985/1180/656
f 963/1157/657 977/1178/657 978/1181/657
f 970/1156/459 986/1182/459 971/1158/459
f 964/1159/460 978/1181/460 979/1183/460
f 972/1160/461 986/1182/461 987/1184/461
f 965/1161/462 979/1183/462 980/1185/462
f 972/1160/463 988/1186/463 973/1162/463
f 965/1161/464 981/1171/464 966/1163/464
f 977/1178/465 993/1187/465 978/1181/465
f 985/1180/466 1001/1188/466 986/1182/466
f 978/1181/467 994/1189/467 979/1183/467
f 986/1182/468 1002/1190/468 987/1184/468
f 979/1183/469 995/1191/469 980/1185/469
f 988/1186/470 1002/1190/470 1003/1192/470
f 980/1185/471 996/1193/471 981/1171/471
f 989/1170/472 1003/1192/472 1004/1194/472
f 982/1172/473 996/1193/473 997/1195/473
f 990/1173/474 1004/1194/474 1005/1196/474
f 983/1174/475 997/1195/475 998/1197/475
f 991/1175/658 1005/1196/658 1006/1198/658
f 983/1174/477 999/1199/477 984/1176/477
f 977/1178/659 630/1200/659 992/1201/659
f 856/1202/660 991/1175/660 1006/1198/660
f 985/1180/661 999/1199/661 1000/1203/661
f 997/1195/662 1011/1204/662 1012/1205/662
f 1004/1194/663 1020/1206/663 1005/1196/663
f 997/1195/483 1013/1207/483 998/1197/483
f 1005/1196/664 1021/1208/664 1006/1198/664
f 998/1197/485 1014/1209/485 999/1199/485
f 992/1201/486 630/1210/486 1007/1211/486
f 856/1212/487 1006/1198/487 1021/1208/487
f 999/1199/488 1015/1213/488 1000/1203/488
f 993/1187/665 1007/1211/665 1008/1214/665
f 1001/1188/490 1015/1213/490 1016/1215/490
f 994/1189/491 1008/1214/491 1009/1216/491
f 1001/1188/666 1017/1217/666 1002/1190/666
f 995/1191/493 1009/1216/493 1010/1218/493
f 1003/1192/494 1017/1217/494 1018/1219/494
f 995/1191/495 1011/1204/495 996/1193/495
f 1003/1192/496 1019/1220/496 1004/1194/496
f 1016/1215/497 553/695/497 1026/667/497
f 1009/1216/498 1023/666/498 549/670/498
f 1016/1215/499 554/673/499 1017/1217/499
f 1009/1216/500 1024/674/500 1010/1218/500
f 1017/1217/501 1027/676/501 1018/1219/501
f 1011/1204/502 1024/674/502 550/679/502
f 1018/1219/503 1028/681/503 1019/1220/503
f 1012/1205/504 550/679/504 1025/682/504
f 1019/1220/505 1029/685/505 1020/1206/505
f 1012/1205/506 551/687/506 1013/1207/506
f 1021/1208/507 1029/685/507 1030/689/507
f 1014/1209/508 551/687/508 552/690/508
f 1007/1211/667 630/1221/667 1022/664/667
f 856/1222/510 1021/1208/510 1030/689/510
f 1014/1209/511 553/695/511 1015/1213/511
f 1008/1214/512 1022/664/512 1023/666/512
f 1032/1223/534 1033/1224/534 1031/1225/534
f 1034/1226/522 1037/1227/522 1033/1224/522
f 1038/1228/533 1035/1229/533 1037/1227/533
f 1036/1230/521 1031/1231/521 1035/1229/521
f 1037/1227/527 1031/1232/527 1033/1233/527
f 1038/1228/529 1032/1234/529 1036/1230/529
f 474/1/559 7/30/559 8/2/559
f 478/4/2 5/32/2 15/5/2
f 475/3/3 8/2/3 9/7/3
f 6/9/4 478/4/4 16/6/4
f 1/8/5 9/7/5 10/11/5
f 479/13/6 6/9/6 17/10/6
f 2/15/7 476/12/7 10/11/7
f 479/13/8 18/14/8 19/17/8
f 477/19/9 2/15/9 11/16/9
f 481/21/10 480/18/10 19/17/10
f 477/19/11 12/20/11 13/23/11
f 482/25/560 481/21/560 20/22/560
f 3/24/13 13/23/13 14/27/13
f 4/28/563 14/27/563 15/5/563
f 15/5/668 14/27/668 29/37/668
f 8/2/566 7/30/566 22/34/566
f 15/5/21 30/38/21 31/40/21
f 8/2/22 23/39/22 24/41/22
f 17/10/23 16/6/23 31/40/23
f 10/11/24 9/7/24 24/41/24
f 18/14/25 17/10/25 32/42/25
f 10/11/26 25/43/26 26/45/26
f 19/17/27 18/14/27 33/44/27
f 11/16/28 26/45/28 27/47/28
f 20/22/568 19/17/568 34/46/568
f 13/23/30 12/20/30 27/47/30
f 21/26/669 20/22/669 35/48/669
f 13/23/670 28/49/670 29/37/670
f 26/45/33 25/43/33 40/50/33
f 33/44/34 48/66/34 49/52/34
f 26/45/35 41/51/35 42/53/35
f 35/48/36 34/46/36 49/52/36
f 28/49/37 27/47/37 42/53/37
f 35/48/38 50/54/38 51/56/38
f 29/37/39 28/49/39 43/55/39
f 29/37/42 44/57/42 45/61/42
f 22/34/671 37/59/671 38/62/671
f 30/38/44 45/61/44 46/63/44
f 23/39/45 38/62/45 39/64/45
f 32/42/46 31/40/46 46/63/46
f 25/43/47 24/41/47 39/64/47
f 32/42/48 47/65/48 48/66/48
f 44/57/49 59/81/49 60/67/49
f 38/62/571 37/59/571 52/68/571
f 45/61/51 60/67/51 61/70/51
f 38/62/52 53/69/52 54/71/52
f 47/65/53 46/63/53 61/70/53
f 40/50/54 39/64/54 54/71/54
f 47/65/55 62/72/55 63/74/55
f 41/51/56 40/50/56 55/73/56
f 48/66/57 63/74/57 64/76/57
f 41/51/58 56/75/58 57/77/58
f 50/54/59 49/52/59 64/76/59
f 43/55/60 42/53/60 57/77/60
f 50/54/672 65/78/672 66/80/672
f 44/57/62 43/55/62 58/79/62
f 63/74/65 78/99/65 79/84/65
f 56/75/66 71/100/66 72/85/66
f 64/76/67 79/84/67 80/86/67
f 58/79/68 57/77/68 72/85/68
f 65/78/575 80/86/575 81/88/575
f 59/81/576 58/79/576 73/87/576
f 59/81/673 74/89/673 75/93/673
f 53/69/74 52/68/74 67/91/74
f 60/67/674 75/93/674 76/95/674
f 53/69/76 68/94/76 69/96/76
f 62/72/77 61/70/77 76/95/77
f 55/73/78 54/71/78 69/96/78
f 62/72/79 77/97/79 78/99/79
f 55/73/80 70/98/80 71/100/80
f 67/91/675 83/115/675 84/101/675
f 75/93/578 91/117/578 92/102/578
f 69/96/83 68/94/83 84/101/83
f 77/97/579 76/95/579 92/102/579
f 69/96/85 85/103/85 86/105/85
f 77/97/86 93/104/86 94/106/86
f 71/100/87 70/98/87 86/105/87
f 78/99/88 94/106/88 95/108/88
f 71/100/676 87/107/676 88/109/676
f 80/86/90 79/84/90 95/108/90
f 73/87/677 72/85/677 88/109/677
f 80/86/678 96/110/678 97/112/678
f 73/87/93 89/111/93 90/113/93
f 75/93/96 74/89/96 90/113/96
f 87/107/97 102/133/97 103/118/97
f 95/108/679 110/134/679 111/119/679
f 89/111/99 88/109/99 103/118/99
f 96/110/582 111/119/582 112/121/582
f 89/111/583 104/120/583 105/122/583
f 90/113/104 105/122/104 106/126/104
f 84/101/680 83/115/680 98/124/680
f 91/117/106 106/126/106 107/128/106
f 84/101/587 99/127/587 100/129/587
f 93/104/108 92/102/108 107/128/108
f 85/103/109 100/129/109 101/131/109
f 93/104/110 108/130/110 109/132/110
f 86/105/111 101/131/111 102/133/111
f 94/106/112 109/132/112 110/134/112
f 106/126/113 121/150/113 122/135/113
f 99/127/114 114/151/114 115/136/114
f 108/130/115 107/128/115 122/135/115
f 101/131/116 100/129/116 115/136/116
f 109/132/117 108/130/117 123/137/117
f 101/131/118 116/138/118 117/140/118
f 109/132/119 124/139/119 125/141/119
f 102/133/120 117/140/120 118/142/120
f 110/134/121 125/141/121 126/143/121
f 104/120/122 103/118/122 118/142/122
f 111/119/588 126/143/588 127/145/588
f 104/120/681 119/144/681 120/146/681
f 105/122/127 120/146/127 121/150/127
f 99/127/592 98/124/592 113/148/592
f 125/141/129 140/168/129 141/152/129
f 119/144/130 118/142/130 133/153/130
f 126/143/682 141/152/682 142/155/682
f 120/146/132 119/144/132 134/154/132
f 120/146/135 135/156/135 136/160/135
f 114/151/136 113/148/136 128/158/136
f 121/150/137 136/160/137 137/162/137
f 114/151/138 129/161/138 130/163/138
f 123/137/139 122/135/139 137/162/139
f 116/138/140 115/136/140 130/163/140
f 123/137/141 138/164/141 139/166/141
f 117/140/142 116/138/142 131/165/142
f 124/139/143 139/166/143 140/168/143
f 117/140/144 132/167/144 133/153/144
f 138/164/145 137/162/145 152/169/145
f 131/165/146 130/163/146 145/171/146
f 138/164/147 153/170/147 154/173/147
f 131/165/148 146/172/148 147/174/148
f 140/168/149 139/166/149 154/173/149
f 132/167/150 147/174/150 148/176/150
f 140/168/151 155/175/151 156/177/151
f 133/153/152 148/176/152 149/178/152
f 142/155/683 141/152/683 156/177/683
f 134/154/154 149/178/154 150/180/154
f 135/156/157 150/180/157 151/184/157
f 128/158/597 143/182/597 144/185/597
f 137/162/159 136/160/159 151/184/159
f 129/161/160 144/185/160 145/171/160
f 157/179/161 156/177/161 171/186/161
f 150/180/684 149/178/684 164/188/684
f 150/180/599 165/189/599 166/193/599
f 144/185/685 143/182/685 158/191/685
f 151/184/167 166/193/167 167/195/167
f 145/171/168 144/185/168 159/194/168
f 152/169/169 167/195/169 168/197/169
f 145/171/170 160/196/170 161/198/170
f 153/170/171 168/197/171 169/199/171
f 147/174/172 146/172/172 161/198/172
f 155/175/173 154/173/173 169/199/173
f 147/174/174 162/200/174 163/202/174
f 156/177/175 155/175/175 170/201/175
f 149/178/176 148/176/176 163/202/176
f 160/196/177 175/219/177 176/203/177
f 169/199/178 168/197/178 183/204/178
f 162/200/179 161/198/179 176/203/179
f 170/201/180 169/199/180 184/205/180
f 162/200/181 177/206/181 178/208/181
f 170/201/182 185/207/182 186/209/182
f 164/188/183 163/202/183 178/208/183
f 172/187/184 171/186/184 186/209/184
f 164/188/185 179/210/185 180/212/185
f 165/189/188 180/212/188 181/216/188
f 158/191/189 173/214/189 174/217/189
f 166/193/190 181/216/190 182/218/190
f 159/194/191 174/217/191 175/219/191
f 168/197/192 167/195/192 182/218/192
f 180/212/193 179/210/193 194/220/193
f 180/212/196 195/221/196 196/226/196
f 174/217/197 173/214/197 188/223/197
f 181/216/686 196/226/686 197/228/686
f 174/217/199 189/227/199 190/229/199
f 183/204/200 182/218/200 197/228/200
f 175/219/687 190/229/687 191/231/687
f 183/204/202 198/230/202 199/232/202
f 177/206/203 176/203/203 191/231/203
f 184/205/204 199/232/204 200/234/204
f 177/206/205 192/233/205 193/235/205
f 185/207/206 200/234/206 201/236/206
f 178/208/207 193/235/207 194/220/207
f 186/209/208 201/236/208 202/225/208
f 199/232/209 198/230/209 213/237/209
f 192/233/210 191/231/210 206/239/210
f 200/234/211 199/232/211 214/238/211
f 192/233/212 207/240/212 208/242/212
f 201/236/213 200/234/213 215/241/213
f 194/220/214 193/235/214 208/242/214
f 202/225/607 201/236/607 216/243/607
f 195/221/608 194/220/608 209/244/608
f 195/221/610 210/246/610 211/250/610
f 189/227/611 188/223/611 203/248/611
f 196/226/221 211/250/221 212/252/221
f 190/229/222 189/227/222 204/251/222
f 198/230/223 197/228/223 212/252/223
f 190/229/224 205/253/224 206/239/224
f 210/246/227 225/270/227 226/258/227
f 203/248/688 218/255/688 219/259/688
f 211/250/229 226/258/229 227/260/229
f 204/251/230 219/259/230 220/261/230
f 213/237/689 212/252/689 227/260/689
f 205/253/232 220/261/232 221/263/232
f 213/237/233 228/262/233 229/264/233
f 206/239/234 221/263/234 222/265/234
f 214/238/235 229/264/235 230/266/235
f 207/240/236 222/265/236 223/267/236
f 215/241/237 230/266/237 231/268/237
f 209/244/238 208/242/238 223/267/238
f 217/245/615 216/243/615 231/268/615
f 210/246/240 209/244/240 224/269/240
f 221/263/241 236/286/241 237/271/241
f 229/264/242 244/287/242 245/272/242
f 222/265/243 237/271/243 238/273/243
f 230/266/244 245/272/244 246/274/244
f 223/267/245 238/273/245 239/275/245
f 231/268/616 246/274/616 247/276/616
f 225/270/247 224/269/247 239/275/247
f 225/270/250 240/277/250 241/281/250
f 219/259/251 218/255/251 233/279/251
f 227/260/252 226/258/252 241/281/252
f 220/261/253 219/259/253 234/282/253
f 228/262/254 227/260/254 242/283/254
f 220/261/255 235/284/255 236/286/255
f 228/262/256 243/285/256 244/287/256
f 240/277/257 255/301/257 256/288/257
f 233/279/620 248/303/620 249/289/620
f 241/281/259 256/288/259 257/290/259
f 235/284/260 234/282/260 249/289/260
f 243/285/261 242/283/261 257/290/261
f 235/284/262 250/291/262 251/293/262
f 244/287/263 243/285/263 258/292/263
f 236/286/264 251/293/264 252/295/264
f 245/272/265 244/287/265 259/294/265
f 237/271/266 252/295/266 253/297/266
f 245/272/267 260/296/267 261/298/267
f 238/273/268 253/297/268 254/299/268
f 247/276/690 246/274/690 261/298/690
f 240/277/270 239/275/270 254/299/270
f 260/296/273 259/294/273 274/305/273
f 252/295/274 267/321/274 268/307/274
f 261/298/622 260/296/622 275/306/622
f 254/299/276 253/297/276 268/307/276
f 261/298/691 276/308/691 277/310/691
f 255/301/278 254/299/278 269/309/278
f 255/301/281 270/311/281 271/315/281
f 249/289/282 248/303/282 263/313/282
f 256/288/283 271/315/283 272/317/283
f 250/291/284 249/289/284 264/316/284
f 258/292/285 257/290/285 272/317/285
f 250/291/286 265/318/286 266/320/286
f 259/294/287 258/292/287 273/319/287
f 251/293/288 266/320/288 267/321/288
f 272/317/289 271/315/289 286/322/289
f 264/316/290 279/338/290 280/324/290
f 273/319/291 272/317/291 287/323/291
f 265/318/292 280/324/292 281/326/292
f 273/319/293 288/325/293 289/327/293
f 267/321/294 266/320/294 281/326/294
f 275/306/295 274/305/295 289/327/295
f 267/321/296 282/328/296 283/330/296
f 275/306/297 290/329/297 291/331/297
f 269/309/298 268/307/298 283/330/298
f 277/310/692 276/308/692 291/331/692
f 270/311/626 269/309/626 284/332/626
f 270/311/627 285/334/627 286/322/627
f 263/313/693 278/336/693 279/338/693
f 291/331/305 290/329/305 305/339/305
f 284/332/306 283/330/306 298/341/306
f 291/331/694 306/340/694 307/343/694
f 284/332/628 299/342/628 300/344/628
f 286/322/695 285/334/695 300/344/695
f 279/338/696 278/336/696 293/346/696
f 286/322/313 301/348/313 302/350/313
f 279/338/314 294/349/314 295/351/314
f 288/325/315 287/323/315 302/350/315
f 281/326/316 280/324/316 295/351/316
f 289/327/317 288/325/317 303/352/317
f 281/326/318 296/353/318 297/355/318
f 289/327/319 304/354/319 305/339/319
f 282/328/320 297/355/320 298/341/320
f 294/349/321 310/372/321 311/356/321
f 303/352/322 302/350/322 318/357/322
f 296/353/323 295/351/323 311/356/323
f 303/352/324 319/358/324 320/360/324
f 296/353/325 312/359/325 313/361/325
f 304/354/326 320/360/326 321/362/326
f 297/355/327 313/361/327 314/363/327
f 306/340/328 305/339/328 321/362/328
f 299/342/329 298/341/329 314/363/329
f 307/343/697 306/340/697 322/364/697
f 299/342/633 315/365/633 316/367/633
f 301/348/698 300/344/698 316/367/698
f 293/346/335 309/369/335 310/372/335
f 301/348/699 317/371/699 318/357/699
f 315/365/337 314/363/337 329/373/337
f 323/366/635 322/364/635 337/375/635
f 316/367/339 315/365/339 330/374/339
f 316/367/342 331/377/342 332/381/342
f 309/369/700 324/379/700 325/382/700
f 317/371/701 332/381/701 333/383/701
f 310/372/345 325/382/345 326/384/345
f 319/358/346 318/357/346 333/383/346
f 311/356/347 326/384/347 327/386/347
f 319/358/348 334/385/348 335/387/348
f 313/361/349 312/359/349 327/386/349
f 321/362/350 320/360/350 335/387/350
f 313/361/702 328/388/702 329/373/702
f 322/364/352 321/362/352 336/389/352
f 333/383/353 348/405/353 349/390/353
f 326/384/354 341/406/354 342/391/354
f 335/387/355 334/385/355 349/390/355
f 327/386/356 342/391/356 343/393/356
f 336/389/357 335/387/357 350/392/357
f 328/388/358 343/393/358 344/395/358
f 336/389/359 351/394/359 352/396/359
f 330/374/360 329/373/360 344/395/360
f 337/375/703 352/396/703 353/398/703
f 331/377/362 330/374/362 345/397/362
f 331/377/365 346/399/365 347/403/365
f 325/382/704 324/379/704 339/401/704
f 332/381/367 347/403/367 348/405/367
f 325/382/368 340/404/368 341/406/368
f 352/396/705 367/423/705 368/407/705
f 346/399/370 345/397/370 360/408/370
f 346/399/373 361/409/373 362/413/373
f 339/401/706 354/411/706 355/414/706
f 347/403/375 362/413/375 363/415/375
f 341/406/376 340/404/376 355/414/376
f 348/405/377 363/415/377 364/417/377
f 341/406/378 356/416/378 357/418/378
f 349/390/379 364/417/379 365/419/379
f 342/391/380 357/418/380 358/420/380
f 351/394/381 350/392/381 365/419/381
f 343/393/382 358/420/382 359/422/382
f 351/394/383 366/421/383 367/423/383
f 345/397/384 344/395/384 359/422/384
f 356/424/385 371/454/385 372/425/385
f 364/427/386 379/455/386 380/428/386
f 357/426/387 372/425/387 373/430/387
f 366/432/388 365/429/388 380/428/388
f 358/431/389 373/430/389 374/434/389
f 367/436/390 366/432/390 381/433/390
f 360/438/391 359/435/391 374/434/391
f 367/436/707 382/437/707 383/440/707
f 361/442/393 360/438/393 375/439/393
f 361/442/396 376/443/396 377/448/396
f 355/450/708 354/444/708 369/446/708
f 362/449/398 377/448/398 378/452/398
f 355/450/399 370/451/399 371/454/399
f 364/427/400 363/453/400 378/452/400
f 375/439/401 390/472/401 391/456/401
f 376/443/404 391/456/404 392/461/404
f 370/451/648 369/446/648 384/458/648
f 377/448/406 392/461/406 393/463/406
f 371/454/407 370/451/407 385/462/407
f 379/455/408 378/452/408 393/463/408
f 371/454/409 386/464/409 387/466/409
f 379/455/410 394/465/410 395/467/410
f 373/430/411 372/425/411 387/466/411
f 381/433/412 380/428/412 395/467/412
f 373/430/413 388/468/413 389/470/413
f 382/437/414 381/433/414 396/469/414
f 375/439/415 374/434/415 389/470/415
f 382/437/709 397/471/709 398/460/709
f 394/465/417 409/489/417 410/473/417
f 388/468/418 387/466/418 402/474/418
f 395/467/419 410/473/419 411/476/419
f 388/468/420 403/475/420 404/477/420
f 396/469/421 411/476/421 412/478/421
f 389/470/422 404/477/422 405/479/422
f 398/460/651 397/471/651 412/478/651
f 391/456/424 390/472/424 405/479/424
f 391/456/427 406/481/427 407/485/427
f 384/458/710 399/483/710 400/486/710
f 392/461/429 407/485/429 408/487/429
f 386/464/430 385/462/430 400/486/430
f 393/463/431 408/487/431 409/489/431
f 386/464/432 401/488/432 402/474/432
f 406/481/434 421/504/434 422/492/434
f 399/483/711 414/506/711 415/493/711
f 407/485/436 422/492/436 423/494/436
f 400/486/437 415/493/437 416/495/437
f 408/487/438 423/494/438 424/496/438
f 401/488/439 416/495/439 417/497/439
f 409/489/440 424/496/440 425/498/440
f 403/475/441 402/474/441 417/497/441
f 411/476/442 410/473/442 425/498/442
f 403/475/443 418/499/443 419/501/443
f 412/478/444 411/476/444 426/500/444
f 405/479/445 404/477/445 419/501/445
f 412/478/712 427/502/712 428/491/712
f 406/481/447 405/479/447 420/503/447
f 425/498/713 440/522/713 441/507/713
f 418/499/450 433/523/450 434/508/450
f 426/500/451 441/507/451 442/509/451
f 420/503/452 419/501/452 434/508/452
f 428/491/453 427/502/453 442/509/453
f 421/504/454 420/503/454 435/510/454
f 421/504/457 436/512/457 437/516/457
f 415/493/714 414/506/714 429/514/714
f 422/492/715 437/516/715 438/518/715
f 416/495/460 415/493/460 430/517/460
f 424/496/461 423/494/461 438/518/461
f 416/495/716 431/519/716 432/521/716
f 424/496/463 439/520/463 440/522/463
f 417/497/464 432/521/464 433/523/464
f 429/514/465 444/539/465 445/524/465
f 438/518/466 437/516/466 452/525/466
f 431/519/467 430/517/467 445/524/467
f 438/518/468 453/526/468 454/528/468
f 432/521/469 431/519/469 446/527/469
f 439/520/470 454/528/470 455/530/470
f 433/523/471 432/521/471 447/529/471
f 441/507/472 440/522/472 455/530/472
f 433/523/473 448/531/473 449/533/473
f 441/507/474 456/532/474 457/534/474
f 434/508/475 449/533/475 450/535/475
f 443/511/658 442/509/658 457/534/658
f 436/512/477 435/510/477 450/535/477
f 436/512/480 451/537/480 452/525/480
f 448/531/481 463/556/481 464/541/481
f 456/532/482 471/557/482 472/542/482
f 450/535/483 449/533/483 464/541/483
f 457/534/717 472/542/717 473/544/717
f 451/537/485 450/535/485 465/543/485
f 451/537/488 466/545/488 467/549/488
f 445/524/718 444/539/718 459/547/718
f 452/525/490 467/549/490 468/551/490
f 445/524/491 460/550/491 461/552/491
f 453/526/492 468/551/492 469/553/492
f 447/529/493 446/527/493 461/552/493
f 455/530/494 454/528/494 469/553/494
f 447/529/495 462/554/495 463/556/495
f 456/532/496 455/530/496 470/555/496
f 468/551/497 467/549/497 5/32/497
f 461/552/498 460/550/498 475/3/498
f 468/551/499 478/4/499 6/9/499
f 462/554/500 461/552/500 1/8/500
f 470/555/501 469/553/501 6/9/501
f 462/554/502 476/12/502 2/15/502
f 471/557/503 470/555/503 479/13/503
f 463/556/504 2/15/504 477/19/504
f 471/557/505 480/18/505 481/21/505
f 465/543/506 464/541/506 477/19/506
f 472/542/507 481/21/507 482/25/507
f 466/545/719 465/543/719 3/24/719
f 466/545/720 4/28/720 5/32/720
f 460/550/721 459/547/721 474/1/721
f 513/560/513 486/589/513 485/561/513
f 499/563/514 490/623/514 489/564/514
f 524/566/515 488/595/515 487/567/515
f 496/569/516 484/1235/516 483/570/516
f 530/572/722 532/568/722 487/567/722
f 528/574/518 537/652/518 535/575/518
f 525/577/519 494/593/519 502/578/519
f 526/580/520 493/599/520 498/581/520
f 502/583/521 494/594/521 493/584/521
f 497/586/522 492/600/522 491/587/522
f 486/589/523 497/586/523 495/588/523
f 527/582/723 498/581/723 483/590/723
f 525/577/519 528/636/519 496/592/519
f 494/594/521 496/569/521 498/571/521
f 488/595/525 502/583/525 500/585/525
f 488/596/526 524/642/526 533/597/526
f 526/580/520 530/572/520 500/573/520
f 492/600/522 499/563/522 501/565/522
f 522/601/527 512/618/527 508/602/527
f 516/604/528 521/614/528 511/605/528
f 520/607/529 510/616/529 507/608/529
f 515/610/530 519/613/530 509/611/530
f 518/603/527 508/602/527 509/611/527
f 517/609/529 507/608/529 511/605/529
f 513/615/531 504/1236/531 510/616/531
f 514/617/532 505/619/532 512/618/532
f 516/604/533 506/606/533 505/619/533
f 531/620/534 504/632/534 503/621/534
f 490/623/535 516/604/535 514/617/535
f 489/564/724 514/617/724 522/601/724
f 486/625/725 513/615/725 520/607/725
f 499/627/538 492/630/538 517/609/538
f 495/628/539 491/631/539 518/603/539
f 485/629/726 495/628/726 519/613/726
f 497/626/538 520/607/538 517/609/538
f 490/623/727 499/627/727 521/614/727
f 501/624/539 522/601/539 518/603/539
f 504/632/534 513/560/534 515/562/534
f 484/633/542 531/620/542 523/622/542
f 508/602/527 512/618/527 530/572/527
f 511/605/528 529/579/528 524/566/528
f 510/616/529 528/636/529 525/577/529
f 509/611/530 527/582/530 523/591/530
f 508/602/527 526/580/527 527/582/527
f 507/608/529 525/577/529 529/579/529
f 510/616/531 504/1236/531 531/635/531
f 512/618/532 505/619/532 532/568/532
f 506/606/533 524/566/533 532/568/533
f 538/637/543 546/1237/543 547/638/543
f 539/639/544 547/638/544 541/640/544
f 529/641/545 539/639/545 533/597/545
f 529/641/546 502/1238/546 538/637/546
f 496/643/547 535/1239/547 536/644/547
f 502/646/548 488/596/548 534/598/548
f 484/648/549 536/658/549 540/649/549
f 528/574/550 531/1240/550 540/651/550
f 545/653/728 548/657/728 544/654/728
f 547/638/729 546/1237/729 542/656/729
f 535/575/553 537/652/553 545/653/553
f 534/598/554 533/597/554 541/640/554
f 537/652/555 540/651/555 548/657/555
f 536/658/556 544/1241/556 548/659/556
f 538/647/557 534/598/557 542/656/557
f 535/661/558 543/1242/558 544/662/558
f 1022/664/1 555/693/1 556/665/1
f 1026/667/2 553/695/2 563/668/2
f 549/670/3 1023/666/3 556/665/3
f 1026/667/4 564/669/4 565/672/4
f 1024/674/5 549/670/5 557/671/5
f 1027/676/6 554/673/6 565/672/6
f 1024/674/7 558/675/7 559/678/7
f 1027/676/8 566/677/8 567/680/8
f 1025/682/9 550/679/9 559/678/9
f 1028/681/10 567/680/10 568/684/10
f 1025/682/11 560/683/11 561/686/11
f 1029/685/560 568/684/560 569/688/560
f 552/690/13 551/687/13 561/686/13
f 552/690/16 562/691/16 563/668/16
f 562/691/668 577/712/668 578/700/668
f 555/693/20 570/697/20 571/701/20
f 563/668/21 578/700/21 579/702/21
f 556/665/22 571/701/22 572/703/22
f 565/672/23 564/669/23 579/702/23
f 558/675/24 557/671/24 572/703/24
f 566/677/25 565/672/25 580/704/25
f 558/675/26 573/705/26 574/707/26
f 566/677/27 581/706/27 582/708/27
f 559/678/28 574/707/28 575/709/28
f 567/680/568 582/708/568 583/710/568
f 560/683/30 575/709/30 576/711/30
f 569/688/669 568/684/669 583/710/669
f 562/691/670 561/686/670 576/711/670
f 573/705/33 588/728/33 589/713/33
f 581/706/34 596/729/34 597/714/34
f 574/707/35 589/713/35 590/715/35
f 582/708/36 597/714/36 598/716/36
f 576/711/37 575/709/37 590/715/37
f 583/710/730 598/716/730 599/718/730
f 577/712/731 576/711/731 591/717/731
f 578/700/42 577/712/42 592/719/42
f 571/701/43 570/697/43 585/721/43
f 578/700/44 593/723/44 594/725/44
f 572/703/45 571/701/45 586/724/45
f 579/702/46 594/725/46 595/727/46
f 573/705/47 572/703/47 587/726/47
f 580/704/48 595/727/48 596/729/48
f 592/719/570 607/744/570 608/730/570
f 586/724/50 585/721/50 600/731/50
f 594/725/51 593/723/51 608/730/51
f 587/726/52 586/724/52 601/732/52
f 594/725/53 609/733/53 610/735/53
f 587/726/54 602/734/54 603/736/54
f 596/729/55 595/727/55 610/735/55
f 588/728/56 603/736/56 604/738/56
f 597/714/57 596/729/57 611/737/57
f 589/713/58 604/738/58 605/740/58
f 597/714/59 612/739/59 613/741/59
f 590/715/60 605/740/60 606/742/60
f 598/716/672 613/741/672 614/743/672
f 592/719/573 591/717/573 606/742/573
f 611/737/65 626/763/65 627/747/65
f 605/740/66 604/738/66 619/748/66
f 612/739/67 627/747/67 628/750/67
f 605/740/68 620/749/68 621/751/68
f 614/743/732 613/741/732 628/750/732
f 606/742/576 621/751/576 622/753/576
f 607/744/73 622/753/73 623/757/73
f 600/731/577 615/755/577 616/758/577
f 608/730/75 623/757/75 624/759/75
f 601/732/76 616/758/76 617/760/76
f 610/735/77 609/733/77 624/759/77
f 603/736/78 602/734/78 617/760/78
f 610/735/79 625/761/79 626/763/79
f 603/736/80 618/762/80 619/748/80
f 616/758/675 615/755/675 631/764/675
f 624/759/82 623/757/82 639/766/82
f 616/758/83 632/765/83 633/768/83
f 624/759/579 640/767/579 641/769/579
f 617/760/85 633/768/85 634/770/85
f 625/761/86 641/769/86 642/771/86
f 619/748/87 618/762/87 634/770/87
f 627/747/88 626/763/88 642/771/88
f 620/749/89 619/748/89 635/772/89
f 627/747/90 643/773/90 644/775/90
f 620/749/677 636/774/677 637/776/677
f 628/750/678 644/775/678 645/777/678
f 622/753/580 621/751/580 637/776/580
f 622/753/581 638/778/581 639/766/581
f 635/772/733 650/796/733 651/781/733
f 643/773/679 658/797/679 659/782/679
f 637/776/99 636/774/99 651/781/99
f 645/777/734 644/775/734 659/782/734
f 637/776/101 652/783/101 653/785/101
f 639/766/104 638/778/104 653/785/104
f 631/764/680 646/787/680 647/790/680
f 640/767/106 639/766/106 654/789/106
f 633/768/107 632/765/107 647/790/107
f 641/769/108 640/767/108 655/791/108
f 634/770/109 633/768/109 648/792/109
f 642/771/110 641/769/110 656/793/110
f 634/770/111 649/794/111 650/796/111
f 642/771/112 657/795/112 658/797/112
f 654/789/113 669/814/113 670/798/113
f 648/792/114 647/790/114 662/799/114
f 655/791/115 670/798/115 671/801/115
f 649/794/116 648/792/116 663/800/116
f 656/793/117 671/801/117 672/803/117
f 649/794/118 664/802/118 665/804/118
f 657/795/119 672/803/119 673/805/119
f 650/796/120 665/804/120 666/806/120
f 658/797/121 673/805/121 674/807/121
f 652/783/122 651/781/122 666/806/122
f 659/782/123 674/807/123 675/809/123
f 652/783/681 667/808/681 668/810/681
f 653/785/127 668/810/127 669/814/127
f 647/790/128 646/787/128 661/812/128
f 674/807/129 673/805/129 688/815/129
f 666/806/130 681/831/130 682/817/130
f 675/809/682 674/807/682 689/816/682
f 667/808/735 682/817/735 683/819/735
f 668/810/736 683/819/736 684/823/736
f 661/812/737 676/821/737 677/824/737
f 669/814/137 684/823/137 685/825/137
f 662/799/138 677/824/138 678/826/138
f 671/801/139 670/798/139 685/825/139
f 664/802/140 663/800/140 678/826/140
f 672/803/141 671/801/141 686/827/141
f 664/802/142 679/828/142 680/830/142
f 673/805/143 672/803/143 687/829/143
f 665/804/144 680/830/144 681/831/144
f 686/827/145 685/825/145 700/832/145
f 678/826/146 693/848/146 694/834/146
f 687/829/147 686/827/147 701/833/147
f 680/830/148 679/828/148 694/834/148
f 688/815/149 687/829/149 702/835/149
f 680/830/150 695/836/150 696/838/150
f 689/816/151 688/815/151 703/837/151
f 681/831/152 696/838/152 697/840/152
f 690/818/683 689/816/683 704/839/683
f 682/817/154 697/840/154 698/842/154
f 683/819/157 698/842/157 699/846/157
f 676/821/738 691/844/738 692/847/738
f 684/823/159 699/846/159 700/832/159
f 677/824/160 692/847/160 693/848/160
f 704/839/161 719/864/161 720/849/161
f 697/840/684 712/865/684 713/850/684
f 698/842/165 713/850/165 714/854/165
f 692/847/685 691/844/685 706/852/685
f 699/846/167 714/854/167 715/856/167
f 693/848/168 692/847/168 707/855/168
f 701/833/169 700/832/169 715/856/169
f 694/834/170 693/848/170 708/857/170
f 701/833/171 716/858/171 717/860/171
f 695/836/172 694/834/172 709/859/172
f 702/835/173 717/860/173 718/862/173
f 695/836/174 710/861/174 711/863/174
f 703/837/175 718/862/175 719/864/175
f 697/840/176 696/838/176 711/863/176
f 708/857/177 723/881/177 724/866/177
f 716/858/178 731/882/178 732/867/178
f 710/861/179 709/859/179 724/866/179
f 718/862/180 717/860/180 732/867/180
f 710/861/181 725/868/181 726/870/181
f 718/862/739 733/869/739 734/871/739
f 712/865/183 711/863/183 726/870/183
f 719/864/184 734/871/184 735/873/184
f 712/865/185 727/872/185 728/874/185
f 714/854/740 713/850/740 728/874/740
f 707/855/189 706/852/189 721/876/189
f 714/854/190 729/878/190 730/880/190
f 707/855/741 722/879/741 723/881/741
f 716/858/192 715/856/192 730/880/192
f 728/874/601 727/872/601 742/883/601
f 728/874/602 743/884/602 744/889/602
f 721/876/197 736/886/197 737/890/197
f 730/880/686 729/878/686 744/889/686
f 722/879/199 737/890/199 738/892/199
f 730/880/200 745/891/200 746/893/200
f 723/881/687 738/892/687 739/894/687
f 732/867/202 731/882/202 746/893/202
f 724/866/203 739/894/203 740/896/203
f 733/869/204 732/867/204 747/895/204
f 726/870/205 725/868/205 740/896/205
f 734/871/206 733/869/206 748/897/206
f 726/870/742 741/898/742 742/883/742
f 735/873/208 734/871/208 749/899/208
f 747/895/209 746/893/209 761/900/209
f 739/894/210 754/916/210 755/902/210
f 747/895/211 762/901/211 763/903/211
f 741/898/212 740/896/212 755/902/212
f 748/897/213 763/903/213 764/905/213
f 741/898/214 756/904/214 757/906/214
f 750/888/607 749/899/607 764/905/607
f 743/884/216 742/883/216 757/906/216
f 743/884/219 758/908/219 759/912/219
f 736/886/611 751/910/611 752/913/611
f 744/889/221 759/912/221 760/914/221
f 738/892/222 737/890/222 752/913/222
f 745/891/223 760/914/223 761/900/223
f 738/892/224 753/915/224 754/916/224
f 759/912/227 758/908/227 773/921/227
f 752/913/743 751/910/743 766/918/743
f 759/912/229 774/922/229 775/924/229
f 752/913/230 767/923/230 768/925/230
f 760/914/689 775/924/689 776/926/689
f 754/916/232 753/915/232 768/925/232
f 761/900/233 776/926/233 777/928/233
f 755/902/234 754/916/234 769/927/234
f 763/903/235 762/901/235 777/928/235
f 755/902/236 770/929/236 771/931/236
f 764/905/237 763/903/237 778/930/237
f 756/904/238 771/931/238 772/933/238
f 765/907/744 764/905/744 779/932/744
f 757/906/745 772/933/745 773/921/745
f 770/929/241 769/927/241 784/934/241
f 778/930/242 777/928/242 792/936/242
f 770/929/243 785/935/243 786/938/243
f 778/930/244 793/937/244 794/939/244
f 771/931/245 786/938/245 787/940/245
f 780/920/246 779/932/246 794/939/246
f 772/933/617 787/940/617 788/942/617
f 774/922/619 773/921/619 788/942/619
f 766/918/251 781/944/251 782/947/251
f 775/924/252 774/922/252 789/946/252
f 768/925/253 767/923/253 782/947/253
f 775/924/254 790/948/254 791/950/254
f 769/927/255 768/925/255 783/949/255
f 776/926/256 791/950/256 792/936/256
f 788/942/746 803/964/746 804/951/746
f 781/944/747 796/966/747 797/952/747
f 790/948/259 789/946/259 804/951/259
f 782/947/260 797/952/260 798/954/260
f 791/950/261 790/948/261 805/953/261
f 783/949/262 798/954/262 799/956/262
f 791/950/263 806/955/263 807/957/263
f 785/935/264 784/934/264 799/956/264
f 792/936/265 807/957/265 808/959/265
f 785/935/266 800/958/266 801/960/266
f 793/937/267 808/959/267 809/961/267
f 786/938/268 801/960/268 802/962/268
f 795/941/748 794/939/748 809/961/748
f 788/942/270 787/940/270 802/962/270
f 807/957/273 822/983/273 823/968/273
f 800/958/274 815/984/274 816/969/274
f 808/959/622 823/968/622 824/970/622
f 802/962/276 801/960/276 816/969/276
f 810/963/691 809/961/691 824/970/691
f 803/964/278 802/962/278 817/971/278
f 803/964/749 818/973/749 819/977/749
f 796/966/282 811/975/282 812/978/282
f 804/951/283 819/977/283 820/979/283
f 798/954/750 797/952/750 812/978/750
f 806/955/285 805/953/285 820/979/285
f 799/956/286 798/954/286 813/980/286
f 807/957/287 806/955/287 821/981/287
f 799/956/288 814/982/288 815/984/288
f 819/977/289 834/1001/289 835/985/289
f 813/980/290 812/978/290 827/986/290
f 821/981/291 820/979/291 835/985/291
f 813/980/292 828/987/292 829/989/292
f 821/981/293 836/988/293 837/990/293
f 814/982/294 829/989/294 830/991/294
f 823/968/295 822/983/295 837/990/295
f 815/984/296 830/991/296 831/993/296
f 823/968/297 838/992/297 839/994/297
f 817/971/298 816/969/298 831/993/298
f 824/970/299 839/994/299 840/996/299
f 818/973/300 817/971/300 832/995/300
f 818/973/303 833/997/303 834/1001/303
f 812/978/751 811/975/751 826/999/751
f 838/992/305 853/1017/305 854/1002/305
f 831/993/306 846/1018/306 847/1003/306
f 840/996/694 839/994/694 854/1002/694
f 832/995/628 847/1003/628 848/1005/628
f 833/997/311 848/1005/311 849/1009/311
f 826/999/312 841/1007/312 842/1010/312
f 835/985/313 834/1001/313 849/1009/313
f 828/987/314 827/986/314 842/1010/314
f 836/988/315 835/985/315 850/1011/315
f 828/987/316 843/1012/316 844/1014/316
f 837/990/317 836/988/317 851/1013/317
f 829/989/318 844/1014/318 845/1016/318
f 838/992/319 837/990/319 852/1015/319
f 830/991/320 845/1016/320 846/1018/320
f 842/1010/321 858/1034/321 859/1019/321
f 850/1011/322 866/1035/322 867/1020/322
f 843/1012/323 859/1019/323 860/1021/323
f 851/1013/324 867/1020/324 868/1022/324
f 845/1016/325 844/1014/325 860/1021/325
f 853/1017/326 852/1015/326 868/1022/326
f 845/1016/327 861/1023/327 862/1025/327
f 853/1017/328 869/1024/328 870/1026/328
f 846/1018/329 862/1025/329 863/1027/329
f 854/1002/697 870/1026/697 871/1028/697
f 847/1003/633 863/1027/633 864/1029/633
f 848/1005/698 864/1029/698 865/1033/698
f 841/1007/752 857/1031/752 858/1034/752
f 849/1009/336 865/1033/336 866/1035/336
f 862/1025/753 877/1052/753 878/1036/753
f 871/1028/338 870/1026/338 885/1037/338
f 863/1027/339 878/1036/339 879/1039/339
f 864/1029/342 879/1039/342 880/1043/342
f 857/1031/343 872/1041/343 873/1044/343
f 866/1035/701 865/1033/701 880/1043/701
f 859/1019/345 858/1034/345 873/1044/345
f 867/1020/346 866/1035/346 881/1045/346
f 859/1019/347 874/1046/347 875/1048/347
f 867/1020/348 882/1047/348 883/1049/348
f 860/1021/349 875/1048/349 876/1050/349
f 869/1024/350 868/1022/350 883/1049/350
f 861/1023/351 876/1050/351 877/1052/351
f 869/1024/352 884/1051/352 885/1037/352
f 882/1047/353 881/1045/353 896/1053/353
f 874/1046/354 889/1069/354 890/1055/354
f 882/1047/355 897/1054/355 898/1056/355
f 876/1050/356 875/1048/356 890/1055/356
f 884/1051/357 883/1049/357 898/1056/357
f 877/1052/358 876/1050/358 891/1057/358
f 884/1051/637 899/1058/637 900/1060/637
f 878/1036/360 877/1052/360 892/1059/360
f 886/1038/361 885/1037/361 900/1060/361
f 878/1036/362 893/1061/362 894/1063/362
f 879/1039/365 894/1063/365 895/1067/365
f 872/1041/366 887/1065/366 888/1068/366
f 880/1043/367 895/1067/367 896/1053/367
f 874/1046/639 873/1044/639 888/1068/639
f 900/1060/705 915/1086/705 916/1070/705
f 894/1063/370 893/1061/370 908/1071/370
f 895/1067/373 894/1063/373 909/1072/373
f 888/1068/706 887/1065/706 902/1074/706
f 895/1067/375 910/1076/375 911/1078/375
f 888/1068/376 903/1077/376 904/1079/376
f 896/1053/377 911/1078/377 912/1080/377
f 890/1055/378 889/1069/378 904/1079/378
f 897/1054/379 912/1080/379 913/1082/379
f 891/1057/380 890/1055/380 905/1081/380
f 898/1056/381 913/1082/381 914/1084/381
f 891/1057/382 906/1083/382 907/1085/382
f 900/1060/383 899/1058/383 914/1084/383
f 893/1061/384 892/1059/384 907/1085/384
f 904/1087/385 919/1117/385 920/1088/385
f 912/1090/386 927/1118/386 928/1091/386
f 905/1089/387 920/1088/387 921/1093/387
f 914/1095/388 913/1092/388 928/1091/388
f 906/1094/389 921/1093/389 922/1097/389
f 914/1095/390 929/1096/390 930/1099/390
f 908/1101/391 907/1098/391 922/1097/391
f 915/1100/707 930/1099/707 931/1103/707
f 908/1101/393 923/1102/393 924/1105/393
f 909/1106/396 924/1105/396 925/1111/396
f 903/1113/708 902/1107/708 917/1109/708
f 910/1112/398 925/1111/398 926/1115/398
f 904/1087/399 903/1113/399 918/1114/399
f 912/1090/400 911/1116/400 926/1115/400
f 924/1105/401 923/1102/401 938/1119/401
f 924/1105/404 939/1120/404 940/1125/404
f 917/1109/754 932/1122/754 933/1126/754
f 925/1111/406 940/1125/406 941/1127/406
f 918/1114/755 933/1126/755 934/1128/755
f 927/1118/408 926/1115/408 941/1127/408
f 919/1117/409 934/1128/409 935/1130/409
f 927/1118/410 942/1129/410 943/1131/410
f 920/1088/411 935/1130/411 936/1132/411
f 929/1096/412 928/1091/412 943/1131/412
f 921/1093/413 936/1132/413 937/1134/413
f 930/1099/414 929/1096/414 944/1133/414
f 923/1102/415 922/1097/415 937/1134/415
f 931/1103/416 930/1099/416 945/1135/416
f 942/1129/417 957/1152/417 958/1136/417
f 936/1132/418 935/1130/418 950/1137/418
f 943/1131/419 958/1136/419 959/1139/419
f 937/1134/420 936/1132/420 951/1138/420
f 944/1133/421 959/1139/421 960/1141/421
f 937/1134/422 952/1140/422 953/1142/422
f 945/1135/651 960/1141/651 961/1143/651
f 939/1120/424 938/1119/424 953/1142/424
f 939/1120/427 954/1144/427 955/1148/427
f 933/1126/428 932/1122/428 947/1146/428
f 941/1127/429 940/1125/429 955/1148/429
f 934/1128/430 933/1126/430 948/1149/430
f 941/1127/431 956/1150/431 957/1152/431
f 935/1130/432 934/1128/432 949/1151/432
f 955/1148/756 954/1144/756 969/1155/756
f 947/1146/711 962/1169/711 963/1157/711
f 955/1148/436 970/1156/436 971/1158/436
f 948/1149/437 963/1157/437 964/1159/437
f 956/1150/438 971/1158/438 972/1160/438
f 950/1137/439 949/1151/439 964/1159/439
f 957/1152/440 972/1160/440 973/1162/440
f 951/1138/757 950/1137/757 965/1161/757
f 958/1136/442 973/1162/442 974/1164/442
f 951/1138/443 966/1163/443 967/1165/443
f 960/1141/444 959/1139/444 974/1164/444
f 952/1140/445 967/1165/445 968/1167/445
f 961/1143/446 960/1141/446 975/1166/446
f 953/1142/447 968/1167/447 969/1155/447
f 973/1162/713 988/1186/713 989/1170/713
f 967/1165/450 966/1163/450 981/1171/450
f 975/1166/451 974/1164/451 989/1170/451
f 968/1167/452 967/1165/452 982/1172/452
f 976/1154/453 975/1166/453 990/1173/453
f 968/1167/758 983/1174/758 984/1176/758
f 970/1156/457 969/1155/457 984/1176/457
f 963/1157/458 962/1169/458 977/1178/458
f 970/1156/459 985/1180/459 986/1182/459
f 964/1159/460 963/1157/460 978/1181/460
f 972/1160/461 971/1158/461 986/1182/461
f 965/1161/462 964/1159/462 979/1183/462
f 972/1160/463 987/1184/463 988/1186/463
f 965/1161/464 980/1185/464 981/1171/464
f 977/1178/759 992/1201/759 993/1187/759
f 985/1180/466 1000/1203/466 1001/1188/466
f 978/1181/467 993/1187/467 994/1189/467
f 986/1182/468 1001/1188/468 1002/1190/468
f 979/1183/469 994/1189/469 995/1191/469
f 988/1186/470 987/1184/470 1002/1190/470
f 980/1185/471 995/1191/471 996/1193/471
f 989/1170/472 988/1186/472 1003/1192/472
f 982/1172/473 981/1171/473 996/1193/473
f 990/1173/474 989/1170/474 1004/1194/474
f 983/1174/475 982/1172/475 997/1195/475
f 991/1175/476 990/1173/476 1005/1196/476
f 983/1174/760 998/1197/760 999/1199/760
f 985/1180/480 984/1176/480 999/1199/480
f 997/1195/481 996/1193/481 1011/1204/481
f 1004/1194/482 1019/1220/482 1020/1206/482
f 997/1195/483 1012/1205/483 1013/1207/483
f 1005/1196/484 1020/1206/484 1021/1208/484
f 998/1197/485 1013/1207/485 1014/1209/485
f 999/1199/488 1014/1209/488 1015/1213/488
f 993/1187/665 992/1201/665 1007/1211/665
f 1001/1188/490 1000/1203/490 1015/1213/490
f 994/1189/761 993/1187/761 1008/1214/761
f 1001/1188/492 1016/1215/492 1017/1217/492
f 995/1191/493 994/1189/493 1009/1216/493
f 1003/1192/494 1002/1190/494 1017/1217/494
f 995/1191/495 1010/1218/495 1011/1204/495
f 1003/1192/496 1018/1219/496 1019/1220/496
f 1016/1215/497 1015/1213/497 553/695/497
f 1009/1216/498 1008/1214/498 1023/666/498
f 1016/1215/499 1026/667/499 554/673/499
f 1009/1216/500 549/670/500 1024/674/500
f 1017/1217/501 554/673/501 1027/676/501
f 1011/1204/502 1010/1218/502 1024/674/502
f 1018/1219/503 1027/676/503 1028/681/503
f 1012/1205/504 1011/1204/504 550/679/504
f 1019/1220/505 1028/681/505 1029/685/505
f 1012/1205/506 1025/682/506 551/687/506
f 1021/1208/507 1020/1206/507 1029/685/507
f 1014/1209/719 1013/1207/719 551/687/719
f 1014/1209/720 552/690/720 553/695/720
f 1008/1214/721 1007/1211/721 1022/664/721
f 1032/1223/534 1034/1226/534 1033/1224/534
f 1034/1226/522 1038/1228/522 1037/1227/522
f 1038/1228/533 1036/1230/533 1035/1229/533
f 1036/1230/521 1032/1243/521 1031/1231/521
f 1037/1227/527 1035/1229/527 1031/1232/527
f 1038/1228/529 1034/1244/529 1032/1234/529
